,,,,,,,,,,,,,,,,,,,,,,
,,,,,,,,,,,,,,,,,,,,,,
,,,,,,,,,,,,,,,,,,,,,,
Date,Ad Name,Date première diffusion,Date dernière diffusion,Durée (jour),SUM de Impr,SUM de Cost,SUM de Clic,Signup,Total 2-sec views,Total Install,Total Signup,,,,,,,,,,,
2026-01-01,_001,25/01,03/04,93,430 362,490,1 550,162,75 675,92,"70,0 €",,,,,,,,,,✅,Carrousel iPhone
2026-01-01,SHORT_THEORY_9-16_tableau_CuJ9zrIW.mp4,01/01,16/02,47,110 816,245,341,88,12 366,57,"31,0 €",,,,,,,,,,✅,Quai Metro
2026-01-01,Alors c’est vraiment pas seulement pour la #collab j’attends mes résultats et je vous laisserai savoir dès que je les ai haha,01/01,15/04,105,231 367,196,732,98,53 103,71,"27,0 €",,,,,,,,,,✅,v2 : Ecran de Metro
2026-01-01,#CapCut,01/01,16/02,47,121 909,138,408,56,19 098,33,"23,0 €",,,,,,,,,,✅,Short Maman Joie
2026-01-01,Scop_RS_916_POVCAM_SI ÇA TE SAOULE DE RÉVISER TON CODE.mp4,01/01,16/02,47,30 251,59,79,3,2 365,2,"1,0 €",,,,,,,,,,,
2026-01-01,Scop_RS_916_POVCAM_PASSE TON CODE RAPIDEMENT.mp4,01/01,16/02,47,33 809,40,60,10,1 566,7,"3,0 €",,,,,,,,,,,
2026-01-01,chasr-rs-video-9-16-code-vanina-LiveTikTok-hook1_YteVF9Qo.mp4,01/01,16/02,47,23 822,35,68,19,3 027,10,"9,0 €",,,,,,,,,,,
2026-01-01,SHORT_THEORY_9-16_secret_5sfznyC2.mp4,01/01,16/02,47,11 420,18,38,3,1 912,1,"2,0 €",,,,,,,,,,,
2026-01-01,SHORT_THEORY_9-16_micro_oDVuNxkU.mp4,01/01,02/03,61,8 784,16,33,7,2 243,4,"3,0 €",,,,,,,,,,,
2026-01-01,SHORT_THEORY_9-16_Maman_ef0C1Dxh.mp4,01/01,01/04,91,8 425,15,36,2,2 575,2,"0,0 €",,,,,,,,,,,
2026-01-01,TTCX_175795110111_snaptik_7543559839289462038_v2.mp4,01/01,05/01,5,1 739,2,5,1,264,1,"0,0 €",,,,,,,,,,,
2026-01-01,TTCX_17579511016_snaptik_7541025327053622550_v2.mp4,01/01,05/01,5,586,2,0,1,58,1,"0,0 €",,,,,,,,,,,
2026-01-01,RS_Theory_Rebrand_LaDevinette.mp4,01/01,05/01,5,539,1,1,0,35,0,"0,0 €",,,,,,,,,,,
2026-01-01,RS_Theory_Rebrand_LePremierCoup.mp4,01/01,05/01,5,119,0,0,0,10,0,"0,0 €",,,,,,,,,,,
2026-01-01,TTCX_17579511015_snaptik_7542516443372440854_v2.mp4,01/01,05/01,5,33,0,0,0,6,0,"0,0 €",,,,,,,,,,,
2026-01-01,chasr-rs-video-9-16-conduite-leia-storytime-hook2.mp4,01/01,13/05,133,71,0,0,4,15,1,"3,0 €",,,,,,,,,,,
2026-01-01,chasr-rs-video-9-16-conduiteCPF-dorian-VraieQuestion-hook3.mp4,01/01,20/02,51,26,0,0,0,4,0,"0,0 €",,,,,,,,,,,
2026-01-01,chasr-rs-video-9-16-conduiteCPF-dorian-ReponseArticle-hook2.mp4,01/01,20/02,51,19,0,0,1,4,0,"1,0 €",,,,,,,,,,,
2026-01-02,_001,19/01,03/04,93,426 971,511,1 539,194,71 559,122,"72,0 €",,,,,,,,,,,
2026-01-02,Alors c’est vraiment pas seulement pour la #collab j’attends mes résultats et je vous laisserai savoir dès que je les ai haha,01/01,15/04,105,235 061,211,731,152,48 920,99,"53,0 €",,,,,,,,,,,
2026-01-02,SHORT_THEORY_9-16_tableau_CuJ9zrIW.mp4,01/01,16/02,47,97 980,206,266,72,9 574,46,"26,0 €",,,,,,,,,,,
2026-01-02,#CapCut,01/01,16/02,47,146 262,158,461,64,21 812,41,"23,0 €",,,,,,,,,,,
2026-01-02,chasr-rs-video-9-16-code-vanina-LiveTikTok-hook1_YteVF9Qo.mp4,01/01,16/02,47,36 223,49,111,14,3 838,7,"7,0 €",,,,,,,,,,,
2026-01-02,Scop_RS_916_POVCAM_PASSE TON CODE RAPIDEMENT.mp4,01/01,16/02,47,38 071,46,87,13,1 906,7,"6,0 €",,,,,,,,,,,
2026-01-02,Scop_RS_916_POVCAM_SI ÇA TE SAOULE DE RÉVISER TON CODE.mp4,01/01,16/02,47,25 370,45,70,22,1 599,13,"9,0 €",,,,,,,,,,,
2026-01-02,SHORT_THEORY_9-16_secret_5sfznyC2.mp4,01/01,16/02,47,17 327,29,82,4,2 770,3,"1,0 €",,,,,,,,,,,
2026-01-02,SHORT_THEORY_9-16_micro_oDVuNxkU.mp4,01/01,02/03,61,15 109,25,58,8,3 548,6,"2,0 €",,,,,,,,,,,
2026-01-02,SHORT_THEORY_9-16_Maman_ef0C1Dxh.mp4,01/01,01/04,91,6 881,12,26,4,1 950,2,"2,0 €",,,,,,,,,,,
2026-01-02,TTCX_17579511016_snaptik_7541025327053622550_v2.mp4,01/01,05/01,5,751,2,1,1,88,1,"0,0 €",,,,,,,,,,,
2026-01-02,TTCX_175795110111_snaptik_7543559839289462038_v2.mp4,01/01,05/01,5,1 248,2,0,0,170,0,"0,0 €",,,,,,,,,,,
2026-01-02,RS_Theory_Rebrand_LaDevinette.mp4,01/01,05/01,5,316,1,0,0,25,0,"0,0 €",,,,,,,,,,,
2026-01-02,TTCX_17579511015_snaptik_7542516443372440854_v2.mp4,01/01,05/01,5,63,0,1,0,7,0,"0,0 €",,,,,,,,,,,
2026-01-02,RS_Theory_Rebrand_LePremierCoup.mp4,01/01,05/01,5,55,0,0,0,6,0,"0,0 €",,,,,,,,,,,
2026-01-03,_001,19/01,03/04,93,499 411,585,1 766,263,87 336,157,"106,0 €",,,,,,,,,,,
2026-01-03,Alors c’est vraiment pas seulement pour la #collab j’attends mes résultats et je vous laisserai savoir dès que je les ai haha,01/01,15/04,105,318 798,250,980,145,67 115,93,"52,0 €",,,,,,,,,,,
2026-01-03,SHORT_THEORY_9-16_tableau_CuJ9zrIW.mp4,01/01,16/02,47,112 968,158,344,88,11 955,53,"35,0 €",,,,,,,,,,,
2026-01-03,#CapCut,01/01,16/02,47,155 579,154,476,56,24 606,33,"23,0 €",,,,,,,,,,,
2026-01-03,chasr-rs-video-9-16-code-vanina-LiveTikTok-hook1_YteVF9Qo.mp4,01/01,16/02,47,50 903,64,185,37,5 288,23,"14,0 €",,,,,,,,,,,
2026-01-03,Scop_RS_916_POVCAM_SI ÇA TE SAOULE DE RÉVISER TON CODE.mp4,01/01,16/02,47,27 126,37,59,6,2 303,2,"4,0 €",,,,,,,,,,,
2026-01-03,Scop_RS_916_POVCAM_PASSE TON CODE RAPIDEMENT.mp4,01/01,16/02,47,17 009,21,34,13,882,7,"6,0 €",,,,,,,,,,,
2026-01-03,SHORT_THEORY_9-16_secret_5sfznyC2.mp4,01/01,16/02,47,11 870,19,50,2,2 017,1,"1,0 €",,,,,,,,,,,
2026-01-03,SHORT_THEORY_9-16_micro_oDVuNxkU.mp4,01/01,02/03,61,10 372,18,45,5,2 504,3,"2,0 €",,,,,,,,,,,
2026-01-03,SHORT_THEORY_9-16_Maman_ef0C1Dxh.mp4,01/01,01/04,91,6 771,11,24,11,1 835,6,"5,0 €",,,,,,,,,,,
2026-01-03,TTCX_175795110111_snaptik_7543559839289462038_v2.mp4,01/01,05/01,5,861,1,2,2,124,1,"1,0 €",,,,,,,,,,,
2026-01-03,TTCX_17579511016_snaptik_7541025327053622550_v2.mp4,01/01,05/01,5,239,1,0,0,21,0,"0,0 €",,,,,,,,,,,
2026-01-03,RS_Theory_Rebrand_LaDevinette.mp4,01/01,05/01,5,213,0,0,0,7,0,"0,0 €",,,,,,,,,,,
2026-01-03,TTCX_17579511015_snaptik_7542516443372440854_v2.mp4,01/01,05/01,5,39,0,0,0,7,0,"0,0 €",,,,,,,,,,,
2026-01-03,RS_Theory_Rebrand_LePremierCoup.mp4,01/01,05/01,5,47,0,0,0,8,0,"0,0 €",,,,,,,,,,,
2026-01-04,_001,19/01,03/04,93,517 857,549,1 709,257,89 088,153,"104,0 €",,,,,,,,,,,
2026-01-04,Alors c’est vraiment pas seulement pour la #collab j’attends mes résultats et je vous laisserai savoir dès que je les ai haha,01/01,15/04,105,300 279,257,961,207,63 176,135,"72,0 €",,,,,,,,,,,
2026-01-04,#CapCut,01/01,16/02,47,157 125,171,532,83,24 560,53,"30,0 €",,,,,,,,,,,
2026-01-04,SHORT_THEORY_9-16_tableau_CuJ9zrIW.mp4,01/01,16/02,47,131 255,167,382,103,12 662,64,"39,0 €",,,,,,,,,,,
2026-01-04,chasr-rs-video-9-16-code-vanina-LiveTikTok-hook1_YteVF9Qo.mp4,01/01,16/02,47,75 325,83,262,45,7 171,26,"19,0 €",,,,,,,,,,,
2026-01-04,Scop_RS_916_POVCAM_SI ÇA TE SAOULE DE RÉVISER TON CODE.mp4,01/01,16/02,47,42 248,44,115,18,2 503,11,"7,0 €",,,,,,,,,,,
2026-01-04,SHORT_THEORY_9-16_secret_5sfznyC2.mp4,01/01,16/02,47,20 905,26,68,10,2 885,5,"5,0 €",,,,,,,,,,,
2026-01-04,SHORT_THEORY_9-16_micro_oDVuNxkU.mp4,01/01,02/03,61,13 313,22,55,15,3 006,8,"7,0 €",,,,,,,,,,,
2026-01-04,Scop_RS_916_POVCAM_PASSE TON CODE RAPIDEMENT.mp4,01/01,16/02,47,21 890,21,54,9,935,5,"4,0 €",,,,,,,,,,,
2026-01-04,SHORT_THEORY_9-16_Maman_ef0C1Dxh.mp4,01/01,01/04,91,5 874,10,15,5,1 631,2,"3,0 €",,,,,,,,,,,
2026-01-04,TTCX_175795110111_snaptik_7543559839289462038_v2.mp4,01/01,05/01,5,2 082,2,2,2,236,1,"1,0 €",,,,,,,,,,,
2026-01-04,TTCX_17579511016_snaptik_7541025327053622550_v2.mp4,01/01,05/01,5,274,1,0,0,19,0,"0,0 €",,,,,,,,,,,
2026-01-04,RS_Theory_Rebrand_LaDevinette.mp4,01/01,05/01,5,246,0,0,0,15,0,"0,0 €",,,,,,,,,,,
2026-01-04,TTCX_17579511015_snaptik_7542516443372440854_v2.mp4,01/01,05/01,5,60,0,0,0,9,0,"0,0 €",,,,,,,,,,,
2026-01-04,RS_Theory_Rebrand_LePremierCoup.mp4,01/01,05/01,5,36,0,0,0,2,0,"0,0 €",,,,,,,,,,,
2026-01-05,#CapCut,01/01,16/02,47,371 157,384,1 317,166,55 469,97,"69,0 €",,,,,,,,,,,
2026-01-05,#bonplan #permis #ornikar #conduite #code,05/01,05/06,152,207 175,242,511,72,56 544,45,"27,0 €",,,,,,,,,,,
2026-01-05,Alors c’est vraiment pas seulement pour la #collab j’attends mes résultats et je vous laisserai savoir dès que je les ai haha,01/01,15/04,105,284 314,227,805,138,53 331,90,"48,0 €",,,,,,,,,,,
2026-01-05,@Ornikar la base non ?🫣,05/01,13/05,129,179 957,227,606,63,50 346,38,"25,0 €",,,,,,,,,,,
2026-01-05,Meilleure astuce @Ornikar #ornikar #cpf #permisdeconduire #publicite,05/01,20/02,47,166 571,209,559,51,49 657,37,"14,0 €",,,,,,,,,,,
2026-01-05,_001,19/01,03/04,93,100 367,113,324,46,19 666,29,"17,0 €",,,,,,,,,,,
2026-01-05,SHORT_THEORY_9-16_tableau_CuJ9zrIW.mp4,01/01,16/02,47,19 308,27,47,15,1 935,9,"6,0 €",,,,,,,,,,,
2026-01-05,Scop_RS_916_POVCAM_SI ÇA TE SAOULE DE RÉVISER TON CODE.mp4,01/01,16/02,47,14 409,14,39,10,1 143,5,"5,0 €",,,,,,,,,,,
2026-01-05,chasr-rs-video-9-16-code-vanina-LiveTikTok-hook1_YteVF9Qo.mp4,01/01,16/02,47,10 131,11,25,6,970,4,"2,0 €",,,,,,,,,,,
2026-01-05,SHORT_THEORY_9-16_secret_5sfznyC2.mp4,01/01,16/02,47,6 733,10,26,8,1 139,5,"3,0 €",,,,,,,,,,,
2026-01-05,SHORT_THEORY_9-16_micro_oDVuNxkU.mp4,01/01,02/03,61,4 419,7,15,1,1 022,1,"0,0 €",,,,,,,,,,,
2026-01-05,Scop_RS_916_POVCAM_PASSE TON CODE RAPIDEMENT.mp4,01/01,16/02,47,5 039,5,8,4,192,1,"3,0 €",,,,,,,,,,,
2026-01-05,SHORT_THEORY_9-16_Maman_ef0C1Dxh.mp4,01/01,01/04,91,1 320,2,7,0,329,0,"0,0 €",,,,,,,,,,,
2026-01-05,TTCX_175795110111_snaptik_7543559839289462038_v2.mp4,01/01,05/01,5,261,0,2,0,31,0,"0,0 €",,,,,,,,,,,
2026-01-05,TTCX_17579511016_snaptik_7541025327053622550_v2.mp4,01/01,05/01,5,80,0,0,1,9,1,"0,0 €",,,,,,,,,,,
2026-01-05,RS_Theory_Rebrand_LaDevinette.mp4,01/01,05/01,5,158,0,0,0,11,0,"0,0 €",,,,,,,,,,,
2026-01-05,TTCX_17579511015_snaptik_7542516443372440854_v2.mp4,01/01,05/01,5,17,0,0,0,4,0,"0,0 €",,,,,,,,,,,
2026-01-05,RS_Theory_Rebrand_LePremierCoup.mp4,01/01,05/01,5,9,0,0,0,2,0,"0,0 €",,,,,,,,,,,
2026-01-06,#CapCut,01/01,16/02,47,524 956,487,1 786,192,78 262,119,"73,0 €",,,,,,,,,,,
2026-01-06,Meilleure astuce @Ornikar #ornikar #cpf #permisdeconduire #publicite,05/01,20/02,47,346 997,439,1 070,112,94 285,77,"35,0 €",,,,,,,,,,,
2026-01-06,@Ornikar la base non ?🫣,05/01,13/05,129,306 383,384,1 102,87,82 509,51,"36,0 €",,,,,,,,,,,
2026-01-06,#bonplan #permis #ornikar #conduite #code,05/01,05/06,152,219 965,248,567,61,57 952,45,"16,0 €",,,,,,,,,,,
2026-01-06,Alors c’est vraiment pas seulement pour la #collab j’attends mes résultats et je vous laisserai savoir dès que je les ai haha,01/01,15/04,105,188 787,126,568,57,33 382,36,"21,0 €",,,,,,,,,,,
2026-01-06,_001,04/01,03/04,93,17 437,19,45,7,3 751,7,"0,0 €",,,,,,,,,,,
2026-01-07,@Ornikar la base non ?🫣,05/01,13/05,129,549 583,756,1 818,175,134 784,119,"56,0 €",,,,,,,,,,,
2026-01-07,#CapCut,01/01,16/02,47,583 966,699,1 822,281,80 452,179,"102,0 €",,,,,,,,,,,
2026-01-07,Meilleure astuce @Ornikar #ornikar #cpf #permisdeconduire #publicite,05/01,20/02,47,414 608,600,1 160,115,91 491,79,"36,0 €",,,,,,,,,,,
2026-01-07,#bonplan #permis #ornikar #conduite #code,05/01,05/06,152,90 289,108,192,29,22 027,21,"8,0 €",,,,,,,,,,,
2026-01-07,Alors c’est vraiment pas seulement pour la #collab j’attends mes résultats et je vous laisserai savoir dès que je les ai haha,01/01,15/04,105,61 451,55,168,26,10 444,17,"9,0 €",,,,,,,,,,,
2026-01-07,_001,04/01,03/04,93,49 065,54,90,21,10 114,15,"6,0 €",,,,,,,,,,,
2026-01-08,@Ornikar la base non ?🫣,05/01,13/05,129,581 592,774,1 717,157,137 333,104,"53,0 €",,,,,,,,,,,
2026-01-08,#CapCut,01/01,16/02,47,512 519,670,1 670,243,73 897,150,"93,0 €",,,,,,,,,,,
2026-01-08,_001,04/01,03/04,93,309 657,414,575,96,73 257,73,"23,0 €",,,,,,,,,,,
2026-01-08,Meilleure astuce @Ornikar #ornikar #cpf #permisdeconduire #publicite,05/01,20/02,47,306 550,390,856,95,63 879,60,"35,0 €",,,,,,,,,,,
2026-01-08,#bonplan #permis #ornikar #conduite #code,05/01,05/06,152,178 596,225,356,50,44 955,36,"14,0 €",,,,,,,,,,,
2026-01-08,Alors c’est vraiment pas seulement pour la #collab j’attends mes résultats et je vous laisserai savoir dès que je les ai haha,01/01,15/04,105,71 108,66,193,17,11 844,12,"5,0 €",,,,,,,,,,,
2026-01-09,Et tout ça bien moins cher #permis#ornikar#,09/01,03/02,26,377 315,618,1 032,132,95 494,86,"46,0 €",,,,,,,,,,,
2026-01-09,#CapCut,01/01,16/02,47,448 143,594,1 420,163,67 731,98,"65,0 €",,,,,,,,,,,
2026-01-09,Allons pour le permis en 2026,09/01,16/04,98,164 614,249,504,71,31 904,47,24,,,,,,,,,,,
2026-01-09,_001,04/01,03/04,93,183 194,240,393,63,43 261,42,21,,,,,,,,,,,
2026-01-09,#bonplan #permis #ornikar #conduite #code,05/01,05/06,152,162 870,211,337,51,43 709,34,17,,,,,,,,,,,
2026-01-09,@Ornikar la base non ?🫣,05/01,13/05,129,146 500,201,460,46,35 008,29,17,,,,,,,,,,,
2026-01-09,Meilleure astuce @Ornikar #ornikar #cpf #permisdeconduire #publicite,05/01,20/02,47,136 052,179,364,48,29 733,33,15,,,,,,,,,,,
2026-01-09,Alors c’est vraiment pas seulement pour la #collab j’attends mes résultats et je vous laisserai savoir dès que je les ai haha,01/01,15/04,105,79 563,78,186,23,13 547,16,7,,,,,,,,,,,
2026-01-09,Passe ton permis avec ORNIKAR @Ornikar,09/01,27/01,19,50 754,78,136,12,14 055,9,3,,,,,,,,,,,
2026-01-09,@Ornikar #ornikar,09/01,13/02,36,46 168,59,103,8,6 887,5,3,,,,,,,,,,,
2026-01-09,7592953639335034888,09/01,03/02,26,42 055,58,116,10,5 874,5,5,,,,,,,,,,,
2026-01-09,@Ornikar #ornikar #collab #permisdeconduire,09/01,27/01,19,29 505,43,85,9,6 638,6,3,,,,,,,,,,,
2026-01-10,Et tout ça bien moins cher #permis#ornikar#,09/01,03/02,26,765 240,1 163,2 271,361,168 389,226,135,,,,,,,,,,,
2026-01-10,Allons pour le permis en 2026,09/01,16/04,98,359 844,572,1 161,148,70 009,102,46,,,,,,,,,,,
2026-01-10,#CapCut,01/01,16/02,47,396 458,508,1 373,131,57 297,86,45,,,,,,,,,,,
2026-01-10,_001,04/01,03/04,93,244 261,275,488,95,52 028,62,33,,,,,,,,,,,
2026-01-10,#bonplan #permis #ornikar #conduite #code,05/01,05/06,152,100 852,131,227,46,26 169,33,13,,,,,,,,,,,
2026-01-10,Alors c’est vraiment pas seulement pour la #collab j’attends mes résultats et je vous laisserai savoir dès que je les ai haha,01/01,15/04,105,117 453,117,301,28,19 968,18,10,,,,,,,,,,,
2026-01-10,Meilleure astuce @Ornikar #ornikar #cpf #permisdeconduire #publicite,05/01,20/02,47,67 555,87,165,18,13 764,15,3,,,,,,,,,,,
2026-01-10,Passe ton permis avec ORNIKAR @Ornikar,09/01,27/01,19,26 953,41,85,16,7 675,9,7,,,,,,,,,,,
2026-01-10,7592953639335034888,09/01,03/02,26,30 128,40,85,9,5 394,8,1,,,,,,,,,,,
2026-01-10,@Ornikar #ornikar #collab #permisdeconduire,09/01,27/01,19,20 754,28,71,2,4 353,1,1,,,,,,,,,,,
2026-01-10,@Ornikar #ornikar,09/01,13/02,36,15 204,21,37,1,2 598,1,0,,,,,,,,,,,
2026-01-11,Et tout ça bien moins cher #permis#ornikar#,09/01,03/02,26,872 346,1 191,2 432,316,178 080,216,100,,,,,,,,,,,
2026-01-11,Allons pour le permis en 2026,09/01,16/04,98,457 660,676,1 393,193,85 639,134,59,,,,,,,,,,,
2026-01-11,#CapCut,01/01,16/02,47,484 891,562,1 640,229,66 978,141,88,,,,,,,,,,,
2026-01-11,_001,04/01,03/04,93,232 093,246,487,90,49 270,63,27,,,,,,,,,,,
2026-01-11,Alors c’est vraiment pas seulement pour la #collab j’attends mes résultats et je vous laisserai savoir dès que je les ai haha,01/01,15/04,105,69 106,69,200,40,11 222,24,16,,,,,,,,,,,
2026-01-11,7592953639335034888,09/01,03/02,26,59 587,67,150,26,9 149,17,9,,,,,,,,,,,
2026-01-11,#bonplan #permis #ornikar #conduite #code,05/01,05/06,152,54 314,63,122,21,13 528,17,4,,,,,,,,,,,
2026-01-11,Meilleure astuce @Ornikar #ornikar #cpf #permisdeconduire #publicite,05/01,20/02,47,42 055,53,154,19,8 598,14,5,,,,,,,,,,,
2026-01-11,Passe ton permis avec ORNIKAR @Ornikar,09/01,27/01,19,23 511,30,51,5,6 119,3,2,,,,,,,,,,,
2026-01-11,@Ornikar #ornikar #collab #permisdeconduire,09/01,27/01,19,18 351,21,60,3,3 909,3,0,,,,,,,,,,,
2026-01-11,@Ornikar #ornikar,09/01,13/02,36,7 889,11,13,7,1 209,5,2,,,,,,,,,,,
2026-01-12,Et tout ça bien moins cher #permis#ornikar#,09/01,03/02,26,705 548,1 035,1 930,255,144 459,167,88,,,,,,,,,,,
2026-01-12,Allons pour le permis en 2026,09/01,16/04,98,550 579,783,1 580,262,97 860,167,95,,,,,,,,,,,
2026-01-12,#CapCut,01/01,16/02,47,449 709,543,1 518,199,68 183,120,79,,,,,,,,,,,
2026-01-12,_001,04/01,03/04,93,230 414,242,451,79,44 716,56,23,,,,,,,,,,,
2026-01-12,#bonplan #permis #ornikar #conduite #code,05/01,05/06,152,89 138,108,199,44,22 163,33,11,,,,,,,,,,,
2026-01-12,Alors c’est vraiment pas seulement pour la #collab j’attends mes résultats et je vous laisserai savoir dès que je les ai haha,01/01,15/04,105,77 885,87,174,35,13 422,23,12,,,,,,,,,,,
2026-01-12,Meilleure astuce @Ornikar #ornikar #cpf #permisdeconduire #publicite,05/01,20/02,47,55 302,71,119,21,11 257,15,6,,,,,,,,,,,
2026-01-12,7592953639335034888,09/01,03/02,26,56 705,53,124,27,9 565,17,10,,,,,,,,,,,
2026-01-12,Passe ton permis avec ORNIKAR @Ornikar,09/01,27/01,19,37 504,53,112,22,10 693,16,6,,,,,,,,,,,
2026-01-12,@Ornikar #ornikar,09/01,13/02,36,8 984,14,21,2,1 440,1,1,,,,,,,,,,,
2026-01-12,@Ornikar #ornikar #collab #permisdeconduire,09/01,27/01,19,8 902,11,27,0,2 052,0,0,,,,,,,,,,,
2026-01-13,Et tout ça bien moins cher #permis#ornikar#,09/01,03/02,26,555 051,816,1 422,183,112 327,125,58,,,,,,,,,,,
2026-01-13,Allons pour le permis en 2026,09/01,16/04,98,602 370,814,1 642,261,105 840,172,89,,,,,,,,,,,
2026-01-13,#CapCut,01/01,16/02,47,231 097,313,806,112,37 132,69,43,,,,,,,,,,,
2026-01-13,#bonplan #permis #ornikar #conduite #code,05/01,05/06,152,123 705,158,256,52,32 362,38,14,,,,,,,,,,,
2026-01-13,7592953639335034888,09/01,03/02,26,126 304,156,308,55,20 561,35,20,,,,,,,,,,,
2026-01-13,_001,04/01,03/04,93,125 196,152,253,48,25 022,35,13,,,,,,,,,,,
2026-01-13,Meilleure astuce @Ornikar #ornikar #cpf #permisdeconduire #publicite,05/01,20/02,47,72 869,99,199,18,16 138,14,4,,,,,,,,,,,
2026-01-13,Alors c’est vraiment pas seulement pour la #collab j’attends mes résultats et je vous laisserai savoir dès que je les ai haha,01/01,15/04,105,60 067,77,155,32,14 479,25,7,,,,,,,,,,,
2026-01-13,Passe ton permis avec ORNIKAR @Ornikar,09/01,27/01,19,24 325,30,57,10,7 414,7,3,,,,,,,,,,,
2026-01-13,@Ornikar #ornikar,09/01,13/02,36,11 770,18,26,1,2 117,1,0,,,,,,,,,,,
2026-01-13,@Ornikar #ornikar #collab #permisdeconduire,09/01,27/01,19,10 739,11,20,0,2 464,0,0,,,,,,,,,,,
2026-01-14,Allons pour le permis en 2026,09/01,16/04,98,596 786,813,1 788,247,105 117,164,83,,,,,,,,,,,
2026-01-14,Et tout ça bien moins cher #permis#ornikar#,09/01,03/02,26,510 992,711,1 386,169,103 032,109,60,,,,,,,,,,,
2026-01-14,#CapCut,01/01,16/02,47,286 314,309,1 016,109,44 588,67,42,,,,,,,,,,,
2026-01-14,_001,04/01,03/04,93,147 184,163,317,62,27 615,43,19,,,,,,,,,,,
2026-01-14,#bonplan #permis #ornikar #conduite #code,05/01,05/06,152,126 428,162,314,39,34 098,30,9,,,,,,,,,,,
2026-01-14,7592953639335034888,09/01,03/02,26,96 001,116,264,33,18 214,23,10,,,,,,,,,,,
2026-01-14,Passe ton permis avec ORNIKAR @Ornikar,09/01,27/01,19,89 765,105,220,48,29 452,30,18,,,,,,,,,,,
2026-01-14,Meilleure astuce @Ornikar #ornikar #cpf #permisdeconduire #publicite,05/01,20/02,47,68 290,91,246,26,17 155,18,8,,,,,,,,,,,
2026-01-14,Alors c’est vraiment pas seulement pour la #collab j’attends mes résultats et je vous laisserai savoir dès que je les ai haha,01/01,15/04,105,62 434,67,167,36,12 973,20,16,,,,,,,,,,,
2026-01-14,@Ornikar #ornikar,09/01,13/02,36,11 628,18,51,3,2 042,2,1,,,,,,,,,,,
2026-01-14,@Ornikar #ornikar #collab #permisdeconduire,09/01,27/01,19,11 481,14,27,2,2 839,1,1,,,,,,,,,,,
2026-01-15,Allons pour le permis en 2026,09/01,16/04,98,587 693,861,1 616,185,105 206,129,56,,,,,,,,,,,
2026-01-15,Et tout ça bien moins cher #permis#ornikar#,09/01,03/02,26,314 267,480,742,103,63 182,72,31,,,,,,,,,,,
2026-01-15,Passe ton permis avec ORNIKAR @Ornikar,09/01,27/01,19,231 467,274,539,95,74 369,78,17,,,,,,,,,,,
2026-01-15,#CapCut,01/01,16/02,47,199 235,267,719,85,30 953,53,32,,,,,,,,,,,
2026-01-15,_001,04/01,03/04,93,147 358,172,348,57,29 701,36,21,,,,,,,,,,,
2026-01-15,#bonplan #permis #ornikar #conduite #code,05/01,05/06,152,118 901,154,277,53,29 987,37,16,,,,,,,,,,,
2026-01-15,7592953639335034888,09/01,03/02,26,95 226,108,210,17,17 794,12,5,,,,,,,,,,,
2026-01-15,Alors c’est vraiment pas seulement pour la #collab j’attends mes résultats et je vous laisserai savoir dès que je les ai haha,01/01,15/04,105,92 968,96,251,51,16 295,30,21,,,,,,,,,,,
2026-01-15,Meilleure astuce @Ornikar #ornikar #cpf #permisdeconduire #publicite,05/01,20/02,47,60 610,82,188,20,15 161,16,4,,,,,,,,,,,
2026-01-15,@Ornikar #ornikar #collab #permisdeconduire,09/01,27/01,19,23 238,27,52,10,5 382,5,5,,,,,,,,,,,
2026-01-15,@Ornikar #ornikar,09/01,13/02,36,10 001,17,27,4,1 851,2,2,,,,,,,,,,,
2026-01-16,Allons pour le permis en 2026,09/01,16/04,98,479 396,708,1 351,132,83 811,87,45,,,,,,,,,,,
2026-01-16,Et tout ça bien moins cher #permis#ornikar#,09/01,03/02,26,336 540,502,818,89,65 208,63,26,,,,,,,,,,,
2026-01-16,Passe ton permis avec ORNIKAR @Ornikar,09/01,27/01,19,350 023,446,802,134,109 906,94,40,,,,,,,,,,,
2026-01-16,#CapCut,01/01,16/02,47,247 091,324,875,105,37 086,60,45,,,,,,,,,,,
2026-01-16,#bonplan #permis #ornikar #conduite #code,05/01,05/06,152,159 667,212,398,56,37 056,38,18,,,,,,,,,,,
2026-01-16,_001,04/01,03/04,93,136 000,164,284,50,25 888,35,15,,,,,,,,,,,
2026-01-16,Meilleure astuce @Ornikar #ornikar #cpf #permisdeconduire #publicite,05/01,20/02,47,90 606,127,288,28,21 502,22,6,,,,,,,,,,,
2026-01-16,Alors c’est vraiment pas seulement pour la #collab j’attends mes résultats et je vous laisserai savoir dès que je les ai haha,01/01,15/04,105,75 834,76,227,19,12 381,12,7,,,,,,,,,,,
2026-01-16,7592953639335034888,09/01,03/02,26,57 033,73,150,23,11 100,14,9,,,,,,,,,,,
2026-01-16,@Ornikar #ornikar #collab #permisdeconduire,09/01,27/01,19,16 034,16,18,2,3 951,1,1,,,,,,,,,,,
2026-01-16,@Ornikar #ornikar,09/01,13/02,36,8 231,13,22,2,1 528,1,1,,,,,,,,,,,
2026-01-17,Et tout ça bien moins cher #permis#ornikar#,09/01,03/02,26,455 551,700,1 160,131,86 449,87,44,,,,,,,,,,,
2026-01-17,Allons pour le permis en 2026,09/01,16/04,98,361 925,555,989,131,63 588,83,48,,,,,,,,,,,
2026-01-17,Passe ton permis avec ORNIKAR @Ornikar,09/01,27/01,19,317 514,389,806,98,96 411,65,33,,,,,,,,,,,
2026-01-17,#CapCut,01/01,16/02,47,233 068,315,891,118,34 322,73,45,,,,,,,,,,,
2026-01-17,#bonplan #permis #ornikar #conduite #code,05/01,05/06,152,126 603,171,329,37,30 177,27,10,,,,,,,,,,,
2026-01-17,_001,04/01,03/04,93,131 141,155,287,43,23 984,33,10,,,,,,,,,,,
2026-01-17,Meilleure astuce @Ornikar #ornikar #cpf #permisdeconduire #publicite,05/01,20/02,47,107 782,150,373,32,26 896,23,9,,,,,,,,,,,
2026-01-17,7592953639335034888,09/01,03/02,26,53 634,70,127,13,9 891,10,3,,,,,,,,,,,
2026-01-17,Alors c’est vraiment pas seulement pour la #collab j’attends mes résultats et je vous laisserai savoir dès que je les ai haha,01/01,15/04,105,57 024,65,157,25,9 182,15,10,,,,,,,,,,,
2026-01-17,@Ornikar #ornikar,09/01,13/02,36,7 761,13,19,4,1 294,3,1,,,,,,,,,,,
2026-01-17,@Ornikar #ornikar #collab #permisdeconduire,09/01,27/01,19,17 813,11,23,2,4 386,1,1,,,,,,,,,,,
2026-01-18,Et tout ça bien moins cher #permis#ornikar#,09/01,03/02,26,513 534,738,1 319,174,93 398,120,54,,,,,,,,,,,
2026-01-18,Allons pour le permis en 2026,09/01,16/04,98,415 424,569,1 087,129,71 311,82,47,,,,,,,,,,,
2026-01-18,#CapCut,01/01,16/02,47,247 753,308,894,129,34 334,78,51,,,,,,,,,,,
2026-01-18,Passe ton permis avec ORNIKAR @Ornikar,09/01,27/01,19,236 103,291,607,85,72 865,62,23,,,,,,,,,,,
2026-01-18,_001,04/01,03/04,93,139 181,155,300,62,26 243,43,19,,,,,,,,,,,
2026-01-18,Meilleure astuce @Ornikar #ornikar #cpf #permisdeconduire #publicite,05/01,20/02,47,107 229,145,399,36,28 695,23,13,,,,,,,,,,,
2026-01-18,#bonplan #permis #ornikar #conduite #code,05/01,05/06,152,99 905,124,274,29,24 611,21,8,,,,,,,,,,,
2026-01-18,Alors c’est vraiment pas seulement pour la #collab j’attends mes résultats et je vous laisserai savoir dès que je les ai haha,01/01,15/04,105,52 584,64,141,23,9 066,14,9,,,,,,,,,,,
2026-01-18,7592953639335034888,09/01,03/02,26,51 903,52,115,13,10 210,8,5,,,,,,,,,,,
2026-01-18,@Ornikar #ornikar #collab #permisdeconduire,09/01,27/01,19,20 316,14,43,6,4 894,5,1,,,,,,,,,,,
2026-01-18,@Ornikar #ornikar,09/01,13/02,36,8 315,12,21,0,1 372,0,0,,,,,,,,,,,
2026-01-19,Et tout ça bien moins cher #permis#ornikar#,09/01,03/02,26,462 797,692,1 180,131,83 906,91,40,,,,,,,,,,,
2026-01-19,Allons pour le permis en 2026,09/01,16/04,98,359 369,512,1 014,123,60 569,80,43,,,,,,,,,,,
2026-01-19,#CapCut,01/01,16/02,47,255 425,337,914,121,36 860,73,48,,,,,,,,,,,
2026-01-19,Passe ton permis avec ORNIKAR @Ornikar,09/01,27/01,19,250 918,301,632,93,75 351,66,27,,,,,,,,,,,
2026-01-19,#bonplan #permis #ornikar #conduite #code,05/01,05/06,152,131 277,170,349,41,32 520,28,13,,,,,,,,,,,
2026-01-19,_001,04/01,03/04,93,144 017,168,320,53,29 626,36,17,,,,,,,,,,,
2026-01-19,Meilleure astuce @Ornikar #ornikar #cpf #permisdeconduire #publicite,05/01,20/02,47,96 834,135,348,18,24 502,13,5,,,,,,,,,,,
2026-01-19,Alors c’est vraiment pas seulement pour la #collab j’attends mes résultats et je vous laisserai savoir dès que je les ai haha,01/01,15/04,105,79 799,84,213,26,12 267,16,10,,,,,,,,,,,
2026-01-19,7592953639335034888,09/01,03/02,26,58 387,81,166,37,11 313,24,13,,,,,,,,,,,
2026-01-19,@Ornikar #ornikar,09/01,13/02,36,17 411,27,39,3,3 137,2,1,,,,,,,,,,,
2026-01-19,@Ornikar #ornikar #collab #permisdeconduire,09/01,27/01,19,17 930,21,37,6,4 057,4,2,,,,,,,,,,,
2026-01-20,Passe ton permis avec ORNIKAR @Ornikar,09/01,27/01,19,338 276,480,887,150,107 439,102,48,,,,,,,,,,,
2026-01-20,Et tout ça bien moins cher #permis#ornikar#,09/01,03/02,26,255 148,421,624,93,46 465,57,36,,,,,,,,,,,
2026-01-20,Allons pour le permis en 2026,09/01,16/04,98,268 961,411,810,106,47 384,65,41,,,,,,,,,,,
2026-01-20,#CapCut,01/01,16/02,47,157 053,238,542,79,24 777,49,30,,,,,,,,,,,
2026-01-20,#bonplan #permis #ornikar #conduite #code,05/01,05/06,152,142 091,206,345,28,36 324,23,5,,,,,,,,,,,
2026-01-20,En 2026 passe ton permis avec Ornikar ! En ce moment il y’a jusqu’à -140 euros sur le permis ! 🚗 #permisdeconduire #ornikar,20/01,22/01,3,114 847,157,242,17,13 705,10,7,,,,,,,,,,,
2026-01-20,Meilleure astuce @Ornikar #ornikar #cpf #permisdeconduire #publicite,05/01,20/02,47,81 848,129,244,29,20 592,20,9,,,,,,,,,,,
2026-01-20,7592953639335034888,09/01,03/02,26,88 102,110,252,31,18 249,23,8,,,,,,,,,,,
2026-01-20,_001,04/01,03/04,93,78 409,99,186,34,15 335,23,11,,,,,,,,,,,
2026-01-20,Alors c’est vraiment pas seulement pour la #collab j’attends mes résultats et je vous laisserai savoir dès que je les ai haha,01/01,15/04,105,47 565,60,151,35,9 702,23,12,,,,,,,,,,,
2026-01-20,@Ornikar #ornikar,09/01,13/02,36,14 043,24,36,4,2 576,3,1,,,,,,,,,,,
2026-01-20,@Ornikar #ornikar #collab #permisdeconduire,09/01,27/01,19,13 527,13,27,2,3 319,2,0,,,,,,,,,,,
2026-01-20,#ornikar#permis,20/01,22/01,3,7 891,12,21,2,1 266,1,1,,,,,,,,,,,
2026-01-21,Passe ton permis avec ORNIKAR @Ornikar,09/01,27/01,19,396 463,540,1 064,157,118 173,105,52,,,,,,,,,,,
2026-01-21,Et tout ça bien moins cher #permis#ornikar#,09/01,03/02,26,209 520,328,536,84,37 620,53,31,,,,,,,,,,,
2026-01-21,Allons pour le permis en 2026,09/01,16/04,98,223 798,292,584,77,42 688,50,27,,,,,,,,,,,
2026-01-21,#CapCut,01/01,16/02,47,140 962,207,562,57,20 743,33,24,,,,,,,,,,,
2026-01-21,7592953639335034888,09/01,03/02,26,108 898,151,327,41,20 961,26,15,,,,,,,,,,,
2026-01-21,_001,04/01,03/04,93,79 480,92,185,26,13 753,20,6,,,,,,,,,,,
2026-01-21,Meilleure astuce @Ornikar #ornikar #cpf #permisdeconduire #publicite,05/01,20/02,47,54 672,84,158,18,13 619,12,6,,,,,,,,,,,
2026-01-21,#bonplan #permis #ornikar #conduite #code,05/01,05/06,152,46 785,66,122,21,12 337,14,7,,,,,,,,,,,
2026-01-21,Alors c’est vraiment pas seulement pour la #collab j’attends mes résultats et je vous laisserai savoir dès que je les ai haha,01/01,15/04,105,39 655,62,128,28,7 917,20,8,,,,,,,,,,,
2026-01-21,En 2026 passe ton permis avec Ornikar ! En ce moment il y’a jusqu’à -140 euros sur le permis ! 🚗 #permisdeconduire #ornikar,20/01,22/01,3,27 778,42,59,7,3 644,5,2,,,,,,,,,,,
2026-01-21,@Ornikar #ornikar,09/01,13/02,36,7 684,13,23,2,1 333,1,1,,,,,,,,,,,
2026-01-21,#ornikar#permis,20/01,22/01,3,5 386,9,18,0,884,0,0,,,,,,,,,,,
2026-01-21,@Ornikar #ornikar #collab #permisdeconduire,09/01,27/01,19,8 799,9,17,2,2 195,1,1,,,,,,,,,,,
2026-01-22,Passe ton permis avec ORNIKAR @Ornikar,09/01,27/01,19,241 461,331,688,166,72 084,107,59,,,,,,,,,,,
2026-01-22,Allons pour le permis en 2026,09/01,16/04,98,125 881,146,285,57,24 652,40,17,,,,,,,,,,,
2026-01-22,Et tout ça bien moins cher #permis#ornikar#,09/01,03/02,26,81 091,124,173,33,14 343,22,11,,,,,,,,,,,
2026-01-22,7592953639335034888,09/01,03/02,26,79 201,121,242,46,14 765,28,18,,,,,,,,,,,
2026-01-22,#CapCut,01/01,16/02,47,58 254,94,265,59,10 157,36,23,,,,,,,,,,,
2026-01-22,#bonplan #permis #ornikar #conduite #code,05/01,05/06,152,55 553,79,131,43,12 666,27,16,,,,,,,,,,,
2026-01-22,_001,04/01,03/04,93,50 254,65,116,17,9 340,13,4,,,,,,,,,,,
2026-01-22,Meilleure astuce @Ornikar #ornikar #cpf #permisdeconduire #publicite,05/01,20/02,47,25 612,39,81,12,5 698,9,3,,,,,,,,,,,
2026-01-22,Alors c’est vraiment pas seulement pour la #collab j’attends mes résultats et je vous laisserai savoir dès que je les ai haha,01/01,15/04,105,11 671,21,29,19,2 834,10,9,,,,,,,,,,,
2026-01-22,@Ornikar #ornikar #collab #permisdeconduire,09/01,27/01,19,4 315,7,13,3,1 009,3,0,,,,,,,,,,,
2026-01-22,@Ornikar #ornikar,09/01,13/02,36,3 354,6,8,0,444,0,0,,,,,,,,,,,
2026-01-22,En 2026 passe ton permis avec Ornikar ! En ce moment il y’a jusqu’à -140 euros sur le permis ! 🚗 #permisdeconduire #ornikar,20/01,22/01,3,3 128,5,1,1,487,1,0,,,,,,,,,,,
2026-01-22,#ornikar#permis,20/01,22/01,3,135,0,0,0,27,0,0,,,,,,,,,,,
2026-01-23,Passe ton permis avec ORNIKAR @Ornikar,09/01,27/01,19,331 179,364,759,140,94 958,101,39,,,,,,,,,,,
2026-01-23,Allons pour le permis en 2026,09/01,16/04,98,187 025,184,432,61,35 587,42,19,,,,,,,,,,,
2026-01-23,Et tout ça bien moins cher #permis#ornikar#,09/01,03/02,26,82 899,124,210,29,14 405,19,10,,,,,,,,,,,
2026-01-23,#CapCut,01/01,16/02,47,74 746,100,275,40,11 159,25,15,,,,,,,,,,,
2026-01-23,#bonplan #permis #ornikar #conduite #code,05/01,05/06,152,80 413,97,174,24,18 125,19,5,,,,,,,,,,,
2026-01-23,_001,04/01,03/04,93,44 401,65,122,22,8 316,18,4,,,,,,,,,,,
2026-01-23,7592953639335034888,09/01,03/02,26,53 025,63,111,21,9 372,14,7,,,,,,,,,,,
2026-01-23,Meilleure astuce @Ornikar #ornikar #cpf #permisdeconduire #publicite,05/01,20/02,47,35 651,48,120,10,8 112,7,3,,,,,,,,,,,
2026-01-23,Alors c’est vraiment pas seulement pour la #collab j’attends mes résultats et je vous laisserai savoir dès que je les ai haha,01/01,15/04,105,23 883,28,70,10,5 164,5,5,,,,,,,,,,,
2026-01-23,@Ornikar #ornikar,09/01,13/02,36,9 382,14,25,4,1 176,2,2,,,,,,,,,,,
2026-01-23,@Ornikar #ornikar #collab #permisdeconduire,09/01,27/01,19,5 807,9,12,3,1 220,1,2,,,,,,,,,,,
2026-01-23,7592940166902759442,23/01,11/02,20,9 616,2,5,4,2 159,3,1,,,,,,,,,,,
2026-01-23,@Ornikar 💗 #code #codedelaroute #permis #ornikar #permisdeconduire,23/01,24/03,61,184,0,0,2,38,1,1,,,,,,,,,,,
2026-01-24,Allons pour le permis en 2026,09/01,16/04,98,227 141,296,573,115,41 051,76,39,,,,,,,,,,,
2026-01-24,Passe ton permis avec ORNIKAR @Ornikar,09/01,27/01,19,190 379,216,421,77,53 529,60,17,,,,,,,,,,,
2026-01-24,Et tout ça bien moins cher #permis#ornikar#,09/01,03/02,26,102 679,182,279,35,16 838,21,14,,,,,,,,,,,
2026-01-24,#CapCut,01/01,16/02,47,50 982,77,205,22,7 670,14,8,,,,,,,,,,,
2026-01-24,_001,04/01,03/04,93,51 927,66,134,20,9 391,15,5,,,,,,,,,,,
2026-01-24,#bonplan #permis #ornikar #conduite #code,05/01,05/06,152,44 671,61,120,22,9 454,14,8,,,,,,,,,,,
2026-01-24,7592953639335034888,09/01,03/02,26,38 523,61,104,19,6 259,12,7,,,,,,,,,,,
2026-01-24,Meilleure astuce @Ornikar #ornikar #cpf #permisdeconduire #publicite,05/01,20/02,47,34 513,53,110,15,7 698,11,4,,,,,,,,,,,
2026-01-24,Alors c’est vraiment pas seulement pour la #collab j’attends mes résultats et je vous laisserai savoir dès que je les ai haha,01/01,15/04,105,23 524,40,86,30,5 161,17,13,,,,,,,,,,,
2026-01-24,@Ornikar #ornikar,09/01,13/02,36,7 873,14,24,4,973,2,2,,,,,,,,,,,
2026-01-24,@Ornikar #ornikar #collab #permisdeconduire,09/01,27/01,19,7 181,13,18,3,1 500,2,1,,,,,,,,,,,
2026-01-24,7592940166902759442,23/01,11/02,20,3 712,3,8,0,801,0,0,,,,,,,,,,,
2026-01-24,@Ornikar 💗 #code #codedelaroute #permis #ornikar #permisdeconduire,23/01,24/03,61,146,0,1,2,28,1,1,,,,,,,,,,,
2026-01-25,Allons pour le permis en 2026,09/01,16/04,98,206 435,216,535,22,41 303,16,6,,,,,,,,,,,
2026-01-25,Passe ton permis avec ORNIKAR @Ornikar,09/01,27/01,19,137 437,141,319,14,37 885,8,6,,,,,,,,,,,
2026-01-25,#CapCut,01/01,16/02,47,86 166,115,325,25,13 356,14,11,,,,,,,,,,,
2026-01-25,Et tout ça bien moins cher #permis#ornikar#,09/01,03/02,26,78 118,114,234,4,13 506,3,1,,,,,,,,,,,
2026-01-25,_001,04/01,03/04,93,49 054,71,138,11,11 863,9,2,,,,,,,,,,,
2026-01-25,7592953639335034888,09/01,03/02,26,36 746,44,97,1,6 017,1,0,,,,,,,,,,,
2026-01-25,Alors c’est vraiment pas seulement pour la #collab j’attends mes résultats et je vous laisserai savoir dès que je les ai haha,01/01,15/04,105,10 254,36,35,4,1 907,4,0,,,,,,,,,,,
2026-01-25,Meilleure astuce @Ornikar #ornikar #cpf #permisdeconduire #publicite,05/01,20/02,47,17 797,25,71,3,4 695,2,1,,,,,,,,,,,
2026-01-25,#bonplan #permis #ornikar #conduite #code,05/01,05/06,152,11 525,17,30,1,2 572,0,1,,,,,,,,,,,
2026-01-25,@Ornikar #ornikar #collab #permisdeconduire,09/01,27/01,19,5 125,7,13,0,1 257,0,0,,,,,,,,,,,
2026-01-25,@Ornikar #ornikar,09/01,13/02,36,3 072,5,10,0,408,0,0,,,,,,,,,,,
2026-01-25,@Ornikar 💗 #code #codedelaroute #permis #ornikar #permisdeconduire,23/01,24/03,61,240,1,1,0,33,0,0,,,,,,,,,,,
2026-01-25,7592940166902759442,23/01,11/02,20,320,0,0,0,86,0,0,,,,,,,,,,,
2026-01-26,Allons pour le permis en 2026,09/01,16/04,98,279 441,476,905,159,54 702,100,59,,,,,,,,,,,
2026-01-26,Et tout ça bien moins cher #permis#ornikar#,09/01,03/02,26,115 356,252,293,64,20 533,45,19,,,,,,,,,,,
2026-01-26,Passe ton permis avec ORNIKAR @Ornikar,09/01,27/01,19,146 366,201,409,75,40 914,54,21,,,,,,,,,,,
2026-01-26,7592953639335034888,09/01,03/02,26,36 901,66,96,15,6 562,9,6,,,,,,,,,,,
2026-01-26,_001,04/01,03/04,93,38 953,61,131,28,8 125,18,10,,,,,,,,,,,
2026-01-26,#CapCut,01/01,16/02,47,35 093,59,164,35,5 626,20,15,,,,,,,,,,,
2026-01-26,Alors c’est vraiment pas seulement pour la #collab j’attends mes résultats et je vous laisserai savoir dès que je les ai haha,01/01,15/04,105,12 163,38,52,8,2 001,4,4,,,,,,,,,,,
2026-01-26,Meilleure astuce @Ornikar #ornikar #cpf #permisdeconduire #publicite,05/01,20/02,47,17 295,32,67,12,4 442,8,4,,,,,,,,,,,
2026-01-26,#bonplan #permis #ornikar #conduite #code,05/01,05/06,152,6 685,15,22,3,1 620,2,1,,,,,,,,,,,
2026-01-26,@Ornikar #ornikar,09/01,13/02,36,1 910,4,5,1,277,1,0,,,,,,,,,,,
2026-01-26,@Ornikar #ornikar #collab #permisdeconduire,09/01,27/01,19,2 443,4,4,2,649,1,1,,,,,,,,,,,
2026-01-26,@Ornikar 💗 #code #codedelaroute #permis #ornikar #permisdeconduire,23/01,24/03,61,252,1,1,2,47,1,1,,,,,,,,,,,
2026-01-26,7592940166902759442,23/01,11/02,20,343,0,0,0,85,0,0,,,,,,,,,,,
2026-01-27,Allons pour le permis en 2026,09/01,16/04,98,122 107,156,290,73,26 849,51,22,,,,,,,,,,,
2026-01-27,#CapCut,01/01,16/02,47,77 856,130,324,69,13 419,42,27,,,,,,,,,,,
2026-01-27,Passe ton permis avec ORNIKAR @Ornikar,09/01,27/01,19,83 290,94,219,136,23 022,99,37,,,,,,,,,,,
2026-01-27,Et tout ça bien moins cher #permis#ornikar#,09/01,03/02,26,47 831,86,133,39,9 050,27,12,,,,,,,,,,,
2026-01-27,_001,04/01,03/04,93,48 227,63,140,27,8 892,20,7,,,,,,,,,,,
2026-01-27,Alors c’est vraiment pas seulement pour la #collab j’attends mes résultats et je vous laisserai savoir dès que je les ai haha,01/01,15/04,105,22 948,29,79,36,3 846,23,13,,,,,,,,,,,
2026-01-27,7592953639335034888,09/01,03/02,26,20 137,19,46,11,4 057,7,4,,,,,,,,,,,
2026-01-27,Meilleure astuce @Ornikar #ornikar #cpf #permisdeconduire #publicite,05/01,20/02,47,11 967,19,48,7,3 258,5,2,,,,,,,,,,,
2026-01-27,#bonplan #permis #ornikar #conduite #code,05/01,05/06,152,9 307,13,20,18,2 186,12,6,,,,,,,,,,,
2026-01-27,@Ornikar #ornikar,09/01,13/02,36,3 396,6,11,4,430,2,2,,,,,,,,,,,
2026-01-27,@Ornikar #ornikar #collab #permisdeconduire,09/01,27/01,19,2 102,4,7,1,596,1,0,,,,,,,,,,,
2026-01-27,7592940166902759442,23/01,11/02,20,838,1,3,1,220,1,0,,,,,,,,,,,
2026-01-27,@Ornikar 💗 #code #codedelaroute #permis #ornikar #permisdeconduire,23/01,24/03,61,235,0,1,0,60,0,0,,,,,,,,,,,
2026-01-28,Allons pour le permis en 2026,09/01,16/04,98,171 298,219,503,115,29 512,77,38,,,,,,,,,,,
2026-01-28,Et tout ça bien moins cher #permis#ornikar#,09/01,03/02,26,82 679,108,203,68,15 232,48,20,,,,,,,,,,,
2026-01-28,#CapCut,01/01,16/02,47,50 328,78,204,28,8 371,19,9,,,,,,,,,,,
2026-01-28,_001,04/01,03/04,93,50 557,64,120,24,8 849,17,7,,,,,,,,,,,
2026-01-28,Meilleure astuce @Ornikar #ornikar #cpf #permisdeconduire #publicite,05/01,20/02,47,44 907,64,165,42,11 343,27,15,,,,,,,,,,,
2026-01-28,7592953639335034888,09/01,03/02,26,46 099,52,113,35,8 190,26,9,,,,,,,,,,,
2026-01-28,Alors c’est vraiment pas seulement pour la #collab j’attends mes résultats et je vous laisserai savoir dès que je les ai haha,01/01,15/04,105,20 188,34,60,31,3 291,19,12,,,,,,,,,,,
2026-01-28,#bonplan #permis #ornikar #conduite #code,05/01,05/06,152,21 642,24,62,21,5 195,18,3,,,,,,,,,,,
2026-01-28,@Ornikar #ornikar,09/01,13/02,36,5 075,8,11,4,487,3,1,,,,,,,,,,,
2026-01-28,@Ornikar 💗 #code #codedelaroute #permis #ornikar #permisdeconduire,23/01,24/03,61,319,1,1,0,52,0,0,,,,,,,,,,,
2026-01-28,7592940166902759442,23/01,11/02,20,118,0,1,0,29,0,0,,,,,,,,,,,
2026-01-29,Allons pour le permis en 2026,09/01,16/04,98,131 120,159,363,105,24 663,70,35,,,,,,,,,,,
2026-01-29,Et tout ça bien moins cher #permis#ornikar#,09/01,03/02,26,99 978,147,244,85,18 911,57,28,,,,,,,,,,,
2026-01-29,_001,09/01,03/04,93,38 303,50,131,33,6 951,25,8,,,,,,,,,,,
2026-01-29,7592953639335034888,09/01,03/02,26,35 648,47,104,38,5 749,24,14,,,,,,,,,,,
2026-01-29,Meilleure astuce @Ornikar #ornikar #cpf #permisdeconduire #publicite,05/01,20/02,47,19 182,30,64,25,4 700,17,8,,,,,,,,,,,
2026-01-29,#CapCut,01/01,16/02,47,15 074,28,60,16,2 919,11,5,,,,,,,,,,,
2026-01-29,#bonplan #permis #ornikar #conduite #code,05/01,05/06,152,15 723,22,44,14,3 575,10,4,,,,,,,,,,,
2026-01-29,Alors c’est vraiment pas seulement pour la #collab j’attends mes résultats et je vous laisserai savoir dès que je les ai haha,01/01,15/04,105,11 022,20,45,19,1 983,12,7,,,,,,,,,,,
2026-01-29,@Ornikar #ornikar,09/01,13/02,36,11 870,19,22,10,1 300,7,3,,,,,,,,,,,
2026-01-29,7600417503722799112,29/01,16/02,19,1 793,1,6,2,287,1,1,,,,,,,,,,,
2026-01-29,Ornikar c’est la base !,29/01,23/02,26,2 032,1,8,1,301,1,0,,,,,,,,,,,
2026-01-29,@Ornikar 💗 #code #codedelaroute #permis #ornikar #permisdeconduire,23/01,24/03,61,191,1,1,0,34,0,0,,,,,,,,,,,
2026-01-29,7592940166902759442,23/01,11/02,20,98,0,0,0,30,0,0,,,,,,,,,,,
2026-01-30,Allons pour le permis en 2026,09/01,16/04,98,122 616,135,259,67,24 256,47,20,,,,,,,,,,,
2026-01-30,Et tout ça bien moins cher #permis#ornikar#,09/01,03/02,26,53 058,76,138,35,9 940,27,8,,,,,,,,,,,
2026-01-30,7592953639335034888,09/01,03/02,26,47 957,57,127,35,7 429,25,10,,,,,,,,,,,
2026-01-30,_001,09/01,03/04,93,47 291,47,130,16,7 649,10,6,,,,,,,,,,,
2026-01-30,#CapCut,01/01,16/02,47,28 494,45,127,15,4 715,9,6,,,,,,,,,,,
2026-01-30,ornikar_promo-permis-de-conduire-ornikar_kuramax29_2026-01-05T18-49-48Z.mp4,30/01,05/02,7,22 518,39,60,18,4 386,14,4,,,,,,,,,,,
2026-01-30,Image carousel 5,30/01,13/05,104,69 643,37,155,29,0,22,7,,,,,,,,,,,
2026-01-30,Image carousel 6,30/01,11/06,133,32 260,25,73,19,0,13,6,,,,,,,,,,,
2026-01-30,Image carousel 1,30/01,04/05,95,18 928,23,54,13,0,9,4,,,,,,,,,,,
2026-01-30,Meilleure astuce @Ornikar #ornikar #cpf #permisdeconduire #publicite,05/01,20/02,47,14 923,22,53,14,3 525,9,5,,,,,,,,,,,
2026-01-30,@Ornikar #ornikar,09/01,13/02,36,12 934,19,26,10,1 399,7,3,,,,,,,,,,,
2026-01-30,#bonplan #permis #ornikar #conduite #code,05/01,05/06,152,14 545,18,32,13,3 273,9,4,,,,,,,,,,,
2026-01-30,chasr-rs-video-9-16-conduiteCPF-dorian-VraieQuestion-hook3.mp4,01/01,20/02,51,8 801,14,19,1,1 023,1,0,,,,,,,,,,,
2026-01-30,Alors c’est vraiment pas seulement pour la #collab j’attends mes résultats et je vous laisserai savoir dès que je les ai haha,01/01,15/04,105,7 976,13,14,8,1 661,6,2,,,,,,,,,,,
2026-01-30,Image carousel 3,30/01,04/05,95,12 750,11,37,4,0,3,1,,,,,,,,,,,
2026-01-30,7600417503722799112,29/01,16/02,19,10 244,9,61,9,1 605,7,2,,,,,,,,,,,
2026-01-30,chasr-rs-video-9-16-conduite-leia-storytime-hook2.mp4,01/01,13/05,133,2 940,7,6,1,554,1,0,,,,,,,,,,,
2026-01-30,Ornikar c’est la base !,29/01,23/02,26,4 631,3,10,5,586,3,2,,,,,,,,,,,
2026-01-30,Image carousel 4,30/01,13/05,104,3 369,3,8,0,0,0,0,,,,,,,,,,,
2026-01-30,Image carousel 7,30/01,11/06,133,3 477,2,5,0,0,0,0,,,,,,,,,,,
2026-01-30,Image carousel 2,30/01,17/03,47,5 316,2,7,4,0,3,1,,,,,,,,,,,
2026-01-30,Image carousel 8,30/01,09/02,11,3 340,1,6,1,0,1,0,,,,,,,,,,,
2026-01-30,ornikar_promo-permis-de-conduire-ornikar_lastarx29_2026-01-05T14-50-13Z.mp4,30/01,02/02,4,286,1,4,0,74,0,0,,,,,,,,,,,
2026-01-30,@Ornikar 💗 #code #codedelaroute #permis #ornikar #permisdeconduire,23/01,24/03,61,164,1,1,2,30,1,1,,,,,,,,,,,
2026-01-30,Image carousel 9,30/01,09/02,11,1 039,0,4,0,0,0,0,,,,,,,,,,,
2026-01-30,7592940166902759442,23/01,11/02,20,151,0,0,0,31,0,0,,,,,,,,,,,
2026-01-30,chasr-rs-video-9-16-conduiteCPF-dorian-ReponseArticle-hook2.mp4,01/01,20/02,51,39,0,0,0,7,0,0,,,,,,,,,,,
2026-01-31,Allons pour le permis en 2026,09/01,16/04,98,158 640,153,381,65,30 550,45,20,,,,,,,,,,,
2026-01-31,Et tout ça bien moins cher #permis#ornikar#,09/01,03/02,26,54 244,65,117,31,9 713,22,9,,,,,,,,,,,
2026-01-31,ornikar_promo-permis-de-conduire-ornikar_kuramax29_2026-01-05T18-49-48Z.mp4,30/01,05/02,7,42 493,65,107,16,6 657,11,5,,,,,,,,,,,
2026-01-31,_001,09/01,03/04,93,42 791,51,113,14,7 335,10,4,,,,,,,,,,,
2026-01-31,chasr-rs-video-9-16-conduite-leia-storytime-hook2.mp4,01/01,13/05,133,39 165,45,80,14,6 176,9,5,,,,,,,,,,,
2026-01-31,#CapCut,01/01,16/02,47,26 232,38,83,22,3 677,14,8,,,,,,,,,,,
2026-01-31,Meilleure astuce @Ornikar #ornikar #cpf #permisdeconduire #publicite,05/01,20/02,47,29 170,36,88,28,6 769,18,10,,,,,,,,,,,
2026-01-31,Image carousel 6,30/01,11/06,133,16 212,24,30,7,0,4,3,,,,,,,,,,,
2026-01-31,7592953639335034888,09/01,03/02,26,35 194,21,52,20,6 247,14,6,,,,,,,,,,,
2026-01-31,Image carousel 5,30/01,13/05,104,1 589,20,90,7,1,4,3,,,,,,,,,,,
2026-01-31,chasr-rs-video-9-16-conduiteCPF-dorian-VraieQuestion-hook3.mp4,01/01,20/02,51,10 911,16,19,12,1 248,7,5,,,,,,,,,,,
2026-01-31,#bonplan #permis #ornikar #conduite #code,05/01,05/06,152,15 165,16,48,16,3 392,11,5,,,,,,,,,,,
2026-01-31,@Ornikar #ornikar,09/01,13/02,36,11 805,14,31,11,1 180,8,3,,,,,,,,,,,
2026-01-31,chasr-rs-video-9-16-conduiteCPF-dorian-ReponseArticle-hook2.mp4,01/01,20/02,51,12 772,13,39,4,4 106,3,1,,,,,,,,,,,
2026-01-31,Alors c’est vraiment pas seulement pour la #collab j’attends mes résultats et je vous laisserai savoir dès que je les ai haha,01/01,15/04,105,4 753,6,28,22,990,13,9,,,,,,,,,,,
2026-01-31,Image carousel 1,30/01,04/05,95,1 499,6,27,4,0,2,2,,,,,,,,,,,
2026-01-31,ornikar_promo-permis-de-conduire-ornikar_lastarx29_2026-01-05T14-50-13Z.mp4,30/01,02/02,4,1 639,3,8,2,354,1,1,,,,,,,,,,,
2026-01-31,Image carousel 3,30/01,04/05,95,525,2,15,1,0,1,0,,,,,,,,,,,
2026-01-31,7600417503722799112,29/01,16/02,19,994,1,5,0,175,0,0,,,,,,,,,,,
2026-01-31,Image carousel 7,30/01,11/06,133,214,0,2,1,0,1,0,,,,,,,,,,,
2026-01-31,Ornikar c’est la base !,29/01,23/02,26,445,0,0,0,55,0,0,,,,,,,,,,,
2026-01-31,@Ornikar 💗 #code #codedelaroute #permis #ornikar #permisdeconduire,23/01,24/03,61,51,0,0,0,9,0,0,,,,,,,,,,,
2026-01-31,7592940166902759442,23/01,11/02,20,8 790,0,4,3,1 602,2,1,,,,,,,,,,,
2026-02-01,Allons pour le permis en 2026,09/01,16/04,98,139 386,147,365,79,26 832,52,27,,,,,,,,,,,
2026-02-01,chasr-rs-video-9-16-conduite-leia-storytime-hook2.mp4,01/01,13/05,133,54 163,77,184,36,9 439,23,13,,,,,,,,,,,
2026-02-01,Et tout ça bien moins cher #permis#ornikar#,09/01,03/02,26,52 376,66,138,43,9 246,27,16,,,,,,,,,,,
2026-02-01,ornikar_promo-permis-de-conduire-ornikar_kuramax29_2026-01-05T18-49-48Z.mp4,30/01,05/02,7,29 449,49,74,22,4 527,14,8,,,,,,,,,,,
2026-02-01,_001,09/01,03/04,93,39 348,48,107,20,7 092,15,5,,,,,,,,,,,
2026-02-01,chasr-rs-video-9-16-conduiteCPF-dorian-ReponseArticle-hook2.mp4,01/01,20/02,51,24 880,40,85,26,9 068,19,7,,,,,,,,,,,
2026-02-01,Image carousel 6,30/01,11/06,133,27 216,35,69,17,0,12,5,,,,,,,,,,,
2026-02-01,Meilleure astuce @Ornikar #ornikar #cpf #permisdeconduire #publicite,05/01,20/02,47,21 513,27,88,25,5 739,17,8,,,,,,,,,,,
2026-02-01,#CapCut,01/01,16/02,47,11 459,16,55,5,1 910,3,2,,,,,,,,,,,
2026-02-01,7592953639335034888,09/01,03/02,26,52 243,15,56,9,9 178,6,3,,,,,,,,,,,
2026-02-01,chasr-rs-video-9-16-conduiteCPF-dorian-VraieQuestion-hook3.mp4,01/01,20/02,51,7 636,12,21,8,849,6,2,,,,,,,,,,,
2026-02-01,#bonplan #permis #ornikar #conduite #code,05/01,05/06,152,7 280,8,20,4,1 686,2,2,,,,,,,,,,,
2026-02-01,@Ornikar #ornikar,09/01,13/02,36,6 421,8,14,4,652,3,1,,,,,,,,,,,
2026-02-01,Image carousel 5,30/01,13/05,104,896,7,55,4,0,2,2,,,,,,,,,,,
2026-02-01,ornikar_promo-permis-de-conduire-ornikar_lastarx29_2026-01-05T14-50-13Z.mp4,30/01,02/02,4,2 582,4,4,1,451,1,0,,,,,,,,,,,
2026-02-01,Alors c’est vraiment pas seulement pour la #collab j’attends mes résultats et je vous laisserai savoir dès que je les ai haha,01/01,15/04,105,1 969,4,5,4,438,2,2,,,,,,,,,,,
2026-02-01,Image carousel 1,30/01,04/05,95,750,4,23,0,0,0,0,,,,,,,,,,,
2026-02-01,Image carousel 3,30/01,04/05,95,322,1,14,1,0,1,0,,,,,,,,,,,
2026-02-01,Image carousel 7,30/01,11/06,133,154,0,3,0,0,0,0,,,,,,,,,,,
2026-02-01,7600417503722799112,29/01,16/02,19,85,0,2,0,15,0,0,,,,,,,,,,,
2026-02-01,@Ornikar 💗 #code #codedelaroute #permis #ornikar #permisdeconduire,23/01,24/03,61,18,0,0,0,4,0,0,,,,,,,,,,,
2026-02-01,7592940166902759442,23/01,11/02,20,4 268,0,4,1,1 008,1,0,,,,,,,,,,,
2026-02-01,Ornikar c’est la base !,29/01,23/02,26,4,0,0,0,1,0,0,,,,,,,,,,,
2026-02-02,Allons pour le permis en 2026,09/01,16/04,98,153 294,210,433,108,26 649,69,39,,,,,,,,,,,
2026-02-02,chasr-rs-video-9-16-conduite-leia-storytime-hook2.mp4,01/01,13/05,133,86 210,110,219,60,16 860,39,21,,,,,,,,,,,
2026-02-02,Et tout ça bien moins cher #permis#ornikar#,09/01,03/02,26,68 131,91,151,43,13 133,30,13,,,,,,,,,,,
2026-02-02,_001,09/01,03/04,93,79 519,84,184,33,13 652,24,9,,,,,,,,,,,
2026-02-02,#bonplan #permis #ornikar #conduite #code,05/01,05/06,152,57 805,75,195,50,13 640,34,16,,,,,,,,,,,
2026-02-02,RS_Driving_Rebrand_PROMO_LesConseilsDesPotes_9-16_O8nWixF5.mp4,02/02,12/03,39,50 529,68,158,43,6 593,25,18,,,,,,,,,,,
2026-02-02,Meilleure astuce @Ornikar #ornikar #cpf #permisdeconduire #publicite,05/01,20/02,47,43 571,61,156,35,10 923,23,12,,,,,,,,,,,
2026-02-02,chasr-rs-video-9-16-conduiteCPF-dorian-ReponseArticle-hook2.mp4,01/01,20/02,51,41 429,53,118,18,15 876,14,4,,,,,,,,,,,
2026-02-02,ornikar_promo-permis-de-conduire-ornikar_kuramax29_2026-01-05T18-49-48Z.mp4,30/01,05/02,7,25 596,38,50,13,4 048,9,4,,,,,,,,,,,
2026-02-02,#CapCut,01/01,16/02,47,27 197,26,99,22,3 673,11,11,,,,,,,,,,,
2026-02-02,chasr-rs-video-9-16-conduiteCPF-dorian-VraieQuestion-hook3.mp4,01/01,20/02,51,16 785,19,41,13,1 939,9,4,,,,,,,,,,,
2026-02-02,Image carousel 9,30/01,09/02,11,45 310,18,86,16,0,10,6,,,,,,,,,,,
2026-02-02,@Ornikar #ornikar,09/01,13/02,36,12 649,14,27,1,1 206,1,0,,,,,,,,,,,
2026-02-02,7592953639335034888,09/01,03/02,26,19 508,12,36,6,4 048,5,1,,,,,,,,,,,
2026-02-02,Image carousel 6,30/01,11/06,133,17 429,12,40,5,0,4,1,,,,,,,,,,,
2026-02-02,Alors c’est vraiment pas seulement pour la #collab j’attends mes résultats et je vous laisserai savoir dès que je les ai haha,01/01,15/04,105,4 240,7,19,17,839,10,7,,,,,,,,,,,
2026-02-02,ornikar_promo-ornikar-02_luxerony_2026-01-15T20-28-30Z_ymrxcDqa.mp4,02/02,13/02,12,12 583,6,25,8,1 528,5,3,,,,,,,,,,,
2026-02-02,rs-driving-rebrand-promo-lejusteprix-459.mp4,02/02,05/02,4,6 501,6,7,2,551,1,1,,,,,,,,,,,
2026-02-02,Image carousel 8,30/01,09/02,11,16 091,6,36,5,0,3,2,,,,,,,,,,,
2026-02-02,ornikar_promo-permis-de-conduire-ornikar_lastarx29_2026-01-05T14-50-13Z.mp4,30/01,02/02,4,1 766,3,9,2,394,1,1,,,,,,,,,,,
2026-02-02,Image carousel 5,30/01,13/05,104,192,1,15,1,0,1,0,,,,,,,,,,,
2026-02-02,Image carousel 1,30/01,04/05,95,43,0,5,0,0,0,0,,,,,,,,,,,
2026-02-02,Image carousel 7,30/01,11/06,133,133,0,1,0,0,0,0,,,,,,,,,,,
2026-02-02,Image carousel 3,30/01,04/05,95,31,0,1,0,0,0,0,,,,,,,,,,,
2026-02-02,@Ornikar 💗 #code #codedelaroute #permis #ornikar #permisdeconduire,23/01,24/03,61,608,0,1,0,159,0,0,,,,,,,,,,,
2026-02-02,7600417503722799112,29/01,16/02,19,72,0,0,0,12,0,0,,,,,,,,,,,
2026-02-02,Ornikar c’est la base !,29/01,23/02,26,27,0,0,0,7,0,0,,,,,,,,,,,
2026-02-02,7592940166902759442,23/01,11/02,20,3 437,0,4,3,761,2,1,,,,,,,,,,,
2026-02-03,chasr-rs-video-9-16-conduite-leia-storytime-hook2.mp4,01/01,13/05,133,177 916,235,557,116,39 055,76,40,,,,,,,,,,,
2026-02-03,RS_Driving_Rebrand_PROMO_LesConseilsDesPotes_9-16_O8nWixF5.mp4,02/02,12/03,39,95 706,130,272,78,12 434,50,28,,,,,,,,,,,
2026-02-03,Allons pour le permis en 2026,09/01,16/04,98,48 367,74,139,47,8 885,31,16,,,,,,,,,,,
2026-02-03,chasr-rs-video-9-16-conduiteCPF-dorian-ReponseArticle-hook2.mp4,01/01,20/02,51,67 407,62,147,30,27 197,20,10,,,,,,,,,,,
2026-02-03,chasr-rs-video-9-16-conduiteCPF-dorian-VraieQuestion-hook3.mp4,01/01,20/02,51,52 824,61,128,28,7 083,20,8,,,,,,,,,,,
2026-02-03,_001,09/01,03/04,93,42 912,56,93,19,7 886,15,4,,,,,,,,,,,
2026-02-03,Meilleure astuce @Ornikar #ornikar #cpf #permisdeconduire #publicite,05/01,20/02,47,35 409,49,102,22,9 259,15,7,,,,,,,,,,,
2026-02-03,#bonplan #permis #ornikar #conduite #code,05/01,05/06,152,35 822,45,96,26,8 651,21,5,,,,,,,,,,,
2026-02-03,SHORT_THEORY_9-16_micro_oDVuNxkU.mp4,04/01,02/03,61,38 913,42,179,22,10 125,14,8,,,,,,,,,,,
2026-02-03,Image carousel 6,30/01,11/06,133,52 889,40,123,14,0,11,3,,,,,,,,,,,
2026-02-03,#CapCut,01/01,16/02,47,27 343,34,97,23,4 151,13,10,,,,,,,,,,,
2026-02-03,Et tout ça bien moins cher #permis#ornikar#,09/01,03/02,26,21 120,31,47,18,4 175,12,6,,,,,,,,,,,
2026-02-03,ornikar_promo-permis-de-conduire-ornikar_kuramax29_2026-01-05T18-49-48Z.mp4,30/01,05/02,7,19 007,29,55,23,3 152,16,7,,,,,,,,,,,
2026-02-03,SHORT_THEORY_9-16_Maman_ef0C1Dxh.mp4,04/01,01/04,91,22 061,25,77,15,7 073,10,5,,,,,,,,,,,
2026-02-03,SV_THEORY_9-16_Yamine_Hook3_tZdLRzhU.mp4,03/02,12/02,10,26 135,19,52,15,5 160,10,5,,,,,,,,,,,
2026-02-03,Alors c’est vraiment pas seulement pour la #collab j’attends mes résultats et je vous laisserai savoir dès que je les ai haha,01/01,15/04,105,7 443,15,37,23,1 556,13,10,,,,,,,,,,,
2026-02-03,SHORT_THEORY_9-16_tableau_CuJ9zrIW.mp4,01/01,16/02,47,12 452,15,30,1,1 589,1,0,,,,,,,,,,,
2026-02-03,7592953639335034888,09/01,03/02,26,19 953,14,36,9,3 583,6,3,,,,,,,,,,,
2026-02-03,SV_THEORY_9-16_Adrian_Hook3_zCRAuBOf.mp4,03/02,16/02,14,11 288,10,21,6,823,6,0,,,,,,,,,,,
2026-02-03,rs-driving-rebrand-promo-lejusteprix-459.mp4,02/02,05/02,4,9 629,9,26,4,966,2,2,,,,,,,,,,,
2026-02-03,SHORT_THEORY_9-16_secret_5sfznyC2.mp4,04/01,16/02,47,3 207,7,6,1,1 179,1,0,,,,,,,,,,,
2026-02-03,ornikar_promo-ornikar-02_luxerony_2026-01-15T20-28-30Z_ymrxcDqa.mp4,02/02,13/02,12,4 740,6,10,0,645,0,0,,,,,,,,,,,
2026-02-03,@Ornikar #ornikar,09/01,13/02,36,7 032,6,10,2,753,1,1,,,,,,,,,,,
2026-02-03,AI-generated carousel 1,03/02,11/02,9,16 718,5,30,1,0,1,0,,,,,,,,,,,
2026-02-03,Image carousel 8,30/01,09/02,11,27 778,4,58,17,0,12,5,,,,,,,,,,,
2026-02-03,Image carousel 5,30/01,13/05,104,29 443,3,57,8,0,5,3,,,,,,,,,,,
2026-02-03,Image carousel 7,30/01,11/06,133,9 516,2,31,1,0,1,0,,,,,,,,,,,
2026-02-03,Scop_RS_916_POVCAM_PASSE TON CODE RAPIDEMENT.mp4,01/01,16/02,47,2 556,2,7,1,124,1,0,,,,,,,,,,,
2026-02-03,chasr-rs-video-9-16-code-vanina-LiveTikTok-hook1_YteVF9Qo.mp4,04/01,16/02,47,1 454,2,6,0,196,0,0,,,,,,,,,,,
2026-02-03,Image carousel 9,30/01,09/02,11,19 020,2,63,6,0,3,3,,,,,,,,,,,
2026-02-03,@Ornikar 💗 #code #codedelaroute #permis #ornikar #permisdeconduire,23/01,24/03,61,2 353,1,8,6,615,4,2,,,,,,,,,,,
2026-02-03,Image carousel 2,02/03,17/03,47,6 998,1,10,1,0,1,0,,,,,,,,,,,
2026-02-03,chasr-rs-video-9-16-code-vanina-BonneJournee-hook2_43PUnTs0.mp4,03/02,12/02,10,2 717,1,3,1,585,1,0,,,,,,,,,,,
2026-02-03,Carrousel d'images 1,03/02,03/02,1,4 700,1,8,1,0,1,0,,,,,,,,,,,
2026-02-03,SV_THEORY_9-16_Yamine_Hook1_2pUuQ6OE.mp4,03/02,01/04,58,2 397,1,5,0,439,0,0,,,,,,,,,,,
2026-02-03,SHORT_THEORY_9-16_voiture_svbHiKAw.mp4,03/02,16/02,14,642,1,3,3,157,2,1,,,,,,,,,,,
2026-02-03,Scop_RS_916_POVCAM_OUBLIE LES MANUELS.mp4,03/02,16/02,14,1 097,1,1,0,138,0,0,,,,,,,,,,,
2026-02-03,chasr-rs-video-9-16-code-vanina-BonneJournee-hook1_WNrHRQ3f.mp4,03/02,04/02,2,1 620,0,2,0,127,0,0,,,,,,,,,,,
2026-02-03,7600417503722799112,29/01,16/02,19,150,0,0,0,22,0,0,,,,,,,,,,,
2026-02-03,7592940166902759442,23/01,11/02,20,6 866,0,6,4,1 370,2,2,,,,,,,,,,,
2026-02-03,Ornikar c’est la base !,29/01,23/02,26,1 138,0,3,0,227,0,0,,,,,,,,,,,
2026-02-04,chasr-rs-video-9-16-conduite-leia-storytime-hook2.mp4,01/01,13/05,133,202 780,279,578,123,52 216,82,41,,,,,,,,,,,
2026-02-04,RS_Driving_Rebrand_PROMO_LesConseilsDesPotes_9-16_O8nWixF5.mp4,02/02,12/03,39,72 504,96,198,55,10 337,33,22,,,,,,,,,,,
2026-02-04,chasr-rs-video-9-16-conduiteCPF-dorian-VraieQuestion-hook3.mp4,01/01,20/02,51,92 540,78,193,49,13 527,35,14,,,,,,,,,,,
2026-02-04,SV_THEORY_9-16_Yamine_Hook3_tZdLRzhU.mp4,03/02,12/02,10,67 409,69,165,19,14 801,14,5,,,,,,,,,,,
2026-02-04,ornikar_promo-permis-de-conduire-ornikar_kuramax29_2026-01-05T18-49-48Z.mp4,30/01,05/02,7,42 270,68,104,29,6 446,19,10,,,,,,,,,,,
2026-02-04,chasr-rs-video-9-16-conduiteCPF-dorian-ReponseArticle-hook2.mp4,01/01,20/02,51,93 776,64,190,36,40 376,25,11,,,,,,,,,,,
2026-02-04,_001,09/01,03/04,93,47 301,59,114,20,8 916,16,4,,,,,,,,,,,
2026-02-04,SHORT_THEORY_9-16_Maman_ef0C1Dxh.mp4,04/01,01/04,91,48 549,57,184,34,12 574,22,12,,,,,,,,,,,
2026-02-04,Meilleure astuce @Ornikar #ornikar #cpf #permisdeconduire #publicite,05/01,20/02,47,35 158,50,82,29,8 871,20,9,,,,,,,,,,,
2026-02-04,#bonplan #permis #ornikar #conduite #code,05/01,05/06,152,36 882,49,98,44,8 720,30,14,,,,,,,,,,,
2026-02-04,rs-driving-rebrand-promo-lejusteprix-459.mp4,02/02,05/02,4,41 908,48,101,17,4 015,12,5,,,,,,,,,,,
2026-02-04,Alors c’est vraiment pas seulement pour la #collab j’attends mes résultats et je vous laisserai savoir dès que je les ai haha,01/01,15/04,105,24 544,43,68,28,4 250,17,11,,,,,,,,,,,
2026-02-04,#CapCut,01/01,16/02,47,31 552,42,98,16,4 918,10,6,,,,,,,,,,,
2026-02-04,Image carousel 6,30/01,11/06,133,33 832,40,131,15,0,12,3,,,,,,,,,,,
2026-02-04,SHORT_THEORY_9-16_tableau_CuJ9zrIW.mp4,01/01,16/02,47,27 984,33,63,10,4 425,8,2,,,,,,,,,,,
2026-02-04,SV_THEORY_9-16_Yamine_Hook1_2pUuQ6OE.mp4,03/02,01/04,58,40 450,30,106,11,9 434,8,3,,,,,,,,,,,
2026-02-04,SHORT_THEORY_9-16_micro_oDVuNxkU.mp4,04/01,02/03,61,35 909,28,121,11,11 202,9,2,,,,,,,,,,,
2026-02-04,SHORT_THEORY_9-16_secret_5sfznyC2.mp4,04/01,16/02,47,17 393,28,66,14,6 827,8,6,,,,,,,,,,,
2026-02-04,SV_THEORY_9-16_Adrian_Hook3_zCRAuBOf.mp4,03/02,16/02,14,19 928,20,40,10,1 541,9,1,,,,,,,,,,,
2026-02-04,Scop_RS_916_POVCAM_PASSE TON CODE RAPIDEMENT.mp4,01/01,16/02,47,15 445,20,40,23,711,13,10,,,,,,,,,,,
2026-02-04,Image carousel 2,02/03,17/03,47,15 538,17,132,17,0,11,6,,,,,,,,,,,
2026-02-04,Scop_RS_916_POVCAM_SI ÇA TE SAOULE DE RÉVISER TON CODE.mp4,01/01,16/02,47,15 332,11,37,7,935,4,3,,,,,,,,,,,
2026-02-04,Image carousel 9,30/01,09/02,11,35 986,10,108,6,1,4,2,,,,,,,,,,,
2026-02-04,chasr-rs-video-9-16-code-vanina-BonneJournee-hook2_43PUnTs0.mp4,03/02,12/02,10,14 743,9,34,2,3 169,2,0,,,,,,,,,,,
2026-02-04,ornikar_promo-ornikar-02_luxerony_2026-01-15T20-28-30Z_ymrxcDqa.mp4,02/02,13/02,12,5 027,8,9,2,908,1,1,,,,,,,,,,,
2026-02-04,chasr-rs-video-9-16-code-vanina-LiveTikTok-hook1_YteVF9Qo.mp4,04/01,16/02,47,4 952,7,19,6,764,3,3,,,,,,,,,,,
2026-02-04,@Ornikar 💗 #code #codedelaroute #permis #ornikar #permisdeconduire,23/01,24/03,61,17 658,5,33,13,5 187,7,6,,,,,,,,,,,
2026-02-04,Image carousel 5,30/01,13/05,104,10 514,4,33,5,0,3,2,,,,,,,,,,,
2026-02-04,@Ornikar #ornikar,09/01,13/02,36,10 623,4,14,2,1 384,2,0,,,,,,,,,,,
2026-02-04,7600417503722799112,29/01,16/02,19,2 581,2,19,0,463,0,0,,,,,,,,,,,
2026-02-04,Image carousel 7,30/01,11/06,133,1 509,2,4,1,0,1,0,,,,,,,,,,,
2026-02-04,Image carousel 8,30/01,09/02,11,4 318,1,8,3,0,2,1,,,,,,,,,,,
2026-02-04,SHORT_THEORY_9-16_voiture_svbHiKAw.mp4,03/02,16/02,14,801,1,2,0,156,0,0,,,,,,,,,,,
2026-02-04,Scop_RS_916_POVCAM_OUBLIE LES MANUELS.mp4,03/02,16/02,14,6 788,0,19,2,668,1,1,,,,,,,,,,,
2026-02-04,7592940166902759442,23/01,11/02,20,24 576,0,4,3,4 913,2,1,,,,,,,,,,,
2026-02-04,AI-generated carousel 1,03/02,11/02,9,452,0,4,0,0,0,0,,,,,,,,,,,
2026-02-04,chasr-rs-video-9-16-code-vanina-BonneJournee-hook1_WNrHRQ3f.mp4,03/02,04/02,2,73,0,0,0,4,0,0,,,,,,,,,,,
2026-02-04,Ornikar c’est la base !,29/01,23/02,26,10 664,0,19,3,1 986,2,1,,,,,,,,,,,
2026-02-05,chasr-rs-video-9-16-conduite-leia-storytime-hook2.mp4,01/01,13/05,133,187 337,294,474,112,49 740,76,36,,,,,,,,,,,
2026-02-05,#CapCut,01/01,16/02,47,122 182,150,421,74,18 317,43,31,,,,,,,,,,,
2026-02-05,RS_Driving_Rebrand_PROMO_LesConseilsDesPotes_9-16_O8nWixF5.mp4,02/02,12/03,39,93 522,134,233,68,12 828,43,25,,,,,,,,,,,
2026-02-05,chasr-rs-video-9-16-conduiteCPF-dorian-ReponseArticle-hook2.mp4,01/01,20/02,51,63 553,68,155,33,26 316,24,9,,,,,,,,,,,
2026-02-05,Alors c’est vraiment pas seulement pour la #collab j’attends mes résultats et je vous laisserai savoir dès que je les ai haha,01/01,15/04,105,45 237,66,144,21,6 617,13,8,,,,,,,,,,,
2026-02-05,#bonplan #permis #ornikar #conduite #code,05/01,05/06,152,47 486,60,112,22,13 500,18,4,,,,,,,,,,,
2026-02-05,chasr-rs-video-9-16-conduiteCPF-dorian-VraieQuestion-hook3.mp4,01/01,20/02,51,54 771,58,130,29,8 253,18,11,,,,,,,,,,,
2026-02-05,Scop_RS_916_POVCAM_PASSE TON CODE RAPIDEMENT.mp4,01/01,16/02,47,50 643,56,107,33,2 411,21,12,,,,,,,,,,,
2026-02-05,_001,06/01,03/04,93,33 493,48,89,12,6 619,7,5,,,,,,,,,,,
2026-02-05,SHORT_THEORY_9-16_secret_5sfznyC2.mp4,04/01,16/02,47,27 091,47,76,21,11 101,14,7,,,,,,,,,,,
2026-02-05,Meilleure astuce @Ornikar #ornikar #cpf #permisdeconduire #publicite,05/01,20/02,47,32 074,41,102,12,7 938,10,2,,,,,,,,,,,
2026-02-05,SHORT_THEORY_9-16_Maman_ef0C1Dxh.mp4,04/01,01/04,91,33 190,41,110,16,8 601,11,5,,,,,,,,,,,
2026-02-05,Scop_RS_916_POVCAM_SI ÇA TE SAOULE DE RÉVISER TON CODE.mp4,01/01,16/02,47,41 509,39,98,16,3 702,11,5,,,,,,,,,,,
2026-02-05,Image carousel 6,30/01,11/06,133,32 749,38,112,4,0,3,1,,,,,,,,,,,
2026-02-05,SHORT_THEORY_9-16_micro_oDVuNxkU.mp4,04/01,02/03,61,51 183,23,144,28,19 227,18,10,,,,,,,,,,,
2026-02-05,ornikar_promo-permis-de-conduire-ornikar_kuramax29_2026-01-05T18-49-48Z.mp4,30/01,05/02,7,13 881,22,33,10,2 703,7,3,,,,,,,,,,,
2026-02-05,rs-driving-rebrand-promo-lejusteprix-459.mp4,02/02,05/02,4,16 213,22,36,8,1 787,6,2,,,,,,,,,,,
2026-02-05,ornikar_promo-ornikar-02_luxerony_2026-01-15T20-28-30Z_ymrxcDqa.mp4,02/02,13/02,12,9 632,21,23,10,1 758,6,4,,,,,,,,,,,
2026-02-05,@Ornikar #ornikar,09/01,13/02,36,16 423,21,42,10,1 848,6,4,,,,,,,,,,,
2026-02-05,SV_THEORY_9-16_Adrian_Hook3_zCRAuBOf.mp4,03/02,16/02,14,18 437,20,25,6,1 493,4,2,,,,,,,,,,,
2026-02-05,SHORT_THEORY_9-16_tableau_CuJ9zrIW.mp4,01/01,16/02,47,14 023,18,28,10,2 192,7,3,,,,,,,,,,,
2026-02-05,SV_THEORY_9-16_Yamine_Hook3_tZdLRzhU.mp4,03/02,12/02,10,16 336,16,22,4,2 424,3,1,,,,,,,,,,,
2026-02-05,Image carousel 2,02/03,17/03,47,6 861,14,106,7,1,4,3,,,,,,,,,,,
2026-02-05,Scop_RS_916_POVCAM_OUBLIE LES MANUELS.mp4,03/02,16/02,14,16 881,13,49,6,2 342,3,3,,,,,,,,,,,
2026-02-05,chasr-rs-video-9-16-code-vanina-LiveTikTok-hook1_YteVF9Qo.mp4,01/01,16/02,47,7 168,10,14,5,1 274,3,2,,,,,,,,,,,
2026-02-05,Image carousel 9,30/01,09/02,11,14 508,10,77,6,0,4,2,,,,,,,,,,,
2026-02-05,@Ornikar 💗 #code #codedelaroute #permis #ornikar #permisdeconduire,23/01,24/03,61,6 397,9,19,5,2 013,3,2,,,,,,,,,,,
2026-02-05,Image carousel 5,30/01,13/05,104,28 960,5,69,6,0,4,2,,,,,,,,,,,
2026-02-05,SV_THEORY_9-16_Yamine_Hook1_2pUuQ6OE.mp4,03/02,01/04,58,2 252,4,4,2,617,1,1,,,,,,,,,,,
2026-02-05,7600417503722799112,29/01,16/02,19,20 460,4,65,6,5 295,4,2,,,,,,,,,,,
2026-02-05,Image carousel 8,30/01,09/02,11,4 998,4,16,1,0,1,0,,,,,,,,,,,
2026-02-05,chasr-rs-video-9-16-code-vanina-BonneJournee-hook2_43PUnTs0.mp4,03/02,12/02,10,1 103,1,2,1,237,1,0,,,,,,,,,,,
2026-02-05,Image carousel 7,30/01,11/06,133,1 235,1,4,0,0,0,0,,,,,,,,,,,
2026-02-05,SHORT_THEORY_9-16_voiture_svbHiKAw.mp4,03/02,16/02,14,360,1,1,2,94,1,1,,,,,,,,,,,
2026-02-05,7592940166902759442,23/01,11/02,20,5 636,1,4,0,1 391,0,0,,,,,,,,,,,
2026-02-05,AI-generated carousel 1,03/02,11/02,9,3 601,0,5,0,0,0,0,,,,,,,,,,,
2026-02-05,Ornikar c’est la base !,29/01,23/02,26,4 160,0,4,0,834,0,0,,,,,,,,,,,
2026-02-05,rs-driving-bonnes-resolutions-lejusteprix-439-9-16.mp4,05/02,13/02,9,9,0,0,0,3,0,0,,,,,,,,,,,
2026-02-05,Copie de rs-driving-bonnes-resolutions-lejusteprix-439-9-16_AZqwWehK.mp4,05/02,13/02,9,19,0,0,0,6,0,0,,,,,,,,,,,
2026-02-06,chasr-rs-video-9-16-conduite-leia-storytime-hook2.mp4,01/01,13/05,133,232 498,325,606,74,61 287,53,21,,,,,,,,,,,
2026-02-06,RS_Driving_Rebrand_PROMO_LesConseilsDesPotes_9-16_O8nWixF5.mp4,02/02,12/03,39,155 103,202,437,71,21 576,46,25,,,,,,,,,,,
2026-02-06,#CapCut,01/01,16/02,47,119 033,159,446,44,18 715,26,18,,,,,,,,,,,
2026-02-06,SHORT_THEORY_9-16_Maman_ef0C1Dxh.mp4,04/01,01/04,91,98 119,115,404,49,28 685,33,16,,,,,,,,,,,
2026-02-06,chasr-rs-video-9-16-conduiteCPF-dorian-ReponseArticle-hook2.mp4,01/01,20/02,51,69 440,85,169,30,27 428,21,9,,,,,,,,,,,
2026-02-06,ornikar_promo-ornikar-02_luxerony_2026-01-15T20-28-30Z_ymrxcDqa.mp4,02/02,13/02,12,50 839,79,137,10,9 125,10,0,,,,,,,,,,,
2026-02-06,chasr-rs-video-9-16-conduiteCPF-dorian-VraieQuestion-hook3.mp4,01/01,20/02,51,99 890,74,228,34,14 740,20,14,,,,,,,,,,,
2026-02-06,Social_FOMO_CPF_Laetitia_9-16_Hook03_20BkOZdN.mp4,06/02,20/02,15,117 883,70,230,41,11 805,28,13,,,,,,,,,,,
2026-02-06,#bonplan #permis #ornikar #conduite #code,05/01,05/06,152,55 821,63,129,26,15 834,20,6,,,,,,,,,,,
2026-02-06,Alors c’est vraiment pas seulement pour la #collab j’attends mes résultats et je vous laisserai savoir dès que je les ai haha,01/01,15/04,105,47 778,61,151,22,7 133,13,9,,,,,,,,,,,
2026-02-06,Scop_RS_916_POVCAM_SI ÇA TE SAOULE DE RÉVISER TON CODE.mp4,01/01,16/02,47,47 855,52,107,20,4 646,12,8,,,,,,,,,,,
2026-02-06,Scop_RS_916_POVCAM_PASSE TON CODE RAPIDEMENT.mp4,01/01,16/02,47,39 210,47,85,10,2 180,6,4,,,,,,,,,,,
2026-02-06,SHORT_THEORY_9-16_secret_5sfznyC2.mp4,04/01,16/02,47,48 228,42,116,21,15 731,15,6,,,,,,,,,,,
2026-02-06,SHORT_THEORY_9-16_micro_oDVuNxkU.mp4,04/01,02/03,61,71 648,40,238,34,24 646,24,10,,,,,,,,,,,
2026-02-06,Social_FOMO_CPF_Laetitia_9-16-Hook02_QDTWEa7d.mp4,06/02,20/02,15,60 773,35,125,16,6 798,11,5,,,,,,,,,,,
2026-02-06,_001,06/01,03/04,93,21 512,29,43,10,3 536,6,4,,,,,,,,,,,
2026-02-06,SHORT_THEORY_9-16_tableau_CuJ9zrIW.mp4,01/01,16/02,47,22 482,26,50,6,3 012,5,1,,,,,,,,,,,
2026-02-06,rs-driving-bonnes-resolutions-lejusteprix-439-9-16.mp4,05/02,13/02,9,33 624,23,62,9,3 854,7,2,,,,,,,,,,,
2026-02-06,chasr-rs-video-9-16-code-vanina-LiveTikTok-hook1_YteVF9Qo.mp4,01/01,16/02,47,36 906,20,93,10,8 036,6,4,,,,,,,,,,,
2026-02-06,Meilleure astuce @Ornikar #ornikar #cpf #permisdeconduire #publicite,05/01,20/02,47,15 344,20,48,9,3 805,6,3,,,,,,,,,,,
2026-02-06,SV_THEORY_9-16_Yamine_Hook3_tZdLRzhU.mp4,03/02,12/02,10,18 740,17,27,8,2 382,6,2,,,,,,,,,,,
2026-02-06,Image carousel 2,02/03,17/03,47,12 196,17,101,3,0,2,1,,,,,,,,,,,
2026-02-06,SV_THEORY_9-16_Adrian_Hook3_zCRAuBOf.mp4,03/02,16/02,14,9 407,9,15,2,612,2,0,,,,,,,,,,,
2026-02-06,Image carousel 6,30/01,11/06,133,19 234,8,42,7,0,6,1,,,,,,,,,,,
2026-02-06,Image carousel 9,30/01,09/02,11,11 033,6,66,4,0,3,1,,,,,,,,,,,
2026-02-06,7600417503722799112,29/01,16/02,19,25 870,5,63,7,5 361,6,1,,,,,,,,,,,
2026-02-06,@Ornikar 💗 #code #codedelaroute #permis #ornikar #permisdeconduire,23/01,24/03,61,8 515,4,17,10,2 384,5,5,,,,,,,,,,,
2026-02-06,Social_FOMO_CPF_Laetitia_9-16_Hook01_1tkTBW5f.mp4,06/02,20/02,15,24 124,3,40,4,3 824,4,0,,,,,,,,,,,
2026-02-06,@Ornikar #ornikar,09/01,13/02,36,4 652,3,13,0,605,0,0,,,,,,,,,,,
2026-02-06,Copie de rs-driving-bonnes-resolutions-lejusteprix-439-9-16_AZqwWehK.mp4,05/02,13/02,9,13 681,3,24,0,1 405,0,0,,,,,,,,,,,
2026-02-06,Image carousel 5,30/01,13/05,104,24 504,3,37,2,0,1,1,,,,,,,,,,,
2026-02-06,SV_THEORY_9-16_Yamine_Hook1_2pUuQ6OE.mp4,03/02,01/04,58,1 742,2,3,2,352,2,0,,,,,,,,,,,
2026-02-06,Image carousel 8,30/01,09/02,11,16 538,2,42,1,0,1,0,,,,,,,,,,,
2026-02-06,7592940166902759442,23/01,11/02,20,5 167,1,9,1,1 437,1,0,,,,,,,,,,,
2026-02-06,Image carousel 7,30/01,11/06,133,5 511,1,13,1,0,1,0,,,,,,,,,,,
2026-02-06,SHORT_THEORY_9-16_voiture_svbHiKAw.mp4,03/02,16/02,14,485,1,1,2,111,1,1,,,,,,,,,,,
2026-02-06,Scop_RS_916_POVCAM_OUBLIE LES MANUELS.mp4,03/02,16/02,14,3 709,1,4,4,542,3,1,,,,,,,,,,,
2026-02-06,chasr-rs-video-9-16-code-vanina-BonneJournee-hook2_43PUnTs0.mp4,03/02,12/02,10,747,1,1,0,158,0,0,,,,,,,,,,,
2026-02-06,Ornikar c’est la base !,29/01,23/02,26,3 946,0,2,0,719,0,0,,,,,,,,,,,
2026-02-06,AI-generated carousel 1,03/02,11/02,9,2 469,0,1,0,0,0,0,,,,,,,,,,,
2026-02-07,RS_Driving_Rebrand_PROMO_LesConseilsDesPotes_9-16_O8nWixF5.mp4,02/02,12/03,39,148 462,231,421,66,21 806,44,22,,,,,,,,,,,
2026-02-07,chasr-rs-video-9-16-conduite-leia-storytime-hook2.mp4,01/01,13/05,133,132 429,227,383,77,32 497,50,27,,,,,,,,,,,
2026-02-07,#CapCut,01/01,16/02,47,91 805,143,308,28,13 104,19,9,,,,,,,,,,,
2026-02-07,ornikar_promo-ornikar-02_luxerony_2026-01-15T20-28-30Z_ymrxcDqa.mp4,02/02,13/02,12,58 566,99,185,37,11 432,27,10,,,,,,,,,,,
2026-02-07,chasr-rs-video-9-16-conduiteCPF-dorian-ReponseArticle-hook2.mp4,01/01,20/02,51,65 951,89,179,24,26 555,19,5,,,,,,,,,,,
2026-02-07,SHORT_THEORY_9-16_Maman_ef0C1Dxh.mp4,04/01,01/04,91,62 715,86,245,28,16 836,16,12,,,,,,,,,,,
2026-02-07,chasr-rs-video-9-16-conduiteCPF-dorian-VraieQuestion-hook3.mp4,01/01,20/02,51,76 821,76,193,23,10 525,17,6,,,,,,,,,,,
2026-02-07,SHORT_THEORY_9-16_micro_oDVuNxkU.mp4,04/01,02/03,61,65 341,67,247,33,18 040,23,10,,,,,,,,,,,
2026-02-07,Scop_RS_916_POVCAM_SI ÇA TE SAOULE DE RÉVISER TON CODE.mp4,01/01,16/02,47,35 498,59,81,12,3 831,8,4,,,,,,,,,,,
2026-02-07,Meilleure astuce @Ornikar #ornikar #cpf #permisdeconduire #publicite,05/01,20/02,47,34 506,49,119,21,8 927,14,7,,,,,,,,,,,
2026-02-07,Social_FOMO_CPF_Laetitia_9-16-Hook02_QDTWEa7d.mp4,06/02,20/02,15,33 882,47,74,15,5 547,8,7,,,,,,,,,,,
2026-02-07,rs-driving-bonnes-resolutions-lejusteprix-439-9-16.mp4,05/02,13/02,9,39 204,47,84,8,5 075,7,1,,,,,,,,,,,
2026-02-07,Scop_RS_916_POVCAM_PASSE TON CODE RAPIDEMENT.mp4,01/01,16/02,47,30 267,47,56,15,1 699,11,4,,,,,,,,,,,
2026-02-07,Alors c’est vraiment pas seulement pour la #collab j’attends mes résultats et je vous laisserai savoir dès que je les ai haha,01/01,15/04,105,30 422,44,96,24,4 260,14,10,,,,,,,,,,,
2026-02-07,#bonplan #permis #ornikar #conduite #code,05/01,05/06,152,29 538,44,70,10,8 782,6,4,,,,,,,,,,,
2026-02-07,Social_FOMO_CPF_Laetitia_9-16_Hook03_20BkOZdN.mp4,06/02,20/02,15,44 922,38,116,15,5 407,11,4,,,,,,,,,,,
2026-02-07,_001,06/01,03/04,93,30 269,36,73,14,5 514,7,7,,,,,,,,,,,
2026-02-07,SHORT_THEORY_9-16_secret_5sfznyC2.mp4,04/01,16/02,47,19 073,27,52,9,7 107,5,4,,,,,,,,,,,
2026-02-07,SV_THEORY_9-16_Adrian_Hook3_zCRAuBOf.mp4,03/02,16/02,14,20 780,19,39,3,1 590,3,0,,,,,,,,,,,
2026-02-07,SHORT_THEORY_9-16_tableau_CuJ9zrIW.mp4,01/01,16/02,47,17 910,19,39,1,2 254,1,0,,,,,,,,,,,
2026-02-07,chasr-rs-video-9-16-code-vanina-LiveTikTok-hook1_YteVF9Qo.mp4,01/01,16/02,47,18 832,18,46,11,4 847,6,5,,,,,,,,,,,
2026-02-07,Image carousel 6,30/01,11/06,133,15 785,12,46,5,0,3,2,,,,,,,,,,,
2026-02-07,SV_THEORY_9-16_Yamine_Hook3_tZdLRzhU.mp4,03/02,12/02,10,11 602,10,25,2,1 324,1,1,,,,,,,,,,,
2026-02-07,Copie de rs-driving-bonnes-resolutions-lejusteprix-439-9-16_AZqwWehK.mp4,05/02,13/02,9,21 150,7,45,2,2 680,1,1,,,,,,,,,,,
2026-02-07,Image carousel 9,30/01,09/02,11,11 673,7,84,1,0,1,0,,,,,,,,,,,
2026-02-07,@Ornikar 💗 #code #codedelaroute #permis #ornikar #permisdeconduire,23/01,24/03,61,8 078,6,15,5,2 479,3,2,,,,,,,,,,,
2026-02-07,Social_FOMO_CPF_Laetitia_9-16_Hook01_1tkTBW5f.mp4,06/02,20/02,15,11 321,6,19,1,2 372,1,0,,,,,,,,,,,
2026-02-07,Image carousel 2,02/03,17/03,47,8 364,6,43,2,0,1,1,,,,,,,,,,,
2026-02-07,@Ornikar #ornikar,09/01,13/02,36,5 274,5,12,1,676,1,0,,,,,,,,,,,
2026-02-07,SV_THEORY_9-16_Yamine_Hook1_2pUuQ6OE.mp4,03/02,01/04,58,3 568,5,8,4,757,3,1,,,,,,,,,,,
2026-02-07,Image carousel 8,30/01,09/02,11,25 881,4,52,4,1,2,2,,,,,,,,,,,
2026-02-07,7600417503722799112,29/01,16/02,19,9 552,4,26,0,2 098,0,0,,,,,,,,,,,
2026-02-07,SHORT_THEORY_9-16_voiture_svbHiKAw.mp4,03/02,16/02,14,1 141,2,1,0,256,0,0,,,,,,,,,,,
2026-02-07,Image carousel 7,30/01,11/06,133,10 647,1,23,1,0,1,0,,,,,,,,,,,
2026-02-07,Image carousel 5,30/01,13/05,104,12 126,1,34,1,0,1,0,,,,,,,,,,,
2026-02-07,7592940166902759442,23/01,11/02,20,3 204,1,1,0,889,0,0,,,,,,,,,,,
2026-02-07,Scop_RS_916_POVCAM_OUBLIE LES MANUELS.mp4,03/02,16/02,14,1 083,0,2,0,163,0,0,,,,,,,,,,,
2026-02-07,chasr-rs-video-9-16-code-vanina-BonneJournee-hook2_43PUnTs0.mp4,03/02,12/02,10,336,0,1,0,66,0,0,,,,,,,,,,,
2026-02-07,Ornikar c’est la base !,29/01,23/02,26,2 409,0,6,2,527,1,1,,,,,,,,,,,
2026-02-07,AI-generated carousel 1,03/02,11/02,9,515,0,1,0,0,0,0,,,,,,,,,,,
2026-02-08,RS_Driving_Rebrand_PROMO_LesConseilsDesPotes_9-16_O8nWixF5.mp4,02/02,12/03,39,126 772,184,381,69,17 030,46,23,,,,,,,,,,,
2026-02-08,chasr-rs-video-9-16-conduite-leia-storytime-hook2.mp4,01/01,13/05,133,93 046,166,262,42,22 086,27,15,,,,,,,,,,,
2026-02-08,#CapCut,01/01,16/02,47,78 500,125,329,29,11 586,18,11,,,,,,,,,,,
2026-02-08,ornikar_promo-ornikar-02_luxerony_2026-01-15T20-28-30Z_ymrxcDqa.mp4,02/02,13/02,12,73 389,122,214,40,15 146,26,14,,,,,,,,,,,
2026-02-08,Social_FOMO_CPF_Laetitia_9-16-Hook02_QDTWEa7d.mp4,06/02,20/02,15,65 969,115,171,28,9 940,16,12,,,,,,,,,,,
2026-02-08,Scop_RS_916_POVCAM_SI ÇA TE SAOULE DE RÉVISER TON CODE.mp4,01/01,16/02,47,19 366,92,66,45,2 338,26,19,,,,,,,,,,,
2026-02-08,chasr-rs-video-9-16-conduiteCPF-dorian-ReponseArticle-hook2.mp4,01/01,20/02,51,65 343,92,196,37,25 425,24,13,,,,,,,,,,,
2026-02-08,Alors c’est vraiment pas seulement pour la #collab j’attends mes résultats et je vous laisserai savoir dès que je les ai haha,01/01,15/04,105,21 363,76,76,25,3 882,14,11,,,,,,,,,,,
2026-02-08,chasr-rs-video-9-16-conduiteCPF-dorian-VraieQuestion-hook3.mp4,01/01,20/02,51,62 510,75,177,30,8 030,19,11,,,,,,,,,,,
2026-02-08,Social_FOMO_CPF_Laetitia_9-16_Hook03_20BkOZdN.mp4,06/02,20/02,15,60 276,70,161,19,6 253,16,3,,,,,,,,,,,
2026-02-08,Scop_RS_916_POVCAM_PASSE TON CODE RAPIDEMENT.mp4,01/01,16/02,47,32 035,61,80,19,1 665,14,5,,,,,,,,,,,
2026-02-08,SHORT_THEORY_9-16_secret_5sfznyC2.mp4,04/01,16/02,47,38 030,61,144,17,11 697,11,6,,,,,,,,,,,
2026-02-08,SHORT_THEORY_9-16_micro_oDVuNxkU.mp4,04/01,02/03,61,55 277,57,219,28,16 578,18,10,,,,,,,,,,,
2026-02-08,_001,06/01,03/04,93,49 293,51,106,27,8 489,18,9,,,,,,,,,,,
2026-02-08,Meilleure astuce @Ornikar #ornikar #cpf #permisdeconduire #publicite,05/01,20/02,47,35 283,49,136,29,9 420,19,10,,,,,,,,,,,
2026-02-08,SHORT_THEORY_9-16_Maman_ef0C1Dxh.mp4,04/01,01/04,91,35 452,45,148,11,9 843,9,2,,,,,,,,,,,
2026-02-08,Image carousel 9,30/01,09/02,11,19 894,31,137,15,0,11,4,,,,,,,,,,,
2026-02-08,Image carousel 6,30/01,11/06,133,28 689,30,89,8,0,5,3,,,,,,,,,,,
2026-02-08,#bonplan #permis #ornikar #conduite #code,05/01,05/06,152,18 937,28,40,13,5 616,8,5,,,,,,,,,,,
2026-02-08,Image carousel 2,02/03,17/03,47,5 209,20,64,8,0,5,3,,,,,,,,,,,
2026-02-08,SHORT_THEORY_9-16_tableau_CuJ9zrIW.mp4,01/01,16/02,47,22 824,19,51,14,2 305,9,5,,,,,,,,,,,
2026-02-08,SV_THEORY_9-16_Adrian_Hook3_zCRAuBOf.mp4,03/02,16/02,14,21 649,17,38,4,1 588,3,1,,,,,,,,,,,
2026-02-08,@Ornikar 💗 #code #codedelaroute #permis #ornikar #permisdeconduire,23/01,24/03,61,6 427,13,15,9,1 801,6,3,,,,,,,,,,,
2026-02-08,rs-driving-bonnes-resolutions-lejusteprix-439-9-16.mp4,05/02,13/02,9,11 900,13,34,2,1 634,2,0,,,,,,,,,,,
2026-02-08,chasr-rs-video-9-16-code-vanina-LiveTikTok-hook1_YteVF9Qo.mp4,01/01,16/02,47,13 861,9,38,12,4 447,7,5,,,,,,,,,,,
2026-02-08,SV_THEORY_9-16_Yamine_Hook3_tZdLRzhU.mp4,03/02,12/02,10,9 567,7,17,1,1 045,1,0,,,,,,,,,,,
2026-02-08,Social_FOMO_CPF_Laetitia_9-16_Hook01_1tkTBW5f.mp4,06/02,20/02,15,6 037,7,11,2,959,2,0,,,,,,,,,,,
2026-02-08,7600417503722799112,29/01,16/02,19,10 380,7,33,3,2 308,2,1,,,,,,,,,,,
2026-02-08,Copie de rs-driving-bonnes-resolutions-lejusteprix-439-9-16_AZqwWehK.mp4,05/02,13/02,9,11 809,6,24,6,1 370,4,2,,,,,,,,,,,
2026-02-08,Image carousel 8,30/01,09/02,11,14 550,5,31,1,0,1,0,,,,,,,,,,,
2026-02-08,@Ornikar #ornikar,09/01,13/02,36,4 289,4,8,2,519,2,0,,,,,,,,,,,
2026-02-08,SV_THEORY_9-16_Yamine_Hook1_2pUuQ6OE.mp4,03/02,01/04,58,2 107,3,4,0,416,0,0,,,,,,,,,,,
2026-02-08,Image carousel 5,30/01,13/05,104,11 744,3,33,1,0,1,0,,,,,,,,,,,
2026-02-08,Image carousel 7,30/01,11/06,133,10 351,2,21,3,0,2,1,,,,,,,,,,,
2026-02-08,SHORT_THEORY_9-16_voiture_svbHiKAw.mp4,03/02,16/02,14,1 229,1,2,1,235,1,0,,,,,,,,,,,
2026-02-08,Scop_RS_916_POVCAM_OUBLIE LES MANUELS.mp4,03/02,16/02,14,1 541,1,2,0,216,0,0,,,,,,,,,,,
2026-02-08,Ornikar c’est la base !,29/01,23/02,26,2 484,1,6,1,518,1,0,,,,,,,,,,,
2026-02-08,7592940166902759442,23/01,11/02,20,1 352,0,0,0,398,0,0,,,,,,,,,,,
2026-02-08,chasr-rs-video-9-16-code-vanina-BonneJournee-hook2_43PUnTs0.mp4,03/02,12/02,10,246,0,2,0,61,0,0,,,,,,,,,,,
2026-02-08,AI-generated carousel 1,03/02,11/02,9,418,0,0,0,0,0,0,,,,,,,,,,,
2026-02-09,#CapCut,01/01,16/02,47,98 892,167,415,76,16 644,44,32,,,,,,,,,,,
2026-02-09,ornikar_promo-ornikar-02_luxerony_2026-01-15T20-28-30Z_ymrxcDqa.mp4,02/02,13/02,12,77 246,142,256,49,17 093,34,15,,,,,,,,,,,
2026-02-09,RS_Driving_Rebrand_PROMO_LesConseilsDesPotes_9-16_O8nWixF5.mp4,02/02,12/03,39,82 115,133,207,34,10 481,27,7,,,,,,,,,,,
2026-02-09,#bonplan #permis #ornikar #conduite #code,05/01,05/06,152,70 129,105,197,36,19 012,25,11,,,,,,,,,,,
2026-02-09,Social_FOMO_CPF_Laetitia_9-16_Hook03_20BkOZdN.mp4,06/02,20/02,15,70 268,104,212,42,7 742,29,13,,,,,,,,,,,
2026-02-09,chasr-rs-video-9-16-conduiteCPF-dorian-ReponseArticle-hook2.mp4,01/01,20/02,51,68 669,100,206,31,26 733,23,8,,,,,,,,,,,
2026-02-09,Meilleure astuce @Ornikar #ornikar #cpf #permisdeconduire #publicite,05/01,20/02,47,61 056,96,232,26,15 542,19,7,,,,,,,,,,,
2026-02-09,Social_FOMO_CPF_Laetitia_9-16-Hook02_QDTWEa7d.mp4,06/02,20/02,15,39 456,83,108,22,5 588,18,4,,,,,,,,,,,
2026-02-09,Scop_RS_916_POVCAM_SI ÇA TE SAOULE DE RÉVISER TON CODE.mp4,01/01,16/02,47,24 358,83,54,34,2 377,19,15,,,,,,,,,,,
2026-02-09,SHORT_THEORY_9-16_micro_oDVuNxkU.mp4,04/01,02/03,61,53 892,67,212,26,14 645,19,7,,,,,,,,,,,
2026-02-09,SHORT_THEORY_9-16_Maman_ef0C1Dxh.mp4,04/01,01/04,91,49 506,66,169,28,14 072,19,9,,,,,,,,,,,
2026-02-09,_001,06/01,03/04,93,49 809,63,106,27,9 516,20,7,,,,,,,,,,,
2026-02-09,chasr-rs-video-9-16-conduiteCPF-dorian-VraieQuestion-hook3.mp4,01/01,20/02,51,32 131,55,84,7,4 360,4,3,,,,,,,,,,,
2026-02-09,Image carousel 6,30/01,11/06,133,29 849,55,135,24,0,16,8,,,,,,,,,,,
2026-02-09,Alors c’est vraiment pas seulement pour la #collab j’attends mes résultats et je vous laisserai savoir dès que je les ai haha,01/01,15/04,105,24 282,53,94,23,3 553,13,10,,,,,,,,,,,
2026-02-09,Scop_RS_916_POVCAM_PASSE TON CODE RAPIDEMENT.mp4,01/01,16/02,47,27 593,46,61,14,1 475,8,6,,,,,,,,,,,
2026-02-09,SHORT_THEORY_9-16_secret_5sfznyC2.mp4,04/01,16/02,47,21 267,45,91,17,5 232,12,5,,,,,,,,,,,
2026-02-09,chasr-rs-video-9-16-conduite-leia-storytime-hook2.mp4,01/01,13/05,133,21 557,34,70,15,6 309,11,4,,,,,,,,,,,
2026-02-09,Image carousel 5,30/01,13/05,104,4 096,28,91,8,1,6,2,,,,,,,,,,,
2026-02-09,Image carousel 2,02/03,17/03,47,1 799,27,105,8,0,5,3,,,,,,,,,,,
2026-02-09,ornikar_promo-ornikar-02_larefetudiante_2026-01-22T21-03-04Z_7VX6H8iu.mp4,09/02,13/02,5,37 261,23,101,8,4 892,5,3,,,,,,,,,,,
2026-02-09,SV_THEORY_9-16_Adrian_Hook3_zCRAuBOf.mp4,03/02,16/02,14,27 204,22,40,7,1 861,5,2,,,,,,,,,,,
2026-02-09,SHORT_THEORY_9-16_tableau_CuJ9zrIW.mp4,01/01,16/02,47,19 654,18,41,6,1 865,5,1,,,,,,,,,,,
2026-02-09,Copie de rs-driving-bonnes-resolutions-lejusteprix-439-9-16_AZqwWehK.mp4,05/02,13/02,9,10 232,13,24,7,1 165,4,3,,,,,,,,,,,
2026-02-09,chasr-rs-video-9-16-code-vanina-LiveTikTok-hook1_YteVF9Qo.mp4,01/01,16/02,47,10 430,12,35,8,2 700,6,2,,,,,,,,,,,
2026-02-09,Image carousel 9,30/01,09/02,11,2 278,9,30,0,0,0,0,,,,,,,,,,,
2026-02-09,SV_THEORY_9-16_Yamine_Hook3_tZdLRzhU.mp4,03/02,12/02,10,10 319,9,11,3,1 231,2,1,,,,,,,,,,,
2026-02-09,rs-driving-bonnes-resolutions-lejusteprix-439-9-16.mp4,05/02,13/02,9,5 614,9,16,7,640,4,3,,,,,,,,,,,
2026-02-09,Social_FOMO_CPF_Laetitia_9-16_Hook01_1tkTBW5f.mp4,06/02,20/02,15,4 942,7,11,0,776,0,0,,,,,,,,,,,
2026-02-09,@Ornikar 💗 #code #codedelaroute #permis #ornikar #permisdeconduire,23/01,24/03,61,3 070,6,5,5,809,4,1,,,,,,,,,,,
2026-02-09,chasr-rs-video-9-16-code-vanina-BonneJournee-hook2_43PUnTs0.mp4,03/02,12/02,10,3 218,3,9,0,508,0,0,,,,,,,,,,,
2026-02-09,@Ornikar #ornikar,09/01,13/02,36,2 245,2,3,0,312,0,0,,,,,,,,,,,
2026-02-09,SV_THEORY_9-16_Yamine_Hook1_2pUuQ6OE.mp4,03/02,01/04,58,1 373,2,2,3,302,2,1,,,,,,,,,,,
2026-02-09,7600417503722799112,29/01,16/02,19,7 313,2,21,1,1 624,1,0,,,,,,,,,,,
2026-02-09,Scop_RS_916_POVCAM_OUBLIE LES MANUELS.mp4,03/02,16/02,14,758,1,4,0,85,0,0,,,,,,,,,,,
2026-02-09,Image carousel 7,30/01,11/06,133,993,1,4,2,0,1,1,,,,,,,,,,,
2026-02-09,SHORT_THEORY_9-16_voiture_svbHiKAw.mp4,03/02,16/02,14,778,1,1,0,149,0,0,,,,,,,,,,,
2026-02-09,Image carousel 8,30/01,09/02,11,285,1,3,0,0,0,0,,,,,,,,,,,
2026-02-09,7592940166902759442,23/01,11/02,20,515,0,0,0,137,0,0,,,,,,,,,,,
2026-02-09,Ornikar c’est la base !,29/01,23/02,26,1 735,0,1,1,337,1,0,,,,,,,,,,,
2026-02-09,AI-generated carousel 1,03/02,11/02,9,290,0,0,0,0,0,0,,,,,,,,,,,
2026-02-10,Social_FOMO_CPF_Laetitia_9-16-Hook02_QDTWEa7d.mp4,06/02,20/02,15,73 306,160,171,43,12 155,31,12,,,,,,,,,,,
2026-02-10,#CapCut,01/01,16/02,47,93 757,158,396,60,14 488,34,26,,,,,,,,,,,
2026-02-10,ornikar_promo-ornikar-02_luxerony_2026-01-15T20-28-30Z_ymrxcDqa.mp4,02/02,13/02,12,91 487,151,275,41,21 543,27,14,,,,,,,,,,,
2026-02-10,Social_FOMO_CPF_Laetitia_9-16_Hook03_20BkOZdN.mp4,06/02,20/02,15,101 963,149,286,42,12 806,33,9,,,,,,,,,,,
2026-02-10,chasr-rs-video-9-16-conduiteCPF-dorian-ReponseArticle-hook2.mp4,01/01,20/02,51,99 591,149,257,56,39 639,41,15,,,,,,,,,,,
2026-02-10,RS_Driving_Rebrand_PROMO_LesConseilsDesPotes_9-16_O8nWixF5.mp4,02/02,12/03,39,70 663,113,176,28,8 802,19,9,,,,,,,,,,,
2026-02-10,_001,06/01,03/04,93,59 387,67,130,10,10 935,9,1,,,,,,,,,,,
2026-02-10,chasr-rs-video-9-16-conduiteCPF-dorian-VraieQuestion-hook3.mp4,01/01,20/02,51,42 939,67,104,19,5 909,14,5,,,,,,,,,,,
2026-02-10,SHORT_THEORY_9-16_micro_oDVuNxkU.mp4,04/01,02/03,61,40 176,56,185,25,11 552,17,8,,,,,,,,,,,
2026-02-10,#bonplan #permis #ornikar #conduite #code,05/01,05/06,152,34 105,54,84,12,9 750,9,3,,,,,,,,,,,
2026-02-10,SHORT_THEORY_9-16_Maman_ef0C1Dxh.mp4,04/01,01/04,91,36 912,51,147,22,10 140,14,8,,,,,,,,,,,
2026-02-10,Meilleure astuce @Ornikar #ornikar #cpf #permisdeconduire #publicite,05/01,20/02,47,34 358,50,120,17,8 728,9,8,,,,,,,,,,,
2026-02-10,Image carousel 6,30/01,11/06,133,36 830,50,98,17,0,8,9,,,,,,,,,,,
2026-02-10,Alors c’est vraiment pas seulement pour la #collab j’attends mes résultats et je vous laisserai savoir dès que je les ai haha,01/01,15/04,105,29 775,46,116,26,4 482,15,11,,,,,,,,,,,
2026-02-10,Scop_RS_916_POVCAM_SI ÇA TE SAOULE DE RÉVISER TON CODE.mp4,01/01,16/02,47,17 602,36,45,14,1 676,9,5,,,,,,,,,,,
2026-02-10,SHORT_THEORY_9-16_secret_5sfznyC2.mp4,04/01,16/02,47,15 029,32,61,27,4 281,17,10,,,,,,,,,,,
2026-02-10,Scop_RS_916_POVCAM_PASSE TON CODE RAPIDEMENT.mp4,01/01,16/02,47,20 254,29,43,9,1 059,6,3,,,,,,,,,,,
2026-02-10,chasr-rs-video-9-16-code-vanina-LiveTikTok-hook1_YteVF9Qo.mp4,01/01,16/02,47,12 621,26,65,8,2 816,5,3,,,,,,,,,,,
2026-02-10,SHORT_THEORY_9-16_tableau_CuJ9zrIW.mp4,01/01,16/02,47,30 228,25,56,10,2 822,8,2,,,,,,,,,,,
2026-02-10,Image carousel 5,30/01,13/05,104,5 401,15,100,6,0,5,1,,,,,,,,,,,
2026-02-10,Image carousel 2,02/03,17/03,47,14 566,15,105,8,0,5,3,,,,,,,,,,,
2026-02-10,SV_THEORY_9-16_Adrian_Hook3_zCRAuBOf.mp4,03/02,16/02,14,17 816,14,25,4,1 188,3,1,,,,,,,,,,,
2026-02-10,ornikar_promo-ornikar-02_larefetudiante_2026-01-22T21-03-04Z_7VX6H8iu.mp4,09/02,13/02,5,24 312,12,55,7,3 128,5,2,,,,,,,,,,,
2026-02-10,Social_FOMO_CPF_Laetitia_9-16_Hook01_1tkTBW5f.mp4,06/02,20/02,15,8 221,12,12,3,1 451,2,1,,,,,,,,,,,
2026-02-10,SV_THEORY_9-16_Yamine_Hook3_tZdLRzhU.mp4,03/02,12/02,10,13 520,11,20,6,1 665,5,1,,,,,,,,,,,
2026-02-10,rs-driving-bonnes-resolutions-lejusteprix-439-9-16.mp4,05/02,13/02,9,7 558,11,16,6,918,4,2,,,,,,,,,,,
2026-02-10,Scop_RS_916_POVCAM_OUBLIE LES MANUELS.mp4,03/02,16/02,14,4 038,6,8,0,529,0,0,,,,,,,,,,,
2026-02-10,Copie de rs-driving-bonnes-resolutions-lejusteprix-439-9-16_AZqwWehK.mp4,05/02,13/02,9,3 338,5,10,2,363,1,1,,,,,,,,,,,
2026-02-10,7600417503722799112,29/01,16/02,19,3 697,5,18,0,793,0,0,,,,,,,,,,,
2026-02-10,chasr-rs-video-9-16-code-vanina-BonneJournee-hook2_43PUnTs0.mp4,03/02,12/02,10,4 706,4,13,0,973,0,0,,,,,,,,,,,
2026-02-10,@Ornikar 💗 #code #codedelaroute #permis #ornikar #permisdeconduire,23/01,24/03,61,1 096,1,1,0,287,0,0,,,,,,,,,,,
2026-02-10,Image carousel 7,30/01,11/06,133,1 562,1,4,0,0,0,0,,,,,,,,,,,
2026-02-10,@Ornikar #ornikar,09/01,13/02,36,1 802,1,3,2,273,1,1,,,,,,,,,,,
2026-02-10,SV_THEORY_9-16_Yamine_Hook1_2pUuQ6OE.mp4,03/02,01/04,58,431,1,0,0,80,0,0,,,,,,,,,,,
2026-02-10,SHORT_THEORY_9-16_voiture_svbHiKAw.mp4,03/02,16/02,14,267,0,0,0,45,0,0,,,,,,,,,,,
2026-02-10,7592940166902759442,23/01,11/02,20,214,0,0,0,72,0,0,,,,,,,,,,,
2026-02-10,AI-generated carousel 1,03/02,11/02,9,41,0,0,0,0,0,0,,,,,,,,,,,
2026-02-10,Ornikar c’est la base !,29/01,23/02,26,641,0,0,0,145,0,0,,,,,,,,,,,
2026-02-11,#CapCut,01/01,16/02,47,109 698,173,431,70,16 453,43,27,,,,,,,,,,,
2026-02-11,chasr-rs-video-9-16-conduiteCPF-dorian-ReponseArticle-hook2.mp4,01/01,20/02,51,115 220,164,327,48,43 452,33,15,,,,,,,,,,,
2026-02-11,ornikar_promo-ornikar-02_luxerony_2026-01-15T20-28-30Z_ymrxcDqa.mp4,02/02,13/02,12,103 966,158,326,61,23 108,42,19,,,,,,,,,,,
2026-02-11,Social_FOMO_CPF_Laetitia_9-16-Hook02_QDTWEa7d.mp4,06/02,20/02,15,79 544,152,215,43,15 500,29,14,,,,,,,,,,,
2026-02-11,RS_Driving_Rebrand_PROMO_LesConseilsDesPotes_9-16_O8nWixF5.mp4,02/02,12/03,39,80 110,121,238,39,9 281,24,15,,,,,,,,,,,
2026-02-11,Social_FOMO_CPF_Laetitia_9-16_Hook03_20BkOZdN.mp4,06/02,20/02,15,76 654,106,198,37,9 500,29,8,,,,,,,,,,,
2026-02-11,chasr-rs-video-9-16-conduiteCPF-dorian-VraieQuestion-hook3.mp4,01/01,20/02,51,58 662,98,146,30,7 661,20,10,,,,,,,,,,,
2026-02-11,#bonplan #permis #ornikar #conduite #code,05/01,05/06,152,49 696,79,148,16,13 438,14,2,,,,,,,,,,,
2026-02-11,_001,06/01,03/04,93,54 897,72,131,29,10 899,21,8,,,,,,,,,,,
2026-02-11,Alors c’est vraiment pas seulement pour la #collab j’attends mes résultats et je vous laisserai savoir dès que je les ai haha,01/01,15/04,105,40 366,54,142,19,5 903,12,7,,,,,,,,,,,
2026-02-11,SHORT_THEORY_9-16_Maman_ef0C1Dxh.mp4,04/01,01/04,91,35 433,51,140,25,9 966,18,7,,,,,,,,,,,
2026-02-11,SHORT_THEORY_9-16_micro_oDVuNxkU.mp4,04/01,02/03,61,38 959,50,177,29,10 654,19,10,,,,,,,,,,,
2026-02-11,Meilleure astuce @Ornikar #ornikar #cpf #permisdeconduire #publicite,05/01,20/02,47,32 490,49,134,16,8 366,11,5,,,,,,,,,,,
2026-02-11,Scop_RS_916_POVCAM_PASSE TON CODE RAPIDEMENT.mp4,01/01,16/02,47,31 121,43,79,13,1 532,11,2,,,,,,,,,,,
2026-02-11,Scop_RS_916_POVCAM_SI ÇA TE SAOULE DE RÉVISER TON CODE.mp4,01/01,16/02,47,25 087,41,75,16,2 166,10,6,,,,,,,,,,,
2026-02-11,SHORT_THEORY_9-16_tableau_CuJ9zrIW.mp4,01/01,16/02,47,26 074,27,60,12,3 130,9,3,,,,,,,,,,,
2026-02-11,chasr-rs-video-9-16-code-vanina-LiveTikTok-hook1_YteVF9Qo.mp4,01/01,16/02,47,12 549,23,55,21,2 018,12,9,,,,,,,,,,,
2026-02-11,SHORT_THEORY_9-16_secret_5sfznyC2.mp4,04/01,16/02,47,8 617,22,29,7,2 248,5,2,,,,,,,,,,,
2026-02-11,rs-driving-bonnes-resolutions-lejusteprix-439-9-16.mp4,05/02,13/02,9,14 141,21,26,4,1 540,3,1,,,,,,,,,,,
2026-02-11,Social_FOMO_CPF_Laetitia_9-16_Hook01_1tkTBW5f.mp4,06/02,20/02,15,8 257,13,17,3,1 279,3,0,,,,,,,,,,,
2026-02-11,Copie de rs-driving-bonnes-resolutions-lejusteprix-439-9-16_AZqwWehK.mp4,05/02,13/02,9,7 575,13,12,5,810,3,2,,,,,,,,,,,
2026-02-11,SV_THEORY_9-16_Adrian_Hook3_zCRAuBOf.mp4,03/02,16/02,14,15 259,12,17,0,957,0,0,,,,,,,,,,,
2026-02-11,ornikar_promo-ornikar-02_larefetudiante_2026-01-22T21-03-04Z_7VX6H8iu.mp4,09/02,13/02,5,10 744,12,24,7,1 427,5,2,,,,,,,,,,,
2026-02-11,Image carousel 6,30/01,11/06,133,9 813,12,53,5,0,3,2,,,,,,,,,,,
2026-02-11,SV_THEORY_9-16_Yamine_Hook3_tZdLRzhU.mp4,03/02,12/02,10,11 197,10,16,0,1 389,0,0,,,,,,,,,,,
2026-02-11,Image carousel 2,30/01,17/03,47,433,8,55,4,0,2,2,,,,,,,,,,,
2026-02-11,Image carousel 5,30/01,13/05,104,2 170,3,42,1,0,1,0,,,,,,,,,,,
2026-02-11,chasr-rs-video-9-16-code-vanina-BonneJournee-hook2_43PUnTs0.mp4,03/02,12/02,10,2 934,3,3,0,590,0,0,,,,,,,,,,,
2026-02-11,Scop_RS_916_POVCAM_OUBLIE LES MANUELS.mp4,03/02,16/02,14,1 378,2,2,0,191,0,0,,,,,,,,,,,
2026-02-11,SV_THEORY_9-16_Yamine_Hook1_2pUuQ6OE.mp4,03/02,01/04,58,1 242,2,3,1,226,1,0,,,,,,,,,,,
2026-02-11,SHORT_THEORY_9-16_voiture_svbHiKAw.mp4,03/02,16/02,14,891,1,4,0,176,0,0,,,,,,,,,,,
2026-02-11,@Ornikar #ornikar,09/01,13/02,36,1 235,1,1,0,191,0,0,,,,,,,,,,,
2026-02-11,@Ornikar 💗 #code #codedelaroute #permis #ornikar #permisdeconduire,23/01,24/03,61,1 641,1,5,1,583,1,0,,,,,,,,,,,
2026-02-11,Image carousel 7,30/01,11/06,133,1 818,1,3,0,0,0,0,,,,,,,,,,,
2026-02-11,7600417503722799112,29/01,16/02,19,398,1,1,3,73,2,1,,,,,,,,,,,
2026-02-11,Ornikar c’est la base !,29/01,23/02,26,386,0,0,0,91,0,0,,,,,,,,,,,
2026-02-11,AI-generated carousel 1,03/02,11/02,9,1,0,0,0,0,0,0,,,,,,,,,,,
2026-02-11,7592940166902759442,23/01,11/02,20,34,0,0,0,10,0,0,,,,,,,,,,,
2026-02-12,chasr-rs-video-9-16-conduiteCPF-dorian-ReponseArticle-hook2.mp4,01/01,20/02,51,183 478,257,552,75,67 767,52,23,,,,,,,,,,,
2026-02-12,Social_FOMO_CPF_Laetitia_9-16-Hook02_QDTWEa7d.mp4,06/02,20/02,15,117 077,230,289,43,25 651,29,14,,,,,,,,,,,
2026-02-12,ornikar_promo-ornikar-02_luxerony_2026-01-15T20-28-30Z_ymrxcDqa.mp4,02/02,13/02,12,131 280,183,430,46,28 888,31,15,,,,,,,,,,,
2026-02-12,RS_Driving_Rebrand_PROMO_LesConseilsDesPotes_9-16_O8nWixF5.mp4,02/02,12/03,39,114 241,165,338,36,13 931,24,12,,,,,,,,,,,
2026-02-12,Meilleure astuce @Ornikar #ornikar #cpf #permisdeconduire #publicite,05/01,20/02,47,86 862,130,344,50,23 169,29,21,,,,,,,,,,,
2026-02-12,chasr-rs-video-9-16-conduiteCPF-dorian-VraieQuestion-hook3.mp4,01/01,20/02,51,86 435,123,254,40,10 403,23,17,,,,,,,,,,,
2026-02-12,#CapCut,01/01,16/02,47,54 262,100,229,32,9 629,20,12,,,,,,,,,,,
2026-02-12,Social_FOMO_CPF_Laetitia_9-16_Hook03_20BkOZdN.mp4,06/02,20/02,15,65 225,90,193,33,7 695,21,12,,,,,,,,,,,
2026-02-12,#bonplan #permis #ornikar #conduite #code,05/01,05/06,152,50 679,68,152,10,14 649,8,2,,,,,,,,,,,
2026-02-12,Scop_RS_916_POVCAM_SI ÇA TE SAOULE DE RÉVISER TON CODE.mp4,01/01,16/02,47,16 432,31,51,23,1 367,14,9,,,,,,,,,,,
2026-02-12,SHORT_THEORY_9-16_Maman_ef0C1Dxh.mp4,04/01,01/04,91,21 159,30,72,7,6 566,4,3,,,,,,,,,,,
2026-02-12,Social_FOMO_CPF_Laetitia_9-16_Hook01_1tkTBW5f.mp4,06/02,20/02,15,18 482,30,43,2,2 576,2,0,,,,,,,,,,,
2026-02-12,Scop_RS_916_POVCAM_PASSE TON CODE RAPIDEMENT.mp4,01/01,16/02,47,18 498,29,42,12,943,7,5,,,,,,,,,,,
2026-02-12,Alors c’est vraiment pas seulement pour la #collab j’attends mes résultats et je vous laisserai savoir dès que je les ai haha,01/01,15/04,105,19 950,29,71,6,3 047,4,2,,,,,,,,,,,
2026-02-12,_001,06/01,03/04,93,16 939,29,51,11,4 310,10,1,,,,,,,,,,,
2026-02-12,chasr-rs-video-9-16-code-vanina-LiveTikTok-hook1_YteVF9Qo.mp4,01/01,16/02,47,13 731,24,55,14,2 613,8,6,,,,,,,,,,,
2026-02-12,ornikar_promo-ornikar-02_larefetudiante_2026-01-22T21-03-04Z_7VX6H8iu.mp4,09/02,13/02,5,16 427,24,43,6,1 704,4,2,,,,,,,,,,,
2026-02-12,Scop_RS_916_POVCAM_OUBLIE LES MANUELS.mp4,03/02,16/02,14,12 423,20,33,9,1 649,7,2,,,,,,,,,,,
2026-02-12,SHORT_THEORY_9-16_micro_oDVuNxkU.mp4,04/01,02/03,61,15 292,20,65,11,4 878,7,4,,,,,,,,,,,
2026-02-12,Image carousel 6,30/01,11/06,133,12 340,18,59,5,0,4,1,,,,,,,,,,,
2026-02-12,SHORT_THEORY_9-16_secret_5sfznyC2.mp4,04/01,16/02,47,7 781,17,30,8,2 490,5,3,,,,,,,,,,,
2026-02-12,rs-driving-bonnes-resolutions-lejusteprix-439-9-16.mp4,05/02,13/02,9,12 779,17,27,15,1 278,10,5,,,,,,,,,,,
2026-02-12,ornikar_ornikar-x-deezer-03_aleed-ed_2026-01-29T13-53-31Z_4QUjOgZq.mp4,28/03,27/02,16,20 417,9,51,2,1 777,1,1,,,,,,,,,,,
2026-02-12,Copie de rs-driving-bonnes-resolutions-lejusteprix-439-9-16_AZqwWehK.mp4,05/02,13/02,9,6 784,8,20,4,714,2,2,,,,,,,,,,,
2026-02-12,SHORT_THEORY_9-16_tableau_CuJ9zrIW.mp4,01/01,16/02,47,5 500,7,17,5,880,4,1,,,,,,,,,,,
2026-02-12,Image carousel 5,30/01,13/05,104,7 221,6,33,2,1,2,0,,,,,,,,,,,
2026-02-12,Image carousel 2,02/03,17/03,47,1 637,6,37,4,0,3,1,,,,,,,,,,,
2026-02-12,ornikar_ornikar-x-deezer-02_kyaravocado_2026-01-28T18-55-27Z_gTI6Puxr.mp4,28/03,27/02,16,17 406,5,29,5,1 337,4,1,,,,,,,,,,,
2026-02-12,ornikar_ornikar-x-deezer-01_nxapic_2026-01-22T01-58-49Z_DEid5q1m.mp4,28/03,27/02,16,14 496,4,30,7,870,4,3,,,,,,,,,,,
2026-02-12,ornikar_ornikar-x-deezer-01_ilanasmr-ytb_2026-01-25T00-51-38Z_h8x1iesA.mp4,28/03,27/02,16,14 444,4,18,2,1 204,2,0,,,,,,,,,,,
2026-02-12,@Ornikar #ornikar,09/01,13/02,36,2 520,3,15,0,370,0,0,,,,,,,,,,,
2026-02-12,SV_THEORY_9-16_Adrian_Hook3_zCRAuBOf.mp4,03/02,16/02,14,2 942,3,5,0,248,0,0,,,,,,,,,,,
2026-02-12,Image carousel 7,30/01,11/06,133,3 768,2,7,0,0,0,0,,,,,,,,,,,
2026-02-12,chasr-rs-video-9-16-code-vanina-BonneJournee-hook2_43PUnTs0.mp4,03/02,12/02,10,1 169,1,2,0,288,0,0,,,,,,,,,,,
2026-02-12,ornikar_ornikar-x-deezer-02_ilanasmr-ytb_2026-01-22T09-21-29Z_bSDimnls.mp4,28/03,27/02,16,2 302,1,7,0,230,0,0,,,,,,,,,,,
2026-02-12,ornikar_ornikar-x-deezer-03_kyaravocado_2026-01-28T16-06-25Z_aQIdcH0t.mp4,28/03,27/02,16,3 055,1,5,1,240,1,0,,,,,,,,,,,
2026-02-12,@Ornikar 💗 #code #codedelaroute #permis #ornikar #permisdeconduire,23/01,24/03,61,356,1,2,3,87,2,1,,,,,,,,,,,
2026-02-12,ornikar_ornikar-x-deezer-03_ilanasmr-ytb_2026-01-22T14-03-33Z_W3UL5mli.mp4,28/03,27/02,16,2 314,1,5,2,194,1,1,,,,,,,,,,,
2026-02-12,SV_THEORY_9-16_Yamine_Hook3_tZdLRzhU.mp4,03/02,12/02,10,821,1,3,0,158,0,0,,,,,,,,,,,
2026-02-12,7600417503722799112,29/01,16/02,19,481,1,3,0,92,0,0,,,,,,,,,,,
2026-02-12,ornikar_ornikar-x-deezer-01_kyaravocado_2026-01-29T14-12-16Z_Ex91yLMC.mp4,28/03,27/02,16,2 300,1,1,0,206,0,0,,,,,,,,,,,
2026-02-12,SHORT_THEORY_9-16_voiture_svbHiKAw.mp4,03/02,16/02,14,211,0,1,0,58,0,0,,,,,,,,,,,
2026-02-12,SV_THEORY_9-16_Yamine_Hook1_2pUuQ6OE.mp4,03/02,01/04,58,126,0,0,0,34,0,0,,,,,,,,,,,
2026-02-12,Ornikar c’est la base !,29/01,23/02,26,125,0,0,0,31,0,0,,,,,,,,,,,
2026-02-13,chasr-rs-video-9-16-conduiteCPF-dorian-ReponseArticle-hook2.mp4,01/01,20/02,51,133 887,194,398,63,49 764,41,22,,,,,,,,,,,
2026-02-13,Social_FOMO_CPF_Laetitia_9-16-Hook02_QDTWEa7d.mp4,06/02,20/02,15,46 430,103,119,21,8 971,17,4,,,,,,,,,,,
2026-02-13,Meilleure astuce @Ornikar #ornikar #cpf #permisdeconduire #publicite,05/01,20/02,47,59 121,94,214,19,15 366,12,7,,,,,,,,,,,
2026-02-13,chasr-rs-video-9-16-conduiteCPF-dorian-VraieQuestion-hook3.mp4,01/01,20/02,51,51 777,91,148,24,6 750,14,10,,,,,,,,,,,
2026-02-13,#CapCut,01/01,16/02,47,44 568,89,167,22,7 685,14,8,,,,,,,,,,,
2026-02-13,ornikar_promo-ornikar-02_luxerony_2026-01-15T20-28-30Z_ymrxcDqa.mp4,02/02,13/02,12,32 811,52,102,14,7 871,10,4,,,,,,,,,,,
2026-02-13,SHORT_THEORY_9-16_micro_oDVuNxkU.mp4,04/01,02/03,61,34 690,46,169,19,11 983,13,6,,,,,,,,,,,
2026-02-13,Social_FOMO_CPF_Laetitia_9-16_Hook03_20BkOZdN.mp4,06/02,20/02,15,28 391,43,77,20,3 497,13,7,,,,,,,,,,,
2026-02-13,Alors c’est vraiment pas seulement pour la #collab j’attends mes résultats et je vous laisserai savoir dès que je les ai haha,01/01,15/04,105,25 649,38,88,13,3 990,8,5,,,,,,,,,,,
2026-02-13,chasr-rs-video-9-16-code-vanina-LiveTikTok-hook1_YteVF9Qo.mp4,01/01,16/02,47,18 734,35,77,11,3 247,7,4,,,,,,,,,,,
2026-02-13,Social_FOMO_CPF_Laetitia_9-16_Hook01_1tkTBW5f.mp4,06/02,20/02,15,17 328,34,31,11,2 861,6,5,,,,,,,,,,,
2026-02-13,Scop_RS_916_POVCAM_PASSE TON CODE RAPIDEMENT.mp4,01/01,16/02,47,23 209,33,45,15,1 266,9,6,,,,,,,,,,,
2026-02-13,Scop_RS_916_POVCAM_SI ÇA TE SAOULE DE RÉVISER TON CODE.mp4,01/01,16/02,47,19 074,32,45,18,1 411,12,6,,,,,,,,,,,
2026-02-13,SHORT_THEORY_9-16_Maman_ef0C1Dxh.mp4,01/01,01/04,91,19 298,28,86,10,6 590,6,4,,,,,,,,,,,
2026-02-13,Scop_RS_916_POVCAM_OUBLIE LES MANUELS.mp4,03/02,16/02,14,14 148,25,38,4,2 002,2,2,,,,,,,,,,,
2026-02-13,SHORT_THEORY_9-16_secret_5sfznyC2.mp4,01/01,16/02,47,10 181,24,51,16,2 715,10,6,,,,,,,,,,,
2026-02-13,RS_Driving_Rebrand_PROMO_LesConseilsDesPotes_9-16_O8nWixF5.mp4,02/02,12/03,39,11 804,19,32,2,1 656,1,1,,,,,,,,,,,
2026-02-13,Image carousel 6,30/01,11/06,133,9 340,17,51,3,0,2,1,,,,,,,,,,,
2026-02-13,_001,06/01,03/04,93,7 721,13,25,4,1 437,2,2,,,,,,,,,,,
2026-02-13,Image carousel 5,30/01,13/05,104,9 862,11,50,4,0,3,1,,,,,,,,,,,
2026-02-13,rs-driving-bonnes-resolutions-lejusteprix-439-9-16.mp4,05/02,13/02,9,5 371,8,16,0,665,0,0,,,,,,,,,,,
2026-02-13,SHORT_THEORY_9-16_tableau_CuJ9zrIW.mp4,01/01,16/02,47,6 066,7,11,2,694,2,0,,,,,,,,,,,
2026-02-13,ornikar_ornikar-x-deezer-02_kyaravocado_2026-01-28T18-55-27Z_gTI6Puxr.mp4,28/03,27/02,16,14 486,5,23,5,799,3,2,,,,,,,,,,,
2026-02-13,ornikar_promo-ornikar-02_larefetudiante_2026-01-22T21-03-04Z_7VX6H8iu.mp4,09/02,13/02,5,3 594,5,9,2,523,1,1,,,,,,,,,,,
2026-02-13,ornikar_ornikar-x-deezer-01_nxapic_2026-01-22T01-58-49Z_DEid5q1m.mp4,28/03,27/02,16,7 423,3,16,3,412,2,1,,,,,,,,,,,
2026-02-13,ornikar_ornikar-x-deezer-02_ilanasmr-ytb_2026-01-22T09-21-29Z_bSDimnls.mp4,28/03,27/02,16,9 717,3,13,4,744,2,2,,,,,,,,,,,
2026-02-13,#bonplan #permis #ornikar #conduite #code,05/01,05/06,152,1 622,3,7,0,541,0,0,,,,,,,,,,,
2026-02-13,Copie de rs-driving-bonnes-resolutions-lejusteprix-439-9-16_AZqwWehK.mp4,05/02,13/02,9,1 790,2,13,0,246,0,0,,,,,,,,,,,
2026-02-13,ornikar_ornikar-x-deezer-01_ilanasmr-ytb_2026-01-25T00-51-38Z_h8x1iesA.mp4,28/03,27/02,16,5 429,2,14,0,548,0,0,,,,,,,,,,,
2026-02-13,SV_THEORY_9-16_Adrian_Hook3_zCRAuBOf.mp4,03/02,16/02,14,2 110,2,3,1,142,1,0,,,,,,,,,,,
2026-02-13,ornikar_ornikar-x-deezer-03_kyaravocado_2026-01-28T16-06-25Z_aQIdcH0t.mp4,28/03,27/02,16,6 226,2,9,0,470,0,0,,,,,,,,,,,
2026-02-13,ornikar_ornikar-x-deezer-03_ilanasmr-ytb_2026-01-22T14-03-33Z_W3UL5mli.mp4,28/03,27/02,16,6 369,2,9,6,481,4,2,,,,,,,,,,,
2026-02-13,ornikar_ornikar-x-deezer-03_aleed-ed_2026-01-29T13-53-31Z_4QUjOgZq.mp4,28/03,27/02,16,3 696,2,4,2,467,1,1,,,,,,,,,,,
2026-02-13,Image carousel 7,30/01,11/06,133,2 342,1,4,0,0,0,0,,,,,,,,,,,
2026-02-13,Image carousel 2,02/03,17/03,47,985,1,2,3,0,2,1,,,,,,,,,,,
2026-02-13,7600417503722799112,29/01,16/02,19,463,1,4,0,72,0,0,,,,,,,,,,,
2026-02-13,@Ornikar 💗 #code #codedelaroute #permis #ornikar #permisdeconduire,23/01,24/03,61,123,0,1,0,18,0,0,,,,,,,,,,,
2026-02-13,SHORT_THEORY_9-16_voiture_svbHiKAw.mp4,03/02,16/02,14,127,0,0,0,38,0,0,,,,,,,,,,,
2026-02-13,@Ornikar #ornikar,09/01,13/02,36,181,0,0,0,37,0,0,,,,,,,,,,,
2026-02-13,ornikar_ornikar-x-deezer-01_kyaravocado_2026-01-29T14-12-16Z_Ex91yLMC.mp4,28/03,27/02,16,20,0,0,0,0,0,0,,,,,,,,,,,
2026-02-13,Ornikar c’est la base !,29/01,23/02,26,44,0,0,0,20,0,0,,,,,,,,,,,
2026-02-14,chasr-rs-video-9-16-conduiteCPF-dorian-ReponseArticle-hook2.mp4,01/01,20/02,51,132 861,198,413,42,45 980,35,7,,,,,,,,,,,
2026-02-14,Social_FOMO_CPF_Laetitia_9-16-Hook02_QDTWEa7d.mp4,06/02,20/02,15,68 677,136,161,28,12 799,22,6,,,,,,,,,,,
2026-02-14,chasr-rs-video-9-16-conduiteCPF-dorian-VraieQuestion-hook3.mp4,01/01,20/02,51,78 649,126,202,22,9 674,15,7,,,,,,,,,,,
2026-02-14,SHORT_THEORY_9-16_micro_oDVuNxkU.mp4,04/01,02/03,61,82 842,115,380,46,26 720,31,15,,,,,,,,,,,
2026-02-14,Meilleure astuce @Ornikar #ornikar #cpf #permisdeconduire #publicite,05/01,20/02,47,67 118,90,234,21,17 257,14,7,,,,,,,,,,,
2026-02-14,#CapCut,01/01,16/02,47,42 915,78,161,20,7 149,11,9,,,,,,,,,,,
2026-02-14,SHORT_THEORY_9-16_secret_5sfznyC2.mp4,01/01,16/02,47,26 535,53,153,29,6 373,17,12,,,,,,,,,,,
2026-02-14,SHORT_THEORY_9-16_Maman_ef0C1Dxh.mp4,01/01,01/04,91,32 008,44,120,11,10 842,7,4,,,,,,,,,,,
2026-02-14,Scop_RS_916_POVCAM_SI ÇA TE SAOULE DE RÉVISER TON CODE.mp4,01/01,16/02,47,22 429,42,48,30,1 636,17,13,,,,,,,,,,,
2026-02-14,Social_FOMO_CPF_Laetitia_9-16_Hook03_20BkOZdN.mp4,06/02,20/02,15,25 405,38,72,20,3 123,12,8,,,,,,,,,,,
2026-02-14,Alors c’est vraiment pas seulement pour la #collab j’attends mes résultats et je vous laisserai savoir dès que je les ai haha,01/01,15/04,105,27 873,36,91,17,4 041,10,7,,,,,,,,,,,
2026-02-14,Image carousel 6,30/01,11/06,133,35 034,35,77,7,0,4,3,,,,,,,,,,,
2026-02-14,Social_FOMO_CPF_Laetitia_9-16_Hook01_1tkTBW5f.mp4,06/02,20/02,15,16 820,34,37,8,2 809,6,2,,,,,,,,,,,
2026-02-14,chasr-rs-video-9-16-code-vanina-LiveTikTok-hook1_YteVF9Qo.mp4,01/01,16/02,47,19 563,33,72,10,3 138,7,3,,,,,,,,,,,
2026-02-14,Scop_RS_916_POVCAM_PASSE TON CODE RAPIDEMENT.mp4,01/01,16/02,47,22 213,26,46,13,1 061,7,6,,,,,,,,,,,
2026-02-14,Scop_RS_916_POVCAM_OUBLIE LES MANUELS.mp4,03/02,16/02,14,8 441,14,18,1,1 124,1,0,,,,,,,,,,,
2026-02-14,Image carousel 5,30/01,13/05,104,25 746,11,76,5,0,3,2,,,,,,,,,,,
2026-02-14,_001,06/01,03/04,93,5 208,9,12,3,1 160,3,0,,,,,,,,,,,
2026-02-14,ornikar_ornikar-x-deezer-03_aleed-ed_2026-01-29T13-53-31Z_4QUjOgZq.mp4,28/03,27/02,16,13 185,4,16,3,1 018,3,0,,,,,,,,,,,
2026-02-14,SHORT_THEORY_9-16_tableau_CuJ9zrIW.mp4,01/01,16/02,47,3 050,3,7,1,462,1,0,,,,,,,,,,,
2026-02-14,7600417503722799112,29/01,16/02,19,1 483,3,8,2,240,1,1,,,,,,,,,,,
2026-02-14,Image carousel 7,30/01,11/06,133,8 592,3,10,0,0,0,0,,,,,,,,,,,
2026-02-14,ornikar_ornikar-x-deezer-02_ilanasmr-ytb_2026-01-22T09-21-29Z_bSDimnls.mp4,28/03,27/02,16,8 373,2,11,2,509,2,0,,,,,,,,,,,
2026-02-14,ornikar_ornikar-x-deezer-01_nxapic_2026-01-22T01-58-49Z_DEid5q1m.mp4,28/03,27/02,16,7 600,2,8,0,350,0,0,,,,,,,,,,,
2026-02-14,ornikar_ornikar-x-deezer-03_kyaravocado_2026-01-28T16-06-25Z_aQIdcH0t.mp4,28/03,27/02,16,7 959,2,9,0,460,0,0,,,,,,,,,,,
2026-02-14,SV_THEORY_9-16_Adrian_Hook3_zCRAuBOf.mp4,03/02,16/02,14,1 622,2,2,0,146,0,0,,,,,,,,,,,
2026-02-14,Image carousel 2,30/01,17/03,47,6 982,1,21,1,0,1,0,,,,,,,,,,,
2026-02-14,@Ornikar 💗 #code #codedelaroute #permis #ornikar #permisdeconduire,23/01,24/03,61,298,1,2,0,52,0,0,,,,,,,,,,,
2026-02-14,ornikar_ornikar-x-deezer-03_ilanasmr-ytb_2026-01-22T14-03-33Z_W3UL5mli.mp4,28/03,27/02,16,777,0,0,0,67,0,0,,,,,,,,,,,
2026-02-14,ornikar_ornikar-x-deezer-02_kyaravocado_2026-01-28T18-55-27Z_gTI6Puxr.mp4,28/03,27/02,16,466,0,1,0,46,0,0,,,,,,,,,,,
2026-02-14,ornikar_ornikar-x-deezer-01_ilanasmr-ytb_2026-01-25T00-51-38Z_h8x1iesA.mp4,28/03,27/02,16,521,0,0,0,77,0,0,,,,,,,,,,,
2026-02-14,SHORT_THEORY_9-16_voiture_svbHiKAw.mp4,03/02,16/02,14,100,0,1,0,27,0,0,,,,,,,,,,,
2026-02-14,ornikar_ornikar-x-deezer-01_kyaravocado_2026-01-29T14-12-16Z_Ex91yLMC.mp4,28/03,27/02,16,7,0,0,0,1,0,0,,,,,,,,,,,
2026-02-14,Ornikar c’est la base !,29/01,23/02,26,8,0,0,0,2,0,0,,,,,,,,,,,
2026-02-15,chasr-rs-video-9-16-conduiteCPF-dorian-ReponseArticle-hook2.mp4,01/01,20/02,51,97 976,156,290,73,32 666,49,24,,,,,,,,,,,
2026-02-15,Meilleure astuce @Ornikar #ornikar #cpf #permisdeconduire #publicite,05/01,20/02,47,111 814,154,369,47,27 765,30,17,,,,,,,,,,,
2026-02-15,SHORT_THEORY_9-16_micro_oDVuNxkU.mp4,04/01,02/03,61,124 995,146,668,79,40 087,47,32,,,,,,,,,,,
2026-02-15,chasr-rs-video-9-16-conduiteCPF-dorian-VraieQuestion-hook3.mp4,01/01,20/02,51,67 066,115,189,18,8 018,14,4,,,,,,,,,,,
2026-02-15,Social_FOMO_CPF_Laetitia_9-16-Hook02_QDTWEa7d.mp4,06/02,20/02,15,51 829,104,102,29,8 157,21,8,,,,,,,,,,,
2026-02-15,Scop_RS_916_POVCAM_SI ÇA TE SAOULE DE RÉVISER TON CODE.mp4,01/01,16/02,47,29 365,70,93,32,2 077,18,14,,,,,,,,,,,
2026-02-15,#CapCut,01/01,16/02,47,31 831,59,123,11,5 275,6,5,,,,,,,,,,,
2026-02-15,Image carousel 6,30/01,11/06,133,32 419,58,106,11,0,8,3,,,,,,,,,,,
2026-02-15,SHORT_THEORY_9-16_Maman_ef0C1Dxh.mp4,01/01,01/04,91,38 263,46,170,18,11 483,12,6,,,,,,,,,,,
2026-02-15,Social_FOMO_CPF_Laetitia_9-16_Hook03_20BkOZdN.mp4,06/02,20/02,15,25 340,41,80,20,2 746,14,6,,,,,,,,,,,
2026-02-15,chasr-rs-video-9-16-code-vanina-LiveTikTok-hook1_YteVF9Qo.mp4,01/01,16/02,47,23 906,41,84,17,3 852,11,6,,,,,,,,,,,
2026-02-15,Alors c’est vraiment pas seulement pour la #collab j’attends mes résultats et je vous laisserai savoir dès que je les ai haha,01/01,15/04,105,28 889,37,90,18,4 266,12,6,,,,,,,,,,,
2026-02-15,SHORT_THEORY_9-16_secret_5sfznyC2.mp4,01/01,16/02,47,21 837,37,107,27,4 778,16,11,,,,,,,,,,,
2026-02-15,Scop_RS_916_POVCAM_PASSE TON CODE RAPIDEMENT.mp4,01/01,16/02,47,29 156,34,61,22,1 334,14,8,,,,,,,,,,,
2026-02-15,Social_FOMO_CPF_Laetitia_9-16_Hook01_1tkTBW5f.mp4,06/02,20/02,15,12 931,26,29,8,1 935,5,3,,,,,,,,,,,
2026-02-15,Scop_RS_916_POVCAM_OUBLIE LES MANUELS.mp4,03/02,16/02,14,14 823,24,33,1,2 015,1,0,,,,,,,,,,,
2026-02-15,Image carousel 5,30/01,13/05,104,16 641,20,112,10,0,7,3,,,,,,,,,,,
2026-02-15,_001,06/01,03/04,93,15 505,19,43,10,3 049,8,2,,,,,,,,,,,
2026-02-15,SHORT_THEORY_9-16_tableau_CuJ9zrIW.mp4,01/01,16/02,47,7 865,7,14,4,954,3,1,,,,,,,,,,,
2026-02-15,@Ornikar 💗 #code #codedelaroute #permis #ornikar #permisdeconduire,23/01,24/03,61,597,4,4,4,92,2,2,,,,,,,,,,,
2026-02-15,SV_THEORY_9-16_Adrian_Hook3_zCRAuBOf.mp4,03/02,16/02,14,3 918,4,4,2,294,1,1,,,,,,,,,,,
2026-02-15,Image carousel 7,30/01,11/06,133,10 290,3,22,3,0,2,1,,,,,,,,,,,
2026-02-15,7600417503722799112,29/01,16/02,19,1 348,2,11,0,224,0,0,,,,,,,,,,,
2026-02-15,Image carousel 2,30/01,17/03,47,85,1,3,0,0,0,0,,,,,,,,,,,
2026-02-15,ornikar_ornikar-x-deezer-02_kyaravocado_2026-01-28T18-55-27Z_gTI6Puxr.mp4,28/03,27/02,16,1 018,1,2,0,99,0,0,,,,,,,,,,,
2026-02-15,ornikar_ornikar-x-deezer-01_nxapic_2026-01-22T01-58-49Z_DEid5q1m.mp4,28/03,27/02,16,2 161,1,1,1,103,1,0,,,,,,,,,,,
2026-02-15,ornikar_ornikar-x-deezer-03_kyaravocado_2026-01-28T16-06-25Z_aQIdcH0t.mp4,28/03,27/02,16,3 135,1,4,2,174,1,1,,,,,,,,,,,
2026-02-15,SHORT_THEORY_9-16_voiture_svbHiKAw.mp4,03/02,16/02,14,200,0,0,0,48,0,0,,,,,,,,,,,
2026-02-15,ornikar_ornikar-x-deezer-03_aleed-ed_2026-01-29T13-53-31Z_4QUjOgZq.mp4,28/03,27/02,16,468,0,2,0,68,0,0,,,,,,,,,,,
2026-02-15,ornikar_ornikar-x-deezer-02_ilanasmr-ytb_2026-01-22T09-21-29Z_bSDimnls.mp4,28/03,27/02,16,188,0,0,0,10,0,0,,,,,,,,,,,
2026-02-15,ornikar_ornikar-x-deezer-03_ilanasmr-ytb_2026-01-22T14-03-33Z_W3UL5mli.mp4,28/03,27/02,16,60,0,0,0,7,0,0,,,,,,,,,,,
2026-02-15,ornikar_ornikar-x-deezer-01_kyaravocado_2026-01-29T14-12-16Z_Ex91yLMC.mp4,12/02,27/02,16,7,0,0,0,0,0,0,,,,,,,,,,,
2026-02-15,ornikar_ornikar-x-deezer-01_ilanasmr-ytb_2026-01-25T00-51-38Z_h8x1iesA.mp4,12/02,27/02,16,18,0,0,0,2,0,0,,,,,,,,,,,
2026-02-15,Ornikar c’est la base !,29/01,23/02,26,27,0,0,0,7,0,0,,,,,,,,,,,
2026-02-16,Meilleure astuce @Ornikar #ornikar #cpf #permisdeconduire #publicite,05/01,20/02,47,100 432,136,335,52,22 704,34,18,,,,,,,,,,,
2026-02-16,chasr-rs-video-9-16-conduiteCPF-dorian-ReponseArticle-hook2.mp4,01/01,20/02,51,94 806,134,287,72,29 859,50,22,,,,,,,,,,,
2026-02-16,chasr-rs-video-9-16-conduiteCPF-dorian-VraieQuestion-hook3.mp4,01/01,20/02,51,88 935,129,276,54,10 637,40,14,,,,,,,,,,,
2026-02-16,Social_FOMO_CPF_Laetitia_9-16_Hook03_20BkOZdN.mp4,06/02,20/02,15,79 195,107,206,74,9 023,51,23,,,,,,,,,,,
2026-02-16,SHORT_THEORY_9-16_micro_oDVuNxkU.mp4,04/01,02/03,61,58 193,69,302,33,17 786,21,12,,,,,,,,,,,
2026-02-16,Social_FOMO_CPF_Laetitia_9-16-Hook02_QDTWEa7d.mp4,06/02,20/02,15,33 730,54,74,21,4 427,15,6,,,,,,,,,,,
2026-02-16,Image carousel 6,30/01,11/06,133,27 657,51,94,18,2,13,5,,,,,,,,,,,
2026-02-16,Social_FOMO_CPF_Laetitia_9-16_Hook01_1tkTBW5f.mp4,06/02,20/02,15,16 806,36,43,22,2 673,14,8,,,,,,,,,,,
2026-02-16,Alors c’est vraiment pas seulement pour la #collab j’attends mes résultats et je vous laisserai savoir dès que je les ai haha,01/01,15/04,105,26 177,34,97,29,3 673,17,12,,,,,,,,,,,
2026-02-16,SHORT_THEORY_9-16_Maman_ef0C1Dxh.mp4,01/01,01/04,91,27 170,31,118,20,7 810,11,9,,,,,,,,,,,
2026-02-16,Image carousel 5,30/01,13/05,104,8 596,28,138,11,0,7,4,,,,,,,,,,,
2026-02-16,#CapCut,01/01,16/02,47,15 661,25,69,9,2 656,5,4,,,,,,,,,,,
2026-02-16,SHORT_THEORY_9-16_secret_5sfznyC2.mp4,01/01,16/02,47,11 750,20,61,11,2 604,6,5,,,,,,,,,,,
2026-02-16,_001,06/01,03/04,93,12 663,14,22,6,2 100,5,1,,,,,,,,,,,
2026-02-16,chasr-rs-video-9-16-code-vanina-LiveTikTok-hook1_YteVF9Qo.mp4,01/01,16/02,47,9 065,14,35,8,1 336,5,3,,,,,,,,,,,
2026-02-16,Scop_RS_916_POVCAM_SI ÇA TE SAOULE DE RÉVISER TON CODE.mp4,01/01,16/02,47,6 449,10,17,7,414,5,2,,,,,,,,,,,
2026-02-16,Scop_RS_916_POVCAM_PASSE TON CODE RAPIDEMENT.mp4,01/01,16/02,47,7 637,9,12,8,372,5,3,,,,,,,,,,,
2026-02-16,@Ornikar 💗 #code #codedelaroute #permis #ornikar #permisdeconduire,23/01,24/03,61,1 171,7,9,12,164,7,5,,,,,,,,,,,
2026-02-16,Scop_RS_916_POVCAM_OUBLIE LES MANUELS.mp4,03/02,16/02,14,3 448,5,6,2,436,1,1,,,,,,,,,,,
2026-02-16,Image carousel 2,30/01,17/03,47,15 264,3,34,6,0,5,1,,,,,,,,,,,
2026-02-16,SHORT_THEORY_9-16_tableau_CuJ9zrIW.mp4,01/01,16/02,47,2 149,2,3,0,242,0,0,,,,,,,,,,,
2026-02-16,Image carousel 7,30/01,11/06,133,3 578,1,8,4,0,2,2,,,,,,,,,,,
2026-02-16,ornikar_ornikar-x-deezer-02_kyaravocado_2026-01-28T18-55-27Z_gTI6Puxr.mp4,28/03,27/02,16,941,1,0,0,56,0,0,,,,,,,,,,,
2026-02-16,7600417503722799112,29/01,16/02,19,364,1,3,0,68,0,0,,,,,,,,,,,
2026-02-16,ornikar_ornikar-x-deezer-01_nxapic_2026-01-22T01-58-49Z_DEid5q1m.mp4,28/03,27/02,16,707,1,3,0,36,0,0,,,,,,,,,,,
2026-02-16,SV_THEORY_9-16_Adrian_Hook3_zCRAuBOf.mp4,03/02,16/02,14,760,1,0,0,55,0,0,,,,,,,,,,,
2026-02-16,ornikar_ornikar-x-deezer-03_kyaravocado_2026-01-28T16-06-25Z_aQIdcH0t.mp4,28/03,27/02,16,513,0,1,0,21,0,0,,,,,,,,,,,
2026-02-16,ornikar_ornikar-x-deezer-03_aleed-ed_2026-01-29T13-53-31Z_4QUjOgZq.mp4,28/03,27/02,16,267,0,2,0,36,0,0,,,,,,,,,,,
2026-02-16,SHORT_THEORY_9-16_voiture_svbHiKAw.mp4,03/02,16/02,14,70,0,1,1,18,1,0,,,,,,,,,,,
2026-02-16,ornikar_ornikar-x-deezer-01_ilanasmr-ytb_2026-01-25T00-51-38Z_h8x1iesA.mp4,12/02,27/02,16,7,0,0,0,1,0,0,,,,,,,,,,,
2026-02-16,ornikar_ornikar-x-deezer-02_ilanasmr-ytb_2026-01-22T09-21-29Z_bSDimnls.mp4,28/03,27/02,16,21,0,0,0,1,0,0,,,,,,,,,,,
2026-02-16,ornikar_ornikar-x-deezer-03_ilanasmr-ytb_2026-01-22T14-03-33Z_W3UL5mli.mp4,28/03,27/02,16,5,0,0,0,0,0,0,,,,,,,,,,,
2026-02-16,ornikar_ornikar-x-deezer-01_kyaravocado_2026-01-29T14-12-16Z_Ex91yLMC.mp4,12/02,27/02,16,1,0,0,0,0,0,0,,,,,,,,,,,
2026-02-16,Ornikar c’est la base !,29/01,23/02,26,3,0,0,0,1,0,0,,,,,,,,,,,
2026-02-17,chasr-rs-video-9-16-conduiteCPF-dorian-ReponseArticle-hook2.mp4,01/01,20/02,51,138 766,184,427,69,47 700,49,20,,,,,,,,,,,
2026-02-17,chasr-rs-video-9-16-conduiteCPF-dorian-VraieQuestion-hook3.mp4,01/01,20/02,51,106 927,132,288,44,13 453,33,11,,,,,,,,,,,
2026-02-17,Meilleure astuce @Ornikar #ornikar #cpf #permisdeconduire #publicite,05/01,20/02,47,103 139,121,351,52,24 037,37,15,,,,,,,,,,,
2026-02-17,Social_FOMO_CPF_Laetitia_9-16_Hook03_20BkOZdN.mp4,06/02,20/02,15,63 352,87,177,41,7 603,28,13,,,,,,,,,,,
2026-02-17,SHORT_THEORY_9-16_Maman_ef0C1Dxh.mp4,01/01,01/04,91,59 361,75,275,49,17 645,28,21,,,,,,,,,,,
2026-02-17,SHORT_THEORY_9-16_micro_oDVuNxkU.mp4,01/01,02/03,61,50 485,63,265,34,16 350,20,14,,,,,,,,,,,
2026-02-17,Alors c’est vraiment pas seulement pour la #collab j’attends mes résultats et je vous laisserai savoir dès que je les ai haha,01/01,15/04,105,33 475,47,114,18,5 079,11,7,,,,,,,,,,,
2026-02-17,Social_FOMO_CPF_Laetitia_9-16-Hook02_QDTWEa7d.mp4,06/02,20/02,15,34 296,46,84,12,4 859,11,1,,,,,,,,,,,
2026-02-17,Image carousel 6,30/01,11/06,133,30 878,40,112,14,1,9,5,,,,,,,,,,,
2026-02-17,Social_FOMO_CPF_Laetitia_9-16_Hook01_1tkTBW5f.mp4,06/02,20/02,15,24 001,37,56,6,3 485,5,1,,,,,,,,,,,
2026-02-17,Image carousel 5,30/01,13/05,104,12 300,25,130,9,0,7,2,,,,,,,,,,,
2026-02-17,_001,01/01,03/04,93,10 673,12,24,4,1 833,2,2,,,,,,,,,,,
2026-02-17,@Ornikar 💗 #code #codedelaroute #permis #ornikar #permisdeconduire,23/01,24/03,61,1 197,9,6,16,126,10,6,,,,,,,,,,,
2026-02-17,Image carousel 2,30/01,17/03,47,740,4,28,0,0,0,0,,,,,,,,,,,
2026-02-17,Image carousel 7,30/01,11/06,133,10 460,4,23,4,0,2,2,,,,,,,,,,,
2026-02-17,ornikar_ornikar-x-deezer-02_kyaravocado_2026-01-28T18-55-27Z_gTI6Puxr.mp4,28/03,27/02,16,903,1,2,0,52,0,0,,,,,,,,,,,
2026-02-17,ornikar_ornikar-x-deezer-03_aleed-ed_2026-01-29T13-53-31Z_4QUjOgZq.mp4,12/02,27/02,16,1 431,1,4,2,190,1,1,,,,,,,,,,,
2026-02-17,ornikar_ornikar-x-deezer-03_kyaravocado_2026-01-28T16-06-25Z_aQIdcH0t.mp4,28/03,27/02,16,1 301,1,2,0,75,0,0,,,,,,,,,,,
2026-02-17,ornikar_ornikar-x-deezer-01_nxapic_2026-01-22T01-58-49Z_DEid5q1m.mp4,28/03,27/02,16,985,1,1,0,51,0,0,,,,,,,,,,,
2026-02-17,ornikar_ornikar-x-deezer-02_ilanasmr-ytb_2026-01-22T09-21-29Z_bSDimnls.mp4,12/02,27/02,16,131,0,1,0,16,0,0,,,,,,,,,,,
2026-02-17,ornikar_ornikar-x-deezer-01_ilanasmr-ytb_2026-01-25T00-51-38Z_h8x1iesA.mp4,12/02,27/02,16,5,0,0,0,1,0,0,,,,,,,,,,,
2026-02-17,ornikar_ornikar-x-deezer-03_ilanasmr-ytb_2026-01-22T14-03-33Z_W3UL5mli.mp4,12/02,27/02,16,9,0,0,0,1,0,0,,,,,,,,,,,
2026-02-17,ornikar_ornikar-x-deezer-01_kyaravocado_2026-01-29T14-12-16Z_Ex91yLMC.mp4,12/02,27/02,16,4,0,0,0,0,0,0,,,,,,,,,,,
2026-02-18,chasr-rs-video-9-16-conduiteCPF-dorian-ReponseArticle-hook2.mp4,01/01,20/02,51,119 832,181,412,96,41 339,63,33,,,,,,,,,,,
2026-02-18,chasr-rs-video-9-16-conduiteCPF-dorian-VraieQuestion-hook3.mp4,01/01,20/02,51,130 304,176,341,52,17 438,34,18,,,,,,,,,,,
2026-02-18,Meilleure astuce @Ornikar #ornikar #cpf #permisdeconduire #publicite,05/01,20/02,47,82 649,118,285,33,19 061,24,9,,,,,,,,,,,
2026-02-18,SHORT_THEORY_9-16_micro_oDVuNxkU.mp4,01/01,02/03,61,94 986,96,488,48,32 670,31,17,,,,,,,,,,,
2026-02-18,Social_FOMO_CPF_Laetitia_9-16_Hook03_20BkOZdN.mp4,06/02,20/02,15,72 699,85,204,37,9 160,24,13,,,,,,,,,,,
2026-02-18,SHORT_THEORY_9-16_Maman_ef0C1Dxh.mp4,01/01,01/04,91,45 650,57,186,26,12 920,14,12,,,,,,,,,,,
2026-02-18,Social_FOMO_CPF_Laetitia_9-16-Hook02_QDTWEa7d.mp4,06/02,20/02,15,36 051,56,77,20,5 117,14,6,,,,,,,,,,,
2026-02-18,Alors c’est vraiment pas seulement pour la #collab j’attends mes résultats et je vous laisserai savoir dès que je les ai haha,01/01,15/04,105,20 826,35,80,16,3 590,9,7,,,,,,,,,,,
2026-02-18,Social_FOMO_CPF_Laetitia_9-16_Hook01_1tkTBW5f.mp4,06/02,20/02,15,18 949,27,41,8,2 668,5,3,,,,,,,,,,,
2026-02-18,Image carousel 6,30/01,11/06,133,23 589,21,77,8,0,5,3,,,,,,,,,,,
2026-02-18,@Ornikar 💗 #code #codedelaroute #permis #ornikar #permisdeconduire,23/01,24/03,61,1 628,15,9,15,195,9,6,,,,,,,,,,,
2026-02-18,_001,01/01,03/04,93,9 362,12,36,9,1 700,7,2,,,,,,,,,,,
2026-02-18,Image carousel 5,30/01,13/05,104,40 016,10,149,12,0,10,2,,,,,,,,,,,
2026-02-18,Image carousel 2,30/01,17/03,47,8 490,3,32,0,0,0,0,,,,,,,,,,,
2026-02-18,ornikar_ornikar-x-deezer-02_kyaravocado_2026-01-28T18-55-27Z_gTI6Puxr.mp4,28/03,27/02,16,1 078,3,4,0,83,0,0,,,,,,,,,,,
2026-02-18,ornikar_ornikar-x-deezer-03_aleed-ed_2026-01-29T13-53-31Z_4QUjOgZq.mp4,12/02,27/02,16,1 203,2,5,2,166,1,1,,,,,,,,,,,
2026-02-18,Image carousel 7,30/01,11/06,133,9 071,2,17,1,0,1,0,,,,,,,,,,,
2026-02-18,ornikar_ornikar-x-deezer-03_kyaravocado_2026-01-28T16-06-25Z_aQIdcH0t.mp4,28/03,27/02,16,1 340,1,2,0,69,0,0,,,,,,,,,,,
2026-02-18,ornikar_ornikar-x-deezer-01_nxapic_2026-01-22T01-58-49Z_DEid5q1m.mp4,28/03,27/02,16,522,1,0,0,33,0,0,,,,,,,,,,,
2026-02-18,ornikar_ornikar-x-deezer-01_kyaravocado_2026-01-29T14-12-16Z_Ex91yLMC.mp4,12/02,27/02,16,16,0,0,0,2,0,0,,,,,,,,,,,
2026-02-18,ornikar_ornikar-x-deezer-02_ilanasmr-ytb_2026-01-22T09-21-29Z_bSDimnls.mp4,12/02,27/02,16,39,0,0,0,4,0,0,,,,,,,,,,,
2026-02-18,ornikar_ornikar-x-deezer-03_ilanasmr-ytb_2026-01-22T14-03-33Z_W3UL5mli.mp4,12/02,27/02,16,25,0,0,0,2,0,0,,,,,,,,,,,
2026-02-18,ornikar_ornikar-x-deezer-01_ilanasmr-ytb_2026-01-25T00-51-38Z_h8x1iesA.mp4,12/02,27/02,16,3 109,0,3,2,449,1,1,,,,,,,,,,,
2026-02-18,Ornikar c’est la base !,29/01,23/02,26,166,0,0,0,50,0,0,,,,,,,,,,,
2026-02-19,chasr-rs-video-9-16-conduiteCPF-dorian-ReponseArticle-hook2.mp4,01/01,20/02,51,159 441,241,505,106,53 578,71,35,,,,,,,,,,,
2026-02-19,chasr-rs-video-9-16-conduiteCPF-dorian-VraieQuestion-hook3.mp4,01/01,20/02,51,98 153,137,257,44,12 776,28,16,,,,,,,,,,,
2026-02-19,SHORT_THEORY_9-16_micro_oDVuNxkU.mp4,01/01,02/03,61,85 111,103,494,53,27 362,34,19,,,,,,,,,,,
2026-02-19,Meilleure astuce @Ornikar #ornikar #cpf #permisdeconduire #publicite,05/01,20/02,47,72 564,102,236,22,16 465,15,7,,,,,,,,,,,
2026-02-19,Social_FOMO_CPF_Laetitia_9-16_Hook03_20BkOZdN.mp4,06/02,20/02,15,53 225,64,127,27,7 010,18,9,,,,,,,,,,,
2026-02-19,Social_FOMO_CPF_Laetitia_9-16-Hook02_QDTWEa7d.mp4,06/02,20/02,15,39 651,58,85,18,5 412,13,5,,,,,,,,,,,
2026-02-19,SHORT_THEORY_9-16_Maman_ef0C1Dxh.mp4,01/01,01/04,91,24 865,32,97,20,6 457,12,8,,,,,,,,,,,
2026-02-19,Social_FOMO_CPF_Laetitia_9-16_Hook01_1tkTBW5f.mp4,06/02,20/02,15,21 299,30,65,4,2 790,3,1,,,,,,,,,,,
2026-02-19,Alors c’est vraiment pas seulement pour la #collab j’attends mes résultats et je vous laisserai savoir dès que je les ai haha,01/01,15/04,105,17 416,28,50,12,2 422,7,5,,,,,,,,,,,
2026-02-19,Image carousel 5,30/01,13/05,104,33 122,27,150,7,1,6,1,,,,,,,,,,,
2026-02-19,@Ornikar 💗 #code #codedelaroute #permis #ornikar #permisdeconduire,23/01,24/03,61,1 897,15,9,12,255,6,6,,,,,,,,,,,
2026-02-19,Image carousel 6,30/01,11/06,133,22 433,13,46,5,0,3,2,,,,,,,,,,,
2026-02-19,_001,01/01,03/04,93,8 904,10,27,4,1 546,2,2,,,,,,,,,,,
2026-02-19,Image carousel 2,30/01,17/03,47,6 456,4,38,4,0,2,2,,,,,,,,,,,
2026-02-19,ornikar_ornikar-x-deezer-02_kyaravocado_2026-01-28T18-55-27Z_gTI6Puxr.mp4,28/03,27/02,16,876,3,1,0,70,0,0,,,,,,,,,,,
2026-02-19,Image carousel 7,30/01,11/06,133,13 137,3,34,3,0,2,1,,,,,,,,,,,
2026-02-19,ornikar_ornikar-x-deezer-03_aleed-ed_2026-01-29T13-53-31Z_4QUjOgZq.mp4,12/02,27/02,16,1 274,2,6,0,159,0,0,,,,,,,,,,,
2026-02-19,ornikar_ornikar-x-deezer-03_kyaravocado_2026-01-28T16-06-25Z_aQIdcH0t.mp4,28/03,27/02,16,2 168,2,4,2,125,1,1,,,,,,,,,,,
2026-02-19,ornikar_ornikar-x-deezer-01_nxapic_2026-01-22T01-58-49Z_DEid5q1m.mp4,28/03,27/02,16,843,1,1,3,38,1,2,,,,,,,,,,,
2026-02-19,ornikar_ornikar-x-deezer-01_kyaravocado_2026-01-29T14-12-16Z_Ex91yLMC.mp4,12/02,27/02,16,70,0,1,0,4,0,0,,,,,,,,,,,
2026-02-19,ornikar_ornikar-x-deezer-01_ilanasmr-ytb_2026-01-25T00-51-38Z_h8x1iesA.mp4,12/02,27/02,16,80,0,1,0,18,0,0,,,,,,,,,,,
2026-02-19,ornikar_ornikar-x-deezer-02_ilanasmr-ytb_2026-01-22T09-21-29Z_bSDimnls.mp4,12/02,27/02,16,41,0,0,0,6,0,0,,,,,,,,,,,
2026-02-19,ornikar_ornikar-x-deezer-03_ilanasmr-ytb_2026-01-22T14-03-33Z_W3UL5mli.mp4,12/02,27/02,16,38,0,0,0,5,0,0,,,,,,,,,,,
2026-02-19,Ornikar c’est la base !,29/01,23/02,26,207,0,0,0,45,0,0,,,,,,,,,,,
2026-02-20,chasr-rs-video-9-16-conduiteCPF-dorian-ReponseArticle-hook2.mp4,01/01,20/02,51,71 014,103,216,63,24 306,39,24,,,,,,,,,,,
2026-02-20,SHORT_THEORY_9-16_micro_oDVuNxkU.mp4,01/01,02/03,61,71 040,92,309,80,22 695,55,25,,,,,,,,,,,
2026-02-20,chasr-rs-video-9-16-conduiteCPF-dorian-VraieQuestion-hook3.mp4,01/01,20/02,51,40 841,58,116,19,5 839,16,3,,,,,,,,,,,
2026-02-20,Alors c’est vraiment pas seulement pour la #collab j’attends mes résultats et je vous laisserai savoir dès que je les ai haha,01/01,15/04,105,28 967,51,105,25,4 295,16,9,,,,,,,,,,,
2026-02-20,Meilleure astuce @Ornikar #ornikar #cpf #permisdeconduire #publicite,05/01,20/02,47,24 062,35,95,8,5 535,6,2,,,,,,,,,,,
2026-02-20,SHORT_THEORY_9-16_Maman_ef0C1Dxh.mp4,01/01,01/04,91,21 889,35,95,19,6 072,12,7,,,,,,,,,,,
2026-02-20,Social_FOMO_CPF_Laetitia_9-16-Hook02_QDTWEa7d.mp4,06/02,20/02,15,17 572,27,38,15,2 755,10,5,,,,,,,,,,,
2026-02-20,Social_FOMO_CPF_Laetitia_9-16_Hook03_20BkOZdN.mp4,06/02,20/02,15,18 188,22,47,12,2 597,9,3,,,,,,,,,,,
2026-02-20,Image carousel 5,30/01,13/05,104,19 725,18,111,12,1,8,4,,,,,,,,,,,
2026-02-20,Social_FOMO_CPF_Laetitia_9-16_Hook01_1tkTBW5f.mp4,06/02,20/02,15,9 510,16,18,7,1 306,5,2,,,,,,,,,,,
2026-02-20,@Ornikar 💗 #code #codedelaroute #permis #ornikar #permisdeconduire,23/01,24/03,61,1 821,16,5,15,220,9,6,,,,,,,,,,,
2026-02-20,_001,01/01,03/04,93,9 405,12,26,4,1 622,3,1,,,,,,,,,,,
2026-02-20,ornikar_ornikar-x-deezer-02_kyaravocado_2026-01-28T18-55-27Z_gTI6Puxr.mp4,28/03,27/02,16,1 696,11,11,8,154,5,3,,,,,,,,,,,
2026-02-20,Image carousel 6,30/01,11/06,133,19 202,10,35,2,0,1,1,,,,,,,,,,,
2026-02-20,ornikar_ornikar-x-deezer-03_aleed-ed_2026-01-29T13-53-31Z_4QUjOgZq.mp4,12/02,27/02,16,6 248,9,18,10,933,6,4,,,,,,,,,,,
2026-02-20,Image carousel 2,30/01,17/03,47,12 314,7,50,4,0,4,0,,,,,,,,,,,
2026-02-20,ornikar_ornikar-x-deezer-01_nxapic_2026-01-22T01-58-49Z_DEid5q1m.mp4,28/03,27/02,16,1 241,4,3,2,70,1,1,,,,,,,,,,,
2026-02-20,Image carousel 7,30/01,11/06,133,12 274,3,16,2,0,2,0,,,,,,,,,,,
2026-02-20,ornikar_ornikar-x-deezer-03_kyaravocado_2026-01-28T16-06-25Z_aQIdcH0t.mp4,28/03,27/02,16,2 606,3,6,0,169,0,0,,,,,,,,,,,
2026-02-20,ornikar_ornikar-x-deezer-02_ilanasmr-ytb_2026-01-22T09-21-29Z_bSDimnls.mp4,12/02,27/02,16,98,0,0,0,15,0,0,,,,,,,,,,,
2026-02-20,ornikar_ornikar-x-deezer-01_kyaravocado_2026-01-29T14-12-16Z_Ex91yLMC.mp4,12/02,27/02,16,28,0,0,0,6,0,0,,,,,,,,,,,
2026-02-20,ornikar_ornikar-x-deezer-03_ilanasmr-ytb_2026-01-22T14-03-33Z_W3UL5mli.mp4,12/02,27/02,16,46,0,1,0,3,0,0,,,,,,,,,,,
2026-02-20,ornikar_ornikar-x-deezer-01_ilanasmr-ytb_2026-01-25T00-51-38Z_h8x1iesA.mp4,12/02,27/02,16,207,0,1,0,33,0,0,,,,,,,,,,,
2026-02-20,Ornikar c’est la base !,29/01,23/02,26,136,0,0,0,27,0,0,,,,,,,,,,,
2026-02-21,SHORT_THEORY_9-16_micro_oDVuNxkU.mp4,01/01,02/03,61,86 039,106,391,112,26 897,72,40,,,,,,,,,,,
2026-02-21,Alors c’est vraiment pas seulement pour la #collab j’attends mes résultats et je vous laisserai savoir dès que je les ai haha,01/01,15/04,105,29 324,47,119,16,4 656,11,5,,,,,,,,,,,
2026-02-21,SHORT_THEORY_9-16_Maman_ef0C1Dxh.mp4,01/01,01/04,91,23 248,35,119,35,7 032,21,14,,,,,,,,,,,
2026-02-21,@Ornikar 💗 #code #codedelaroute #permis #ornikar #permisdeconduire,23/01,24/03,61,1 589,9,11,9,202,5,4,,,,,,,,,,,
2026-02-21,ornikar_ornikar-x-deezer-03_aleed-ed_2026-01-29T13-53-31Z_4QUjOgZq.mp4,12/02,27/02,16,6 129,9,17,3,830,2,1,,,,,,,,,,,
2026-02-21,_001,01/01,03/04,93,5 387,7,5,1,1 019,0,1,,,,,,,,,,,
2026-02-21,ornikar_ornikar-x-deezer-02_kyaravocado_2026-01-28T18-55-27Z_gTI6Puxr.mp4,28/03,27/02,16,2 112,6,5,2,224,1,1,,,,,,,,,,,
2026-02-21,Image carousel 2,30/01,17/03,47,5 441,4,46,1,0,1,0,,,,,,,,,,,
2026-02-21,ornikar_ornikar-x-deezer-01_nxapic_2026-01-22T01-58-49Z_DEid5q1m.mp4,28/03,27/02,16,1 378,3,3,3,89,2,1,,,,,,,,,,,
2026-02-21,ornikar_ornikar-x-deezer-03_kyaravocado_2026-01-28T16-06-25Z_aQIdcH0t.mp4,28/03,27/02,16,2 115,2,4,0,155,0,0,,,,,,,,,,,
2026-02-21,ornikar_ornikar-x-deezer-02_ilanasmr-ytb_2026-01-22T09-21-29Z_bSDimnls.mp4,12/02,27/02,16,532,1,4,0,44,0,0,,,,,,,,,,,
2026-02-21,ornikar_ornikar-x-deezer-01_ilanasmr-ytb_2026-01-25T00-51-38Z_h8x1iesA.mp4,12/02,27/02,16,57,0,0,2,7,2,0,,,,,,,,,,,
2026-02-21,ornikar_ornikar-x-deezer-03_ilanasmr-ytb_2026-01-22T14-03-33Z_W3UL5mli.mp4,12/02,27/02,16,56,0,0,0,7,0,0,,,,,,,,,,,
2026-02-21,ornikar_ornikar-x-deezer-01_kyaravocado_2026-01-29T14-12-16Z_Ex91yLMC.mp4,12/02,27/02,16,40,0,0,0,6,0,0,,,,,,,,,,,
2026-02-21,Ornikar c’est la base !,29/01,23/02,26,81,0,0,0,14,0,0,,,,,,,,,,,
2026-02-22,SHORT_THEORY_9-16_micro_oDVuNxkU.mp4,01/01,02/03,61,54 756,73,270,53,17 408,34,19,,,,,,,,,,,
2026-02-22,Alors c’est vraiment pas seulement pour la #collab j’attends mes résultats et je vous laisserai savoir dès que je les ai haha,01/01,15/04,105,30 702,48,129,26,4 778,15,11,,,,,,,,,,,
2026-02-22,SHORT_THEORY_9-16_Maman_ef0C1Dxh.mp4,01/01,01/04,91,21 501,32,83,29,6 314,18,11,,,,,,,,,,,
2026-02-22,@Ornikar 💗 #code #codedelaroute #permis #ornikar #permisdeconduire,23/01,24/03,61,1 859,13,8,7,298,4,3,,,,,,,,,,,
2026-02-22,ornikar_ornikar-x-deezer-03_aleed-ed_2026-01-29T13-53-31Z_4QUjOgZq.mp4,12/02,27/02,16,6 682,11,23,9,1 043,6,3,,,,,,,,,,,
2026-02-22,_001,01/01,03/04,93,7 980,10,21,3,1 361,0,3,,,,,,,,,,,
2026-02-22,ornikar_ornikar-x-deezer-02_kyaravocado_2026-01-28T18-55-27Z_gTI6Puxr.mp4,28/03,27/02,16,3 011,8,18,5,273,3,2,,,,,,,,,,,
2026-02-22,Image carousel 2,30/01,17/03,47,836,4,34,3,0,2,1,,,,,,,,,,,
2026-02-22,ornikar_ornikar-x-deezer-01_nxapic_2026-01-22T01-58-49Z_DEid5q1m.mp4,28/03,27/02,16,1 525,4,1,0,89,0,0,,,,,,,,,,,
2026-02-22,ornikar_ornikar-x-deezer-03_kyaravocado_2026-01-28T16-06-25Z_aQIdcH0t.mp4,28/03,27/02,16,2 927,3,2,2,165,1,1,,,,,,,,,,,
2026-02-22,ornikar_ornikar-x-deezer-02_ilanasmr-ytb_2026-01-22T09-21-29Z_bSDimnls.mp4,12/02,27/02,16,927,2,2,0,100,0,0,,,,,,,,,,,
2026-02-22,ornikar_ornikar-x-deezer-01_ilanasmr-ytb_2026-01-25T00-51-38Z_h8x1iesA.mp4,12/02,27/02,16,348,1,1,0,55,0,0,,,,,,,,,,,
2026-02-22,ornikar_ornikar-x-deezer-01_kyaravocado_2026-01-29T14-12-16Z_Ex91yLMC.mp4,12/02,27/02,16,38,0,0,0,3,0,0,,,,,,,,,,,
2026-02-22,ornikar_ornikar-x-deezer-03_ilanasmr-ytb_2026-01-22T14-03-33Z_W3UL5mli.mp4,12/02,27/02,16,23,0,0,0,1,0,0,,,,,,,,,,,
2026-02-22,Ornikar c’est la base !,29/01,23/02,26,67,0,0,0,19,0,0,,,,,,,,,,,
2026-02-23,SHORT_THEORY_9-16_micro_oDVuNxkU.mp4,01/01,02/03,61,49 280,55,208,70,15 254,47,23,,,,,,,,,,,
2026-02-23,Alors c’est vraiment pas seulement pour la #collab j’attends mes résultats et je vous laisserai savoir dès que je les ai haha,01/01,15/04,105,22 611,33,85,35,3 537,23,12,,,,,,,,,,,
2026-02-23,SHORT_THEORY_9-16_Maman_ef0C1Dxh.mp4,01/01,01/04,91,20 009,27,90,20,5 524,13,7,,,,,,,,,,,
2026-02-23,_001,01/01,03/04,93,12 462,14,34,8,1 994,7,1,,,,,,,,,,,
2026-02-23,ornikar_ornikar-x-deezer-03_aleed-ed_2026-01-29T13-53-31Z_4QUjOgZq.mp4,12/02,27/02,16,7 584,11,12,10,974,8,2,,,,,,,,,,,
2026-02-23,ornikar_ornikar-x-deezer-02_kyaravocado_2026-01-28T18-55-27Z_gTI6Puxr.mp4,28/03,27/02,16,3 388,10,12,8,270,4,4,,,,,,,,,,,
2026-02-23,@Ornikar 💗 #code #codedelaroute #permis #ornikar #permisdeconduire,23/01,24/03,61,1 510,8,5,17,192,9,8,,,,,,,,,,,
2026-02-23,Image carousel 2,30/01,17/03,47,489,5,22,2,0,1,1,,,,,,,,,,,
2026-02-23,ornikar_ornikar-x-deezer-01_nxapic_2026-01-22T01-58-49Z_DEid5q1m.mp4,28/03,27/02,16,2 784,4,12,8,160,5,3,,,,,,,,,,,
2026-02-23,ornikar_ornikar-x-deezer-03_kyaravocado_2026-01-28T16-06-25Z_aQIdcH0t.mp4,28/03,27/02,16,1 805,2,4,0,99,0,0,,,,,,,,,,,
2026-02-23,ornikar_ornikar-x-deezer-02_ilanasmr-ytb_2026-01-22T09-21-29Z_bSDimnls.mp4,12/02,27/02,16,545,1,0,2,47,1,1,,,,,,,,,,,
2026-02-23,ornikar_ornikar-x-deezer-03_ilanasmr-ytb_2026-01-22T14-03-33Z_W3UL5mli.mp4,12/02,27/02,16,35,0,0,0,1,0,0,,,,,,,,,,,
2026-02-23,ornikar_ornikar-x-deezer-01_ilanasmr-ytb_2026-01-25T00-51-38Z_h8x1iesA.mp4,12/02,27/02,16,67,0,1,0,14,0,0,,,,,,,,,,,
2026-02-23,ornikar_ornikar-x-deezer-01_kyaravocado_2026-01-29T14-12-16Z_Ex91yLMC.mp4,12/02,27/02,16,29,0,0,0,1,0,0,,,,,,,,,,,
2026-02-23,Ornikar c’est la base !,29/01,23/02,26,35,0,0,0,12,0,0,,,,,,,,,,,
2026-02-24,Allons pour le permis en 2026,09/01,16/04,98,258 547,448,818,120,44 713,78,42,,,,,,,,,,,
2026-02-24,SHORT_THEORY_9-16_micro_oDVuNxkU.mp4,04/01,02/03,61,84 831,112,268,87,22 766,53,34,,,,,,,,,,,
2026-02-24,SHORT_THEORY_9-16_Maman_ef0C1Dxh.mp4,04/01,01/04,91,48 041,74,137,44,10 989,27,17,,,,,,,,,,,
2026-02-24,#bonplan #permis #ornikar #conduite #code,05/01,05/06,152,46 051,68,128,16,11 810,12,4,,,,,,,,,,,
2026-02-24,7610074643181043729,24/02,25/02,2,21 838,64,69,10,4 266,7,3,,,,,,,,,,,
2026-02-24,Alors c’est vraiment pas seulement pour la #collab j’attends mes résultats et je vous laisserai savoir dès que je les ai haha,04/01,15/04,105,40 118,59,127,34,6 555,22,12,,,,,,,,,,,
2026-02-24,@Ornikar la base non ?🫣,05/01,13/05,129,35 375,53,107,16,8 244,9,7,,,,,,,,,,,
2026-02-24,ornikar_ornikar-x-deezer-01_ilanasmr-ytb_2026-01-25T00-51-38Z_h8x1iesA.mp4,28/03,27/02,16,58 299,45,124,16,4 514,10,6,,,,,,,,,,,
2026-02-24,ornikar_ornikar-x-deezer-01_nxapic_2026-01-22T01-58-49Z_DEid5q1m.mp4,12/05,27/02,16,28 624,41,44,12,1 520,7,5,,,,,,,,,,,
2026-02-24,ornikar_ornikar-x-deezer-03_kyaravocado_2026-01-28T16-06-25Z_aQIdcH0t.mp4,12/05,27/02,16,32 414,37,55,9,1 906,6,3,,,,,,,,,,,
2026-02-24,chasr-rs-video-9-16-conduite-leia-storytime-hook2.mp4,01/01,13/05,133,19 421,36,53,14,3 989,9,5,,,,,,,,,,,
2026-02-24,ornikar_ornikar-x-deezer-03_aleed-ed_2026-01-29T13-53-31Z_4QUjOgZq.mp4,28/03,27/02,16,20 646,30,39,19,2 065,13,6,,,,,,,,,,,
2026-02-24,ornikar_ornikar-x-deezer-02_ilanasmr-ytb_2026-01-22T09-21-29Z_bSDimnls.mp4,28/03,27/02,16,11 352,17,18,5,732,2,3,,,,,,,,,,,
2026-02-24,@Ornikar 💗 #code #codedelaroute #permis #ornikar #permisdeconduire,17/02,24/03,61,6 198,14,8,13,1 010,8,5,,,,,,,,,,,
2026-02-24,ornikar_ornikar-x-deezer-01_kyaravocado_2026-01-29T14-12-16Z_Ex91yLMC.mp4,28/03,27/02,16,8 518,11,9,2,636,2,0,,,,,,,,,,,
2026-02-24,ornikar_ornikar-x-deezer-02_kyaravocado_2026-01-28T18-55-27Z_gTI6Puxr.mp4,12/05,27/02,16,6 549,11,13,3,550,2,1,,,,,,,,,,,
2026-02-24,_001,01/01,03/04,93,4 638,6,8,0,786,0,0,,,,,,,,,,,
2026-02-24,ornikar_ornikar-x-deezer-03_ilanasmr-ytb_2026-01-22T14-03-33Z_W3UL5mli.mp4,28/03,27/02,16,3 751,5,11,2,213,1,1,,,,,,,,,,,
2026-02-24,Image carousel 2,30/01,17/03,47,5 640,3,15,4,0,2,2,,,,,,,,,,,
2026-02-24,Image carousel 6,30/01,11/06,133,1,0,0,0,0,0,0,,,,,,,,,,,
2026-02-25,Allons pour le permis en 2026,09/01,16/04,98,158 207,335,500,90,30 070,63,27,,,,,,,,,,,
2026-02-25,#bonplan #permis #ornikar #conduite #code,05/01,05/06,152,94 724,150,294,65,23 318,47,18,,,,,,,,,,,
2026-02-25,SHORT_THEORY_9-16_micro_oDVuNxkU.mp4,04/01,02/03,61,80 038,97,285,41,23 625,28,13,,,,,,,,,,,
2026-02-25,chasr-rs-video-9-16-conduite-leia-storytime-hook2.mp4,01/01,13/05,133,56 270,97,180,44,14 030,31,13,,,,,,,,,,,
2026-02-25,Alors c’est vraiment pas seulement pour la #collab j’attends mes résultats et je vous laisserai savoir dès que je les ai haha,04/01,15/04,105,72 207,82,212,52,11 716,36,16,,,,,,,,,,,
2026-02-25,SHORT_THEORY_9-16_Maman_ef0C1Dxh.mp4,06/01,01/04,91,59 574,79,238,19,17 025,13,6,,,,,,,,,,,
2026-02-25,@Ornikar la base non ?🫣,05/01,13/05,129,36 128,60,116,24,9 249,19,5,,,,,,,,,,,
2026-02-25,ornikar_ornikar-x-deezer-01_nxapic_2026-01-22T01-58-49Z_DEid5q1m.mp4,12/05,27/02,16,15 275,26,29,7,913,6,1,,,,,,,,,,,
2026-02-25,ornikar_ornikar-x-deezer-03_kyaravocado_2026-01-28T16-06-25Z_aQIdcH0t.mp4,12/05,27/02,16,17 867,25,23,6,1 212,5,1,,,,,,,,,,,
2026-02-25,7610074643181043729,24/02,25/02,2,9 789,24,33,6,2 223,4,2,,,,,,,,,,,
2026-02-25,ornikar_ornikar-x-deezer-03_aleed-ed_2026-01-29T13-53-31Z_4QUjOgZq.mp4,28/03,27/02,16,10 931,17,27,3,1 208,2,1,,,,,,,,,,,
2026-02-25,ornikar_ornikar-x-deezer-01_ilanasmr-ytb_2026-01-25T00-51-38Z_h8x1iesA.mp4,12/05,27/02,16,7 634,14,11,4,685,2,2,,,,,,,,,,,
2026-02-25,@Ornikar 💗 #code #codedelaroute #permis #ornikar #permisdeconduire,17/02,24/03,61,4 773,11,15,10,891,5,5,,,,,,,,,,,
2026-02-25,ornikar_ornikar-x-deezer-02_ilanasmr-ytb_2026-01-22T09-21-29Z_bSDimnls.mp4,28/03,27/02,16,5 422,10,13,2,362,1,1,,,,,,,,,,,
2026-02-25,ornikar_ornikar-x-deezer-02_kyaravocado_2026-01-28T18-55-27Z_gTI6Puxr.mp4,12/05,27/02,16,5 106,10,10,9,421,6,3,,,,,,,,,,,
2026-02-25,ornikar_ornikar-x-deezer-01_kyaravocado_2026-01-29T14-12-16Z_Ex91yLMC.mp4,12/05,27/02,16,4 355,7,13,4,371,3,1,,,,,,,,,,,
2026-02-25,_001,01/01,03/04,93,4 447,6,2,0,623,0,0,,,,,,,,,,,
2026-02-25,ornikar_ornikar-x-deezer-03_ilanasmr-ytb_2026-01-22T14-03-33Z_W3UL5mli.mp4,12/05,27/02,16,2 768,5,2,2,197,1,1,,,,,,,,,,,
2026-02-25,Image carousel 2,02/03,17/03,47,2 818,3,34,2,0,2,0,,,,,,,,,,,
2026-02-25,SV_THEORY_9-16_Yamine_Hook1_2pUuQ6OE.mp4,03/02,01/04,58,1 177,2,5,0,209,0,0,,,,,,,,,,,
2026-02-26,Allons pour le permis en 2026,09/01,16/04,98,120 237,250,410,77,22 097,52,25,,,,,,,,,,,
2026-02-26,#bonplan #permis #ornikar #conduite #code,05/01,05/06,152,95 371,157,259,58,23 172,41,17,,,,,,,,,,,
2026-02-26,chasr-rs-video-9-16-conduite-leia-storytime-hook2.mp4,01/01,13/05,133,47 038,95,137,38,11 193,26,12,,,,,,,,,,,
2026-02-26,@Ornikar la base non ?🫣,05/01,13/05,129,45 776,84,167,35,11 694,23,12,,,,,,,,,,,
2026-02-26,SHORT_THEORY_9-16_micro_oDVuNxkU.mp4,01/01,02/03,61,48 916,60,228,39,18 530,26,13,,,,,,,,,,,
2026-02-26,Alors c’est vraiment pas seulement pour la #collab j’attends mes résultats et je vous laisserai savoir dès que je les ai haha,01/01,15/04,105,18 424,38,71,22,3 401,12,10,,,,,,,,,,,
2026-02-26,SHORT_THEORY_9-16_Maman_ef0C1Dxh.mp4,04/01,01/04,91,18 678,35,77,16,5 918,11,5,,,,,,,,,,,
2026-02-26,Image carousel 2,02/03,17/03,47,14 662,15,88,4,0,4,0,,,,,,,,,,,
2026-02-26,ornikar_ornikar-x-deezer-02_kyaravocado_2026-01-28T18-55-27Z_gTI6Puxr.mp4,28/03,27/02,16,1 996,13,3,3,195,2,1,,,,,,,,,,,
2026-02-26,ornikar_ornikar-x-deezer-03_aleed-ed_2026-01-29T13-53-31Z_4QUjOgZq.mp4,12/02,27/02,16,8 520,12,20,3,1 364,2,1,,,,,,,,,,,
2026-02-26,_001,01/01,03/04,93,5 232,7,15,11,818,7,4,,,,,,,,,,,
2026-02-26,@Ornikar 💗 #code #codedelaroute #permis #ornikar #permisdeconduire,23/01,24/03,61,947,6,6,12,113,6,6,,,,,,,,,,,
2026-02-26,ornikar_ornikar-x-deezer-01_nxapic_2026-01-22T01-58-49Z_DEid5q1m.mp4,28/03,27/02,16,2 818,5,4,2,150,1,1,,,,,,,,,,,
2026-02-26,ornikar_ornikar-x-deezer-03_kyaravocado_2026-01-28T16-06-25Z_aQIdcH0t.mp4,28/03,27/02,16,2 335,3,2,2,141,1,1,,,,,,,,,,,
2026-02-26,ornikar_ornikar-x-deezer-01_ilanasmr-ytb_2026-01-25T00-51-38Z_h8x1iesA.mp4,28/03,27/02,16,690,1,0,0,49,0,0,,,,,,,,,,,
2026-02-26,ornikar_ornikar-x-deezer-03_ilanasmr-ytb_2026-01-22T14-03-33Z_W3UL5mli.mp4,28/03,27/02,16,194,1,1,0,12,0,0,,,,,,,,,,,
2026-02-26,SV_THEORY_9-16_Yamine_Hook1_2pUuQ6OE.mp4,03/02,01/04,58,364,1,2,0,73,0,0,,,,,,,,,,,
2026-02-26,ornikar_ornikar-x-deezer-02_ilanasmr-ytb_2026-01-22T09-21-29Z_bSDimnls.mp4,12/02,27/02,16,63,0,0,0,5,0,0,,,,,,,,,,,
2026-02-26,ornikar_ornikar-x-deezer-01_kyaravocado_2026-01-29T14-12-16Z_Ex91yLMC.mp4,28/03,27/02,16,98,0,0,0,9,0,0,,,,,,,,,,,
2026-02-27,Allons pour le permis en 2026,09/01,16/04,98,236 485,313,607,98,42 483,65,33,,,,,,,,,,,
2026-02-27,#bonplan #permis #ornikar #conduite #code,05/01,05/06,152,87 547,150,247,67,19 847,43,24,,,,,,,,,,,
2026-02-27,chasr-rs-video-9-16-conduite-leia-storytime-hook2.mp4,01/01,13/05,133,61 530,115,195,39,15 193,28,11,,,,,,,,,,,
2026-02-27,SHORT_THEORY_9-16_micro_oDVuNxkU.mp4,01/01,02/03,61,71 574,92,316,35,26 469,24,11,,,,,,,,,,,
2026-02-27,@Ornikar la base non ?🫣,05/01,13/05,129,46 642,84,135,27,11 295,21,6,,,,,,,,,,,
2026-02-27,Alors c’est vraiment pas seulement pour la #collab j’attends mes résultats et je vous laisserai savoir dès que je les ai haha,01/01,15/04,105,15 222,57,53,24,3 224,15,9,,,,,,,,,,,
2026-02-27,@Ornikar 💗 #code #codedelaroute #permis #ornikar #permisdeconduire,23/01,24/03,61,8 680,40,29,23,1 652,14,9,,,,,,,,,,,
2026-02-27,Image carousel 4,30/01,13/05,104,22 474,27,47,3,0,2,1,,,,,,,,,,,
2026-02-27,SHORT_THEORY_9-16_Maman_ef0C1Dxh.mp4,04/01,01/04,91,6 976,19,24,14,1 945,9,5,,,,,,,,,,,
2026-02-27,Image carousel 3,30/01,04/05,95,11 856,19,17,2,0,1,1,,,,,,,,,,,
2026-02-27,_001,01/01,03/04,93,10 885,17,33,16,1 739,11,5,,,,,,,,,,,
2026-02-27,ornikar_ornikar-x-deezer-02_kyaravocado_2026-01-28T18-55-27Z_gTI6Puxr.mp4,28/03,27/02,16,1 931,12,8,7,144,4,3,,,,,,,,,,,
2026-02-27,ornikar_ornikar-x-deezer-03_aleed-ed_2026-01-29T13-53-31Z_4QUjOgZq.mp4,12/02,27/02,16,6 644,10,18,6,1 007,4,2,,,,,,,,,,,
2026-02-27,ornikar_ornikar-x-deezer-01_nxapic_2026-01-22T01-58-49Z_DEid5q1m.mp4,28/03,27/02,16,3 152,6,5,1,201,1,0,,,,,,,,,,,
2026-02-27,Image carousel 2,30/01,17/03,47,1 804,4,20,3,1,2,1,,,,,,,,,,,
2026-02-27,ornikar_ornikar-x-deezer-03_kyaravocado_2026-01-28T16-06-25Z_aQIdcH0t.mp4,28/03,27/02,16,1 955,4,1,1,139,1,0,,,,,,,,,,,
2026-02-27,ornikar_ornikar-x-deezer-02_ilanasmr-ytb_2026-01-22T09-21-29Z_bSDimnls.mp4,12/02,27/02,16,301,1,1,2,22,1,1,,,,,,,,,,,
2026-02-27,ornikar_ornikar-x-deezer-01_kyaravocado_2026-01-29T14-12-16Z_Ex91yLMC.mp4,12/02,27/02,16,307,1,0,0,23,0,0,,,,,,,,,,,
2026-02-27,ornikar_ornikar-x-deezer-01_ilanasmr-ytb_2026-01-25T00-51-38Z_h8x1iesA.mp4,28/03,27/02,16,215,1,0,0,22,0,0,,,,,,,,,,,
2026-02-27,ornikar_ornikar-x-deezer-03_ilanasmr-ytb_2026-01-22T14-03-33Z_W3UL5mli.mp4,12/02,27/02,16,311,0,0,0,26,0,0,,,,,,,,,,,
2026-02-27,Copie de rs-driving-promo-maj-lejusteprix-459_gGVLt9kv.mp4,27/02,12/03,14,43,0,0,0,4,0,0,,,,,,,,,,,
2026-02-27,SV_THEORY_9-16_Yamine_Hook1_2pUuQ6OE.mp4,03/02,01/04,58,294,0,0,0,95,0,0,,,,,,,,,,,
2026-02-28,Allons pour le permis en 2026,09/01,16/04,98,161 300,273,453,63,28 269,43,20,,,,,,,,,,,
2026-02-28,#bonplan #permis #ornikar #conduite #code,05/01,05/06,152,105 062,163,273,41,23 263,31,10,,,,,,,,,,,
2026-02-28,chasr-rs-video-9-16-conduite-leia-storytime-hook2.mp4,01/01,13/05,133,88 244,146,244,50,21 458,32,18,,,,,,,,,,,
2026-02-28,SHORT_THEORY_9-16_micro_oDVuNxkU.mp4,01/01,02/03,61,62 814,88,277,34,22 809,24,10,,,,,,,,,,,
2026-02-28,@Ornikar la base non ?🫣,05/01,13/05,129,42 777,75,129,31,9 705,21,10,,,,,,,,,,,
2026-02-28,Alors c’est vraiment pas seulement pour la #collab j’attends mes résultats et je vous laisserai savoir dès que je les ai haha,01/01,15/04,105,33 733,72,120,31,7 181,20,11,,,,,,,,,,,
2026-02-28,@Ornikar 💗 #code #codedelaroute #permis #ornikar #permisdeconduire,23/01,24/03,61,5 062,43,19,19,445,11,8,,,,,,,,,,,
2026-02-28,SHORT_THEORY_9-16_Maman_ef0C1Dxh.mp4,04/01,01/04,91,7 306,19,25,1,2 074,1,0,,,,,,,,,,,
2026-02-28,_001,01/01,03/04,93,8 897,14,15,5,1 338,3,2,,,,,,,,,,,
2026-02-28,Image carousel 4,30/01,13/05,104,2 223,1,6,0,0,0,0,,,,,,,,,,,
2026-02-28,Image carousel 3,30/01,04/05,95,269,0,0,0,0,0,0,,,,,,,,,,,
2026-02-28,SV_THEORY_9-16_Yamine_Hook1_2pUuQ6OE.mp4,03/02,01/04,58,76,0,0,0,19,0,0,,,,,,,,,,,
2026-03-01,Allons pour le permis en 2026,09/01,16/04,98,163 946,277,520,66,25 697,44,22,,,,,,,,,,,
2026-03-01,chasr-rs-video-9-16-conduite-leia-storytime-hook2.mp4,01/01,13/05,133,108 545,183,352,79,24 983,56,23,,,,,,,,,,,
2026-03-01,@Ornikar la base non ?🫣,05/01,13/05,129,62 980,109,217,55,15 492,40,15,,,,,,,,,,,
2026-03-01,#bonplan #permis #ornikar #conduite #code,05/01,05/06,152,60 076,92,173,37,13 424,26,11,,,,,,,,,,,
2026-03-01,SHORT_THEORY_9-16_micro_oDVuNxkU.mp4,01/01,02/03,61,40 569,57,197,33,13 439,20,13,,,,,,,,,,,
2026-03-01,Alors c’est vraiment pas seulement pour la #collab j’attends mes résultats et je vous laisserai savoir dès que je les ai haha,01/01,15/04,105,19 516,46,72,17,3 932,12,5,,,,,,,,,,,
2026-03-01,SHORT_THEORY_9-16_Maman_ef0C1Dxh.mp4,04/01,01/04,91,14 679,27,51,13,4 854,7,6,,,,,,,,,,,
2026-03-01,_001,01/01,03/04,93,20 862,26,39,14,3 361,10,4,,,,,,,,,,,
2026-03-01,@Ornikar 💗 #code #codedelaroute #permis #ornikar #permisdeconduire,23/01,24/03,61,491,2,4,2,51,1,1,,,,,,,,,,,
2026-03-01,Image carousel 4,30/01,13/05,104,1 042,0,4,1,0,1,0,,,,,,,,,,,
2026-03-01,Image carousel 3,30/01,04/05,95,201,0,0,0,0,0,0,,,,,,,,,,,
2026-03-02,Allons pour le permis en 2026,09/01,16/04,98,381 267,604,1 116,116,65 671,83,33,,,,,,,,,,,
2026-03-02,chasr-rs-video-9-16-conduite-leia-storytime-hook2.mp4,01/01,13/05,133,344 651,496,947,143,83 667,98,45,,,,,,,,,,,
2026-03-02,#bonplan #permis #ornikar #conduite #code,05/01,05/06,152,205 314,285,594,82,50 469,59,23,,,,,,,,,,,
2026-03-02,@Ornikar la base non ?🫣,05/01,13/05,129,208 340,276,848,62,51 623,40,22,,,,,,,,,,,
2026-03-02,Copie de rs-driving-promo-maj-lejusteprix-459_gGVLt9kv.mp4,27/02,12/03,14,47 555,72,137,23,4 357,14,9,,,,,,,,,,,
2026-03-02,RS_Driving_Rebrand_PROMO_LesConseilsDesPotes_9-16_O8nWixF5.mp4,08/03,12/03,39,41 401,60,121,23,5 478,15,8,,,,,,,,,,,
2026-03-02,Carrousel d'images 12,02/03,12/03,11,45 186,42,135,8,0,7,1,,,,,,,,,,,
2026-03-02,RS_Driving_Rebrand_PROMO_LesConseilsDesPotes_9-16.mp4,02/03,12/03,11,24 864,39,67,11,3 460,7,4,,,,,,,,,,,
2026-03-02,SHORT_THEORY_9-16_micro_oDVuNxkU.mp4,01/01,02/03,61,27 222,33,110,23,8 812,16,7,,,,,,,,,,,
2026-03-02,Alors c’est vraiment pas seulement pour la #collab j’attends mes résultats et je vous laisserai savoir dès que je les ai haha,01/01,15/04,105,8 246,16,32,7,1 501,4,3,,,,,,,,,,,
2026-03-02,_001,01/01,03/04,93,9 521,13,15,1,1 861,1,0,,,,,,,,,,,
2026-03-02,SHORT_THEORY_9-16_Maman_ef0C1Dxh.mp4,04/01,01/04,91,5 077,6,12,4,2 224,2,2,,,,,,,,,,,
2026-03-02,@Ornikar 💗 #code #codedelaroute #permis #ornikar #permisdeconduire,23/01,24/03,61,367,1,2,3,22,2,1,,,,,,,,,,,
2026-03-02,Image carousel 4,30/01,13/05,104,413,0,5,2,0,1,1,,,,,,,,,,,
2026-03-02,Image carousel 3,30/01,04/05,95,53,0,2,0,0,0,0,,,,,,,,,,,
2026-03-02,Image carousel 7,30/01,11/06,133,50,0,1,0,0,0,0,,,,,,,,,,,
2026-03-02,Image carousel 6,30/01,11/06,133,113,0,0,0,0,0,0,,,,,,,,,,,
2026-03-02,Image carousel 5,30/01,13/05,104,428,0,0,0,0,0,0,,,,,,,,,,,
2026-03-03,chasr-rs-video-9-16-conduite-leia-storytime-hook2.mp4,01/01,13/05,133,369 819,511,1 065,77,90 968,50,27,,,,,,,,,,,
2026-03-03,Allons pour le permis en 2026,09/01,16/04,98,228 011,388,686,43,40 546,29,14,,,,,,,,,,,
2026-03-03,RS_Driving_Rebrand_PROMO_LesConseilsDesPotes_9-16_O8nWixF5.mp4,08/03,12/03,39,175 566,268,498,38,24 876,25,13,,,,,,,,,,,
2026-03-03,@Ornikar la base non ?🫣,05/01,13/05,129,195 390,264,778,31,50 614,21,10,,,,,,,,,,,
2026-03-03,#bonplan #permis #ornikar #conduite #code,05/01,05/06,152,118 784,173,340,44,27 641,28,16,,,,,,,,,,,
2026-03-03,Copie de rs-driving-promo-maj-lejusteprix-459_gGVLt9kv.mp4,27/02,12/03,14,109 234,165,294,29,10 113,20,9,,,,,,,,,,,
2026-03-03,Alors c’est vraiment pas seulement pour la #collab j’attends mes résultats et je vous laisserai savoir dès que je les ai haha,01/01,15/04,105,102 267,126,358,22,17 815,16,6,,,,,,,,,,,
2026-03-03,RS_Driving_Rebrand_PROMO_LesConseilsDesPotes_9-16.mp4,02/03,12/03,11,57 225,70,139,16,9 368,12,4,,,,,,,,,,,
2026-03-03,Image carousel 7,30/01,11/06,133,36 669,55,142,14,0,8,6,,,,,,,,,,,
2026-03-03,Carrousel d'images 12,02/03,12/03,11,14 035,34,118,11,0,7,4,,,,,,,,,,,
2026-03-03,@Ornikar 💗 #code #codedelaroute #permis #ornikar #permisdeconduire,23/01,24/03,61,1 240,8,2,4,155,2,2,,,,,,,,,,,
2026-03-03,Image carousel 3,30/01,04/05,95,66,2,7,1,0,1,0,,,,,,,,,,,
2026-03-03,Image carousel 4,30/01,13/05,104,2 778,1,8,0,0,0,0,,,,,,,,,,,
2026-03-03,_001,01/01,03/04,93,596,1,4,2,114,1,1,,,,,,,,,,,
2026-03-03,SHORT_THEORY_9-16_Maman_ef0C1Dxh.mp4,01/01,01/04,91,2 484,1,8,0,1 688,0,0,,,,,,,,,,,
2026-03-03,Image carousel 6,30/01,11/06,133,262,0,1,0,0,0,0,,,,,,,,,,,
2026-03-03,Image carousel 5,30/01,13/05,104,336,0,0,0,0,0,0,,,,,,,,,,,
2026-03-04,chasr-rs-video-9-16-conduite-leia-storytime-hook2.mp4,01/01,13/05,133,255 362,469,675,96,67 323,62,34,,,,,,,,,,,
2026-03-04,Allons pour le permis en 2026,09/01,16/04,98,138 873,364,443,53,25 518,36,17,,,,,,,,,,,
2026-03-04,RS_Driving_Rebrand_PROMO_LesConseilsDesPotes_9-16_O8nWixF5.mp4,08/03,12/03,39,163 364,279,427,72,24 097,48,24,,,,,,,,,,,
2026-03-04,@Ornikar la base non ?🫣,05/01,13/05,129,134 486,267,463,43,35 528,27,16,,,,,,,,,,,
2026-03-04,Copie de rs-driving-promo-maj-lejusteprix-459_gGVLt9kv.mp4,27/02,12/03,14,127 364,241,327,39,10 960,27,12,,,,,,,,,,,
2026-03-04,Alors c’est vraiment pas seulement pour la #collab j’attends mes résultats et je vous laisserai savoir dès que je les ai haha,04/01,15/04,105,111 360,229,423,58,20 529,35,23,,,,,,,,,,,
2026-03-04,#bonplan #permis #ornikar #conduite #code,05/01,05/06,152,117 515,227,343,39,27 364,26,13,,,,,,,,,,,
2026-03-04,Image carousel 5,02/03,13/05,104,170 370,201,700,38,0,25,13,,,,,,,,,,,
2026-03-04,7612618009548980240,04/03,10/03,7,86 318,159,296,32,14 079,18,14,,,,,,,,,,,
2026-03-04,Image carousel 3,03/04,04/05,95,135 951,68,143,16,0,11,5,,,,,,,,,,,
2026-03-04,RS_Driving_Rebrand_PROMO_LesConseilsDesPotes_9-16.mp4,02/03,12/03,11,56 380,66,151,8,10 311,6,2,,,,,,,,,,,
2026-03-04,@Ornikar 💗 #code #codedelaroute #permis #ornikar #permisdeconduire,23/01,24/03,61,2 990,38,16,6,340,5,1,,,,,,,,,,,
2026-03-04,Carrousel d'images 12,02/03,12/03,11,5 976,36,144,5,0,3,2,,,,,,,,,,,
2026-03-04,SHORT_THEORY_9-16_Maman_Rebranded_WJftBKdQ.mp4,07/05,11/06,100,21 117,30,57,6,4 744,3,3,,,,,,,,,,,
2026-03-04,SV_CODE_Lisa_9-16_Hook1_Rebranded_bBsZmwOK.mp4,07/05,24/03,21,30 576,27,55,3,3 280,2,1,,,,,,,,,,,
2026-03-04,Image carousel 4,03/04,13/05,104,105 761,27,108,15,0,11,4,,,,,,,,,,,
2026-03-04,Image carousel 2,30/01,17/03,47,160 379,25,277,14,0,10,4,,,,,,,,,,,
2026-03-04,Ornikar_Video_Preview_ASO_1080x1920_V4_muoJMb7L.mov,07/05,24/03,21,11 247,16,32,6,910,4,2,,,,,,,,,,,
2026-03-04,Image carousel 7,30/01,11/06,133,10 185,15,50,4,0,2,2,,,,,,,,,,,
2026-03-04,Image carousel 1,30/01,04/05,95,85 190,14,123,9,0,7,2,,,,,,,,,,,
2026-03-04,_001,01/01,03/04,93,6 666,9,17,1,1 260,0,1,,,,,,,,,,,
2026-03-04,ornikar_code-de-la-route-ornikar-(nouvelle-annee)-01_clemambrosi_2025-12-30T17-40-30Z.mp4,04/03,17/03,14,4 119,9,14,1,646,1,0,,,,,,,,,,,
2026-03-04,SHORT_THEORY_9-16_tableau_Rebranded_jsFkE7lo.mp4,07/05,21/05,79,6 177,6,10,1,917,1,0,,,,,,,,,,,
2026-03-04,SV_THEORY_9-16_Yamine_Hook1_2pUuQ6OE.mp4,03/02,01/04,58,1 456,2,3,0,341,0,0,,,,,,,,,,,
2026-03-04,SHORT_THEORY_9-16_Maman_ef0C1Dxh.mp4,01/01,01/04,91,3 951,1,4,0,2 599,0,0,,,,,,,,,,,
2026-03-04,Image carousel 6,30/01,11/06,133,391,0,0,0,0,0,0,,,,,,,,,,,
2026-03-05,chasr-rs-video-9-16-conduite-leia-storytime-hook2.mp4,01/01,13/05,133,256 033,498,683,96,64 320,66,30,,,,,,,,,,,
2026-03-05,RS_Driving_Rebrand_PROMO_LesConseilsDesPotes_9-16_O8nWixF5.mp4,08/03,12/03,39,201 594,393,569,77,28 050,54,23,,,,,,,,,,,
2026-03-05,Allons pour le permis en 2026,09/01,16/04,98,97 724,250,288,31,17 740,21,10,,,,,,,,,,,
2026-03-05,@Ornikar la base non ?🫣,05/01,13/05,129,117 394,241,368,44,29 479,28,16,,,,,,,,,,,
2026-03-05,Image carousel 5,02/03,13/05,104,205 703,234,710,48,0,31,17,,,,,,,,,,,
2026-03-05,Copie de rs-driving-promo-maj-lejusteprix-459_gGVLt9kv.mp4,27/02,12/03,14,115 033,226,322,56,10 442,37,19,,,,,,,,,,,
2026-03-05,#bonplan #permis #ornikar #conduite #code,05/01,05/06,152,115 064,223,315,49,26 440,31,18,,,,,,,,,,,
2026-03-05,7612618009548980240,04/03,10/03,7,97 054,157,314,42,15 754,28,14,,,,,,,,,,,
2026-03-05,RS_Driving_Rebrand_PROMO_LesConseilsDesPotes_9-16.mp4,02/03,12/03,11,61 200,100,168,28,10 051,18,10,,,,,,,,,,,
2026-03-05,Alors c’est vraiment pas seulement pour la #collab j’attends mes résultats et je vous laisserai savoir dès que je les ai haha,04/01,15/04,105,32 486,79,138,18,5 545,11,7,,,,,,,,,,,
2026-03-05,Image carousel 3,03/04,04/05,95,68 677,33,76,5,0,4,1,,,,,,,,,,,
2026-03-05,SV_CODE_Lisa_9-16_Hook1_Rebranded_bBsZmwOK.mp4,07/05,24/03,21,27 967,33,57,12,4 219,9,3,,,,,,,,,,,
2026-03-05,Carrousel d'images 12,02/03,12/03,11,17 385,24,90,7,2,4,3,,,,,,,,,,,
2026-03-05,@Ornikar 💗 #code #codedelaroute #permis #ornikar #permisdeconduire,23/01,24/03,61,1 907,22,10,13,225,8,5,,,,,,,,,,,
2026-03-05,_001,01/01,03/04,93,14 489,21,28,8,2 370,6,2,,,,,,,,,,,
2026-03-05,Image carousel 4,03/04,13/05,104,51 288,18,47,4,0,4,0,,,,,,,,,,,
2026-03-05,Image carousel 2,30/01,17/03,47,49 738,12,81,4,0,3,1,,,,,,,,,,,
2026-03-05,SHORT_THEORY_9-16_Maman_Rebranded_WJftBKdQ.mp4,07/05,11/06,100,7 638,10,22,5,2 563,3,2,,,,,,,,,,,
2026-03-05,Image carousel 1,30/01,04/05,95,37 486,9,61,6,0,3,3,,,,,,,,,,,
2026-03-05,SHORT_THEORY_9-16_tableau_Rebranded_jsFkE7lo.mp4,07/05,21/05,79,5 895,9,10,0,979,0,0,,,,,,,,,,,
2026-03-05,Ornikar_Video_Preview_ASO_1080x1920_V4_muoJMb7L.mov,07/05,24/03,21,1 016,2,1,3,94,2,1,,,,,,,,,,,
2026-03-05,Image carousel 7,30/01,11/06,133,944,2,2,0,0,0,0,,,,,,,,,,,
2026-03-05,ornikar_code-de-la-route-ornikar-(nouvelle-annee)-01_clemambrosi_2025-12-30T17-40-30Z.mp4,04/03,17/03,14,1 678,1,4,0,251,0,0,,,,,,,,,,,
2026-03-05,SHORT_THEORY_9-16_Maman_ef0C1Dxh.mp4,01/01,01/04,91,3 559,0,10,0,2 552,0,0,,,,,,,,,,,
2026-03-05,SV_THEORY_9-16_Yamine_Hook1_2pUuQ6OE.mp4,03/02,01/04,58,559,0,0,0,178,0,0,,,,,,,,,,,
2026-03-05,Image carousel 6,30/01,11/06,133,178,0,0,0,0,0,0,,,,,,,,,,,
2026-03-06,chasr-rs-video-9-16-conduite-leia-storytime-hook2.mp4,01/01,13/05,133,367 705,652,950,110,98 461,73,37,,,,,,,,,,,
2026-03-06,RS_Driving_Rebrand_PROMO_LesConseilsDesPotes_9-16_O8nWixF5.mp4,08/03,12/03,39,237 297,401,589,82,35 601,52,30,,,,,,,,,,,
2026-03-06,Allons pour le permis en 2026,09/01,16/04,98,86 571,255,285,33,15 637,23,10,,,,,,,,,,,
2026-03-06,7612618009548980240,04/03,10/03,7,141 477,232,500,50,23 675,32,18,,,,,,,,,,,
2026-03-06,@Ornikar la base non ?🫣,05/01,13/05,129,89 912,192,268,32,23 170,23,9,,,,,,,,,,,
2026-03-06,Copie de rs-driving-promo-maj-lejusteprix-459_gGVLt9kv.mp4,27/02,12/03,14,108 131,189,284,44,10 331,29,15,,,,,,,,,,,
2026-03-06,Image carousel 5,02/03,13/05,104,151 076,164,464,34,0,22,12,,,,,,,,,,,
2026-03-06,Alors c’est vraiment pas seulement pour la #collab j’attends mes résultats et je vous laisserai savoir dès que je les ai haha,04/01,15/04,105,83 531,147,310,50,16 177,32,18,,,,,,,,,,,
2026-03-06,#bonplan #permis #ornikar #conduite #code,05/01,05/06,152,71 942,139,201,28,16 555,20,8,,,,,,,,,,,
2026-03-06,RS_Driving_Rebrand_PROMO_LesConseilsDesPotes_9-16.mp4,02/03,12/03,11,97 054,112,226,34,18 752,22,12,,,,,,,,,,,
2026-03-06,_001,01/01,03/04,93,39 717,54,70,17,7 372,11,6,,,,,,,,,,,
2026-03-06,Image carousel 13,06/03,12/03,7,46 518,46,117,7,0,5,2,,,,,,,,,,,
2026-03-06,Image carousel 3,02/03,04/05,95,67 142,29,81,10,0,5,5,,,,,,,,,,,
2026-03-06,Image carousel 4,02/03,13/05,104,36 917,18,51,8,0,4,4,,,,,,,,,,,
2026-03-06,SV_CODE_Lisa_9-16_Hook1_Rebranded_bBsZmwOK.mp4,07/05,24/03,21,7 742,17,19,6,1 001,4,2,,,,,,,,,,,
2026-03-06,SHORT_THEORY_9-16_tableau_Rebranded_jsFkE7lo.mp4,07/05,21/05,79,10 731,15,31,3,1 506,3,0,,,,,,,,,,,
2026-03-06,Image carousel 1,30/01,04/05,95,11 141,5,23,0,0,0,0,,,,,,,,,,,
2026-03-06,Carrousel d'images 12,02/03,12/03,11,5 988,3,14,1,0,1,0,,,,,,,,,,,
2026-03-06,@Ornikar 💗 #code #codedelaroute #permis #ornikar #permisdeconduire,23/01,24/03,61,1 289,2,2,3,104,2,1,,,,,,,,,,,
2026-03-06,SHORT_THEORY_9-16_Maman_Rebranded_WJftBKdQ.mp4,07/05,11/06,100,4 543,2,10,2,1 153,1,1,,,,,,,,,,,
2026-03-06,Image carousel 2,30/01,17/03,47,6 697,2,17,2,0,1,1,,,,,,,,,,,
2026-03-06,Ornikar_Video_Preview_ASO_1080x1920_V4_muoJMb7L.mov,07/05,24/03,21,485,2,0,0,24,0,0,,,,,,,,,,,
2026-03-06,ornikar_code-de-la-route-ornikar-(nouvelle-annee)-01_clemambrosi_2025-12-30T17-40-30Z.mp4,04/03,17/03,14,233,1,2,0,26,0,0,,,,,,,,,,,
2026-03-06,Image carousel 7,30/01,11/06,133,193,0,3,0,0,0,0,,,,,,,,,,,
2026-03-06,SHORT_THEORY_9-16_Maman_ef0C1Dxh.mp4,01/01,01/04,91,2 349,0,5,0,1 645,0,0,,,,,,,,,,,
2026-03-06,Image carousel 6,30/01,11/06,133,18,0,0,0,0,0,0,,,,,,,,,,,
2026-03-06,SV_THEORY_9-16_Yamine_Hook1_2pUuQ6OE.mp4,03/02,01/04,58,8,0,0,0,2,0,0,,,,,,,,,,,
2026-03-07,RS_Driving_Rebrand_PROMO_LesConseilsDesPotes_9-16_O8nWixF5.mp4,08/03,12/03,39,368 498,653,954,149,52 960,103,46,,,,,,,,,,,
2026-03-07,chasr-rs-video-9-16-conduite-leia-storytime-hook2.mp4,01/01,13/05,133,296 844,540,814,105,77 993,69,36,,,,,,,,,,,
2026-03-07,Allons pour le permis en 2026,09/01,16/04,98,74 904,231,241,29,13 794,19,10,,,,,,,,,,,
2026-03-07,7612618009548980240,04/03,10/03,7,157 838,229,550,66,27 003,38,28,,,,,,,,,,,
2026-03-07,@Ornikar la base non ?🫣,05/01,13/05,129,87 139,176,283,43,21 295,30,13,,,,,,,,,,,
2026-03-07,Copie de rs-driving-promo-maj-lejusteprix-459_gGVLt9kv.mp4,27/02,12/03,14,90 120,176,222,31,8 376,19,12,,,,,,,,,,,
2026-03-07,Alors c’est vraiment pas seulement pour la #collab j’attends mes résultats et je vous laisserai savoir dès que je les ai haha,04/01,15/04,105,86 310,145,325,27,17 059,15,12,,,,,,,,,,,
2026-03-07,Image carousel 5,02/03,13/05,104,145 903,141,412,36,0,22,14,,,,,,,,,,,
2026-03-07,#bonplan #permis #ornikar #conduite #code,05/01,05/06,152,47 083,94,136,22,11 410,17,5,,,,,,,,,,,
2026-03-07,RS_Driving_Rebrand_PROMO_LesConseilsDesPotes_9-16.mp4,02/03,12/03,11,51 223,74,109,14,9 890,11,3,,,,,,,,,,,
2026-03-07,_001,01/01,03/04,93,35 817,53,83,11,6 322,7,4,,,,,,,,,,,
2026-03-07,Image carousel 3,02/03,04/05,95,58 579,27,106,10,0,7,3,,,,,,,,,,,
2026-03-07,Image carousel 13,06/03,12/03,7,12 642,24,63,1,1,1,0,,,,,,,,,,,
2026-03-07,Image carousel 4,02/03,13/05,104,30 143,17,57,8,0,5,3,,,,,,,,,,,
2026-03-07,Image carousel 1,30/01,04/05,95,7 455,15,70,1,0,1,0,,,,,,,,,,,
2026-03-07,SV_CODE_Lisa_9-16_Hook1_Rebranded_bBsZmwOK.mp4,07/05,24/03,21,6 553,14,10,0,699,0,0,,,,,,,,,,,
2026-03-07,SHORT_THEORY_9-16_tableau_Rebranded_jsFkE7lo.mp4,07/05,21/05,79,5 272,10,11,5,641,3,2,,,,,,,,,,,
2026-03-07,SHORT_THEORY_9-16_Maman_Rebranded_WJftBKdQ.mp4,07/05,11/06,100,2 184,5,7,5,506,3,2,,,,,,,,,,,
2026-03-07,Ornikar_Video_Preview_ASO_1080x1920_V4_muoJMb7L.mov,07/05,24/03,21,1 030,4,2,0,98,0,0,,,,,,,,,,,
2026-03-07,Image carousel 2,30/01,17/03,47,9 125,4,22,0,0,0,0,,,,,,,,,,,
2026-03-07,ornikar_code-de-la-route-ornikar-(nouvelle-annee)-01_clemambrosi_2025-12-30T17-40-30Z.mp4,04/03,17/03,14,373,3,1,2,42,1,1,,,,,,,,,,,
2026-03-07,SHORT_THEORY_9-16_Maman_ef0C1Dxh.mp4,01/01,01/04,91,4 976,1,13,0,3 431,0,0,,,,,,,,,,,
2026-03-07,Image carousel 7,30/01,11/06,133,622,1,1,0,0,0,0,,,,,,,,,,,
2026-03-07,Image carousel 6,30/01,11/06,133,474,1,1,0,1,0,0,,,,,,,,,,,
2026-03-07,@Ornikar 💗 #code #codedelaroute #permis #ornikar #permisdeconduire,23/01,24/03,61,86,0,0,0,10,0,0,,,,,,,,,,,
2026-03-08,RS_Driving_Rebrand_PROMO_LesConseilsDesPotes_9-16_O8nWixF5.mp4,08/03,12/03,39,359 356,604,1 046,135,49 444,94,41,,,,,,,,,,,
2026-03-08,chasr-rs-video-9-16-conduite-leia-storytime-hook2.mp4,01/01,13/05,133,327 806,567,844,95,77 477,62,33,,,,,,,,,,,
2026-03-08,7612618009548980240,04/03,10/03,7,299 724,344,1 124,95,54 626,61,34,,,,,,,,,,,
2026-03-08,Allons pour le permis en 2026,09/01,16/04,98,130 521,318,421,67,20 342,41,26,,,,,,,,,,,
2026-03-08,Alors c’est vraiment pas seulement pour la #collab j’attends mes résultats et je vous laisserai savoir dès que je les ai haha,04/01,15/04,105,130 764,162,416,36,20 974,22,14,,,,,,,,,,,
2026-03-08,@Ornikar la base non ?🫣,05/01,13/05,129,84 433,156,314,32,20 385,24,8,,,,,,,,,,,
2026-03-08,Copie de rs-driving-promo-maj-lejusteprix-459_gGVLt9kv.mp4,27/02,12/03,14,71 785,131,209,34,6 088,24,10,,,,,,,,,,,
2026-03-08,RS_Driving_Rebrand_PROMO_LesConseilsDesPotes_9-16.mp4,02/03,12/03,11,63 104,104,176,18,10 437,12,6,,,,,,,,,,,
2026-03-08,#bonplan #permis #ornikar #conduite #code,05/01,05/06,152,48 605,95,140,24,11 627,19,5,,,,,,,,,,,
2026-03-08,Image carousel 5,02/03,13/05,104,52 056,58,144,9,0,8,1,,,,,,,,,,,
2026-03-08,_001,01/01,03/04,93,34 041,45,71,8,5 588,8,0,,,,,,,,,,,
2026-03-08,Image carousel 13,06/03,12/03,7,13 447,29,75,5,0,4,1,,,,,,,,,,,
2026-03-08,SV_CODE_Lisa_9-16_Hook1_Rebranded_bBsZmwOK.mp4,07/05,24/03,21,5 765,12,13,4,610,3,1,,,,,,,,,,,
2026-03-08,SHORT_THEORY_9-16_Maman_Rebranded_WJftBKdQ.mp4,07/05,11/06,100,3 029,11,11,4,723,2,2,,,,,,,,,,,
2026-03-08,Image carousel 1,30/01,04/05,95,2 636,9,141,3,0,2,1,,,,,,,,,,,
2026-03-08,SHORT_THEORY_9-16_tableau_Rebranded_jsFkE7lo.mp4,07/05,21/05,79,2 417,6,9,1,287,1,0,,,,,,,,,,,
2026-03-08,Image carousel 3,02/03,04/05,95,3 815,5,19,2,0,1,1,,,,,,,,,,,
2026-03-08,Ornikar_Video_Preview_ASO_1080x1920_V4_muoJMb7L.mov,07/05,24/03,21,1 298,4,3,0,132,0,0,,,,,,,,,,,
2026-03-08,Image carousel 4,02/03,13/05,104,1 412,3,13,2,0,1,1,,,,,,,,,,,
2026-03-08,Image carousel 2,30/01,17/03,47,157,2,6,0,0,0,0,,,,,,,,,,,
2026-03-08,SHORT_THEORY_9-16_Maman_ef0C1Dxh.mp4,01/01,01/04,91,4 404,1,5,0,2 758,0,0,,,,,,,,,,,
2026-03-08,ornikar_code-de-la-route-ornikar-(nouvelle-annee)-01_clemambrosi_2025-12-30T17-40-30Z.mp4,04/03,17/03,14,128,1,1,0,16,0,0,,,,,,,,,,,
2026-03-08,Image carousel 6,30/01,11/06,133,38,0,1,0,0,0,0,,,,,,,,,,,
2026-03-08,Image carousel 7,30/01,11/06,133,22,0,0,0,0,0,0,,,,,,,,,,,
2026-03-08,@Ornikar 💗 #code #codedelaroute #permis #ornikar #permisdeconduire,23/01,24/03,61,2,0,0,0,0,0,0,,,,,,,,,,,
2026-03-09,chasr-rs-video-9-16-conduite-leia-storytime-hook2.mp4,01/01,13/05,133,346 791,585,952,122,83 281,82,40,,,,,,,,,,,
2026-03-09,RS_Driving_Rebrand_PROMO_LesConseilsDesPotes_9-16_O8nWixF5.mp4,08/03,12/03,39,258 569,436,760,123,36 495,79,44,,,,,,,,,,,
2026-03-09,SHORT_THEORY_9-16_Maman_Rebranded_WJftBKdQ.mp4,07/05,11/06,100,186 464,294,655,110,36 517,68,42,,,,,,,,,,,
2026-03-09,Allons pour le permis en 2026,09/01,16/04,98,111 986,267,367,41,17 934,24,17,,,,,,,,,,,
2026-03-09,Copie de rs-driving-promo-maj-lejusteprix-459_gGVLt9kv.mp4,27/02,12/03,14,141 728,246,361,70,13 198,45,25,,,,,,,,,,,
2026-03-09,Alors c’est vraiment pas seulement pour la #collab j’attends mes résultats et je vous laisserai savoir dès que je les ai haha,04/01,15/04,105,142 964,225,504,49,24 243,34,15,,,,,,,,,,,
2026-03-09,7612618009548980240,04/03,10/03,7,109 347,192,490,64,22 847,40,24,,,,,,,,,,,
2026-03-09,@Ornikar la base non ?🫣,05/01,13/05,129,84 071,163,271,18,21 262,13,5,,,,,,,,,,,
2026-03-09,#bonplan #permis #ornikar #conduite #code,05/01,05/06,152,70 708,135,173,37,18 718,24,13,,,,,,,,,,,
2026-03-09,RS_Driving_Rebrand_PROMO_LesConseilsDesPotes_9-16.mp4,02/03,12/03,11,65 817,119,186,29,9 945,20,9,,,,,,,,,,,
2026-03-09,Image carousel 13,06/03,12/03,7,39 764,52,181,20,1,14,6,,,,,,,,,,,
2026-03-09,Image carousel 5,02/03,13/05,104,34 679,45,100,8,0,4,4,,,,,,,,,,,
2026-03-09,_001,01/01,03/04,93,35 613,44,73,10,5 439,6,4,,,,,,,,,,,
2026-03-09,SHORT_THEORY_9-16_tableau_Rebranded_jsFkE7lo.mp4,07/05,21/05,79,26 317,42,103,13,2 945,8,5,,,,,,,,,,,
2026-03-09,SV_CODE_Lisa_9-16_Hook1_Rebranded_bBsZmwOK.mp4,07/05,24/03,21,4 166,8,12,0,495,0,0,,,,,,,,,,,
2026-03-09,Image carousel 3,02/03,04/05,95,3 328,7,24,2,0,1,1,,,,,,,,,,,
2026-03-09,Image carousel 1,30/01,04/05,95,2 879,6,115,2,0,1,1,,,,,,,,,,,
2026-03-09,SHORT_THEORY_9-16_Maman_ef0C1Dxh.mp4,01/01,01/04,91,10 223,5,15,5,5 364,4,1,,,,,,,,,,,
2026-03-09,Carrousel d'images 12,02/03,12/03,11,21 219,4,42,5,0,3,2,,,,,,,,,,,
2026-03-09,Image carousel 4,02/03,13/05,104,1 297,2,4,2,0,2,0,,,,,,,,,,,
2026-03-09,Ornikar_Video_Preview_ASO_1080x1920_V4_muoJMb7L.mov,07/05,24/03,21,471,1,2,0,24,0,0,,,,,,,,,,,
2026-03-09,@Ornikar 💗 #code #codedelaroute #permis #ornikar #permisdeconduire,23/01,24/03,61,137,1,1,0,11,0,0,,,,,,,,,,,
2026-03-09,ornikar_code-de-la-route-ornikar-(nouvelle-annee)-01_clemambrosi_2025-12-30T17-40-30Z.mp4,04/03,17/03,14,112,0,0,0,11,0,0,,,,,,,,,,,
2026-03-09,Image carousel 2,30/01,17/03,47,85,0,5,0,0,0,0,,,,,,,,,,,
2026-03-09,Image carousel 6,30/01,11/06,133,49,0,2,0,0,0,0,,,,,,,,,,,
2026-03-09,Image carousel 7,30/01,11/06,133,19,0,0,0,0,0,0,,,,,,,,,,,
2026-03-10,SHORT_THEORY_9-16_Maman_Rebranded_WJftBKdQ.mp4,07/05,11/06,100,511 354,746,1 960,204,100 323,130,74,,,,,,,,,,,
2026-03-10,chasr-rs-video-9-16-conduite-leia-storytime-hook2.mp4,01/01,13/05,133,354 506,584,1 012,119,83 715,81,38,,,,,,,,,,,
2026-03-10,RS_Driving_Rebrand_PROMO_LesConseilsDesPotes_9-16_O8nWixF5.mp4,08/03,12/03,39,312 070,505,890,152,42 510,100,52,,,,,,,,,,,
2026-03-10,Copie de rs-driving-promo-maj-lejusteprix-459_gGVLt9kv.mp4,27/02,12/03,14,135 687,247,358,52,12 863,34,18,,,,,,,,,,,
2026-03-10,Allons pour le permis en 2026,09/01,16/04,98,104 126,246,338,41,17 909,27,14,,,,,,,,,,,
2026-03-10,@Ornikar la base non ?🫣,05/01,13/05,129,78 221,160,300,33,19 564,27,6,,,,,,,,,,,
2026-03-10,Alors c’est vraiment pas seulement pour la #collab j’attends mes résultats et je vous laisserai savoir dès que je les ai haha,04/01,15/04,105,82 919,128,293,36,12 946,24,12,,,,,,,,,,,
2026-03-10,#bonplan #permis #ornikar #conduite #code,05/01,05/06,152,63 426,125,178,44,15 390,31,13,,,,,,,,,,,
2026-03-10,Image carousel 13,06/03,12/03,7,29 938,64,163,17,2,12,5,,,,,,,,,,,
2026-03-10,RS_Driving_Rebrand_PROMO_LesConseilsDesPotes_9-16.mp4,02/03,12/03,11,47 873,63,104,22,8 844,15,7,,,,,,,,,,,
2026-03-10,_001,01/01,03/04,93,43 496,52,77,13,6 765,10,3,,,,,,,,,,,
2026-03-10,SHORT_THEORY_9-16_tableau_Rebranded_jsFkE7lo.mp4,07/05,21/05,79,34 467,51,132,12,3 191,7,5,,,,,,,,,,,
2026-03-10,SV_CODE_Lisa_9-16_Hook1_Rebranded_bBsZmwOK.mp4,07/05,24/03,21,12 945,23,39,1,1 251,1,0,,,,,,,,,,,
2026-03-10,Image carousel 5,02/03,13/05,104,13 485,19,32,2,0,1,1,,,,,,,,,,,
2026-03-10,Image carousel 1,30/01,04/05,95,5 217,19,207,1,0,1,0,,,,,,,,,,,
2026-03-10,SHORT_THEORY_9-16_Maman_ef0C1Dxh.mp4,01/01,01/04,91,20 062,17,28,3,8 794,2,1,,,,,,,,,,,
2026-03-10,Carrousel d'images 12,02/03,12/03,11,27 720,10,62,0,0,0,0,,,,,,,,,,,
2026-03-10,Image carousel 3,02/03,04/05,95,2 046,6,27,2,0,1,1,,,,,,,,,,,
2026-03-10,Ornikar_Video_Preview_ASO_1080x1920_V4_muoJMb7L.mov,07/05,24/03,21,1 996,3,5,0,141,0,0,,,,,,,,,,,
2026-03-10,Image carousel 2,30/01,17/03,47,98,3,5,0,0,0,0,,,,,,,,,,,
2026-03-10,Image carousel 4,02/03,13/05,104,1 136,2,4,2,0,1,1,,,,,,,,,,,
2026-03-10,@Ornikar 💗 #code #codedelaroute #permis #ornikar #permisdeconduire,23/01,24/03,61,281,2,2,0,33,0,0,,,,,,,,,,,
2026-03-10,Image carousel 7,30/01,11/06,133,328,1,0,0,0,0,0,,,,,,,,,,,
2026-03-10,ornikar_code-de-la-route-ornikar-(nouvelle-annee)-01_clemambrosi_2025-12-30T17-40-30Z.mp4,04/03,17/03,14,194,1,0,0,20,0,0,,,,,,,,,,,
2026-03-10,Image carousel 6,30/01,11/06,133,89,1,3,1,0,1,0,,,,,,,,,,,
2026-03-10,7612618009548980240,04/03,10/03,7,14,0,0,0,2,0,0,,,,,,,,,,,
2026-03-11,SHORT_THEORY_9-16_Maman_Rebranded_WJftBKdQ.mp4,07/05,11/06,100,400 702,648,1 564,164,70 945,100,64,,,,,,,,,,,
2026-03-11,chasr-rs-video-9-16-conduite-leia-storytime-hook2.mp4,01/01,13/05,133,337 795,580,925,138,87 091,97,41,,,,,,,,,,,
2026-03-11,RS_Driving_Rebrand_PROMO_LesConseilsDesPotes_9-16_O8nWixF5.mp4,08/03,12/03,39,231 934,395,615,88,33 535,58,30,,,,,,,,,,,
2026-03-11,Allons pour le permis en 2026,09/01,16/04,98,116 025,307,440,44,19 988,28,16,,,,,,,,,,,
2026-03-11,Copie de rs-driving-promo-maj-lejusteprix-459_gGVLt9kv.mp4,27/02,12/03,14,131 954,215,335,42,12 842,31,11,,,,,,,,,,,
2026-03-11,@Ornikar la base non ?🫣,05/01,13/05,129,88 416,192,293,32,23 151,22,10,,,,,,,,,,,
2026-03-11,SHORT_THEORY_9-16_tableau_Rebranded_jsFkE7lo.mp4,07/05,21/05,79,90 392,145,375,28,10 320,18,10,,,,,,,,,,,
2026-03-11,Alors c’est vraiment pas seulement pour la #collab j’attends mes résultats et je vous laisserai savoir dès que je les ai haha,04/01,15/04,105,86 750,142,311,32,13 456,23,9,,,,,,,,,,,
2026-03-11,#bonplan #permis #ornikar #conduite #code,05/01,05/06,152,63 832,136,194,28,15 868,20,8,,,,,,,,,,,
2026-03-11,RS_Driving_Rebrand_PROMO_LesConseilsDesPotes_9-16.mp4,02/03,12/03,11,74 977,105,159,30,13 662,23,7,,,,,,,,,,,
2026-03-11,_001,01/01,03/04,93,52 292,62,109,18,8 005,13,5,,,,,,,,,,,
2026-03-11,Image carousel 13,06/03,12/03,7,23 733,61,143,11,0,6,5,,,,,,,,,,,
2026-03-11,Image carousel 1,30/01,04/05,95,4 401,18,240,2,2,1,1,,,,,,,,,,,
2026-03-11,Carrousel d'images 12,02/03,12/03,11,22 076,12,64,6,0,5,1,,,,,,,,,,,
2026-03-11,SHORT_THEORY_9-16_Maman_ef0C1Dxh.mp4,01/01,01/04,91,14 984,12,24,2,6 647,2,0,,,,,,,,,,,
2026-03-11,SV_CODE_Lisa_9-16_Hook1_Rebranded_bBsZmwOK.mp4,07/05,24/03,21,6 293,11,19,2,553,1,1,,,,,,,,,,,
2026-03-11,@Ornikar 💗 #code #codedelaroute #permis #ornikar #permisdeconduire,23/01,24/03,61,1 969,10,13,4,285,2,2,,,,,,,,,,,
2026-03-11,Ornikar_Video_Preview_ASO_1080x1920_V4_muoJMb7L.mov,07/05,24/03,21,3 989,9,11,1,279,1,0,,,,,,,,,,,
2026-03-11,Image carousel 5,02/03,13/05,104,5 227,8,13,1,0,1,0,,,,,,,,,,,
2026-03-11,Image carousel 3,02/03,04/05,95,1 088,3,34,1,0,1,0,,,,,,,,,,,
2026-03-11,ornikar_code-de-la-route-ornikar-(nouvelle-annee)-01_clemambrosi_2025-12-30T17-40-30Z.mp4,04/03,17/03,14,927,2,1,0,107,0,0,,,,,,,,,,,
2026-03-11,Image carousel 7,30/01,11/06,133,96,1,3,0,0,0,0,,,,,,,,,,,
2026-03-11,Image carousel 2,30/01,17/03,47,159,1,4,0,0,0,0,,,,,,,,,,,
2026-03-11,Image carousel 4,02/03,13/05,104,610,1,6,0,0,0,0,,,,,,,,,,,
2026-03-11,Image carousel 6,30/01,11/06,133,106,1,3,0,0,0,0,,,,,,,,,,,
2026-03-12,SHORT_THEORY_9-16_Maman_Rebranded_WJftBKdQ.mp4,07/05,11/06,100,355 589,599,1 336,150,61 892,87,63,,,,,,,,,,,
2026-03-12,chasr-rs-video-9-16-conduite-leia-storytime-hook2.mp4,01/01,13/05,133,185 733,307,556,104,46 150,73,31,,,,,,,,,,,
2026-03-12,Allons pour le permis en 2026,09/01,16/04,98,106 516,242,309,71,16 102,45,26,,,,,,,,,,,
2026-03-12,SHORT_THEORY_9-16_tableau_Rebranded_jsFkE7lo.mp4,07/05,21/05,79,115 337,189,463,46,12 578,29,17,,,,,,,,,,,
2026-03-12,@Ornikar la base non ?🫣,05/01,13/05,129,75 863,161,242,33,18 211,24,9,,,,,,,,,,,
2026-03-12,#bonplan #permis #ornikar #conduite #code,05/01,05/06,152,79 381,156,204,40,17 244,28,12,,,,,,,,,,,
2026-03-12,Alors c’est vraiment pas seulement pour la #collab j’attends mes résultats et je vous laisserai savoir dès que je les ai haha,04/01,15/04,105,43 542,89,135,23,7 260,15,8,,,,,,,,,,,
2026-03-12,RS_Driving_Rebrand_PROMO_LesConseilsDesPotes_9-16_O8nWixF5.mp4,08/03,12/03,39,46 730,73,134,28,7 857,18,10,,,,,,,,,,,
2026-03-12,_001,01/01,03/04,93,31 004,41,60,6,4 829,4,2,,,,,,,,,,,
2026-03-12,Copie de rs-driving-promo-maj-lejusteprix-459_gGVLt9kv.mp4,27/02,12/03,14,23 084,36,58,15,2 626,10,5,,,,,,,,,,,
2026-03-12,SV_CODE_Lisa_9-16_Hook1_Rebranded_bBsZmwOK.mp4,07/05,24/03,21,16 383,34,59,10,1 696,7,3,,,,,,,,,,,
2026-03-12,Image carousel 5,02/03,13/05,104,30 248,26,78,9,0,7,2,,,,,,,,,,,
2026-03-12,RS_Driving_Rebrand_PROMO_LesConseilsDesPotes_9-16.mp4,02/03,12/03,11,14 037,14,30,5,3 278,3,2,,,,,,,,,,,
2026-03-12,SHORT_THEORY_9-16_Maman_ef0C1Dxh.mp4,01/01,01/04,91,17 035,13,41,5,8 205,3,2,,,,,,,,,,,
2026-03-12,Ornikar_Video_Preview_ASO_1080x1920_V4_muoJMb7L.mov,07/05,24/03,21,6 750,12,15,0,528,0,0,,,,,,,,,,,
2026-03-12,Image carousel 1,30/01,04/05,95,7 715,11,139,2,0,1,1,,,,,,,,,,,
2026-03-12,@Ornikar 💗 #code #codedelaroute #permis #ornikar #permisdeconduire,23/01,24/03,61,2 870,10,11,6,509,3,3,,,,,,,,,,,
2026-03-12,Image carousel 13,06/03,12/03,7,7 714,9,20,1,2,1,0,,,,,,,,,,,
2026-03-12,Image carousel 4,02/03,13/05,104,11 613,9,26,0,0,0,0,,,,,,,,,,,
2026-03-12,Image carousel 3,02/03,04/05,95,11 557,9,40,2,0,2,0,,,,,,,,,,,
2026-03-12,ornikar_code-de-la-route-ornikar-(nouvelle-annee)-01_clemambrosi_2025-12-30T17-40-30Z.mp4,04/03,17/03,14,2 284,5,10,0,322,0,0,,,,,,,,,,,
2026-03-12,Image carousel 2,30/01,17/03,47,6 532,4,23,1,0,1,0,,,,,,,,,,,
2026-03-12,Carrousel d'images 12,02/03,12/03,11,10 307,4,19,1,0,1,0,,,,,,,,,,,
2026-03-12,Image carousel 7,30/01,11/06,133,152,3,16,0,0,0,0,,,,,,,,,,,
2026-03-12,Image carousel 6,30/01,11/06,133,65,0,0,0,0,0,0,,,,,,,,,,,
2026-03-13,chasr-rs-video-9-16-conduite-leia-storytime-hook2.mp4,01/01,13/05,133,311 228,375,739,94,83 270,63,31,,,,,,,,,,,
2026-03-13,SHORT_THEORY_9-16_Maman_Rebranded_WJftBKdQ.mp4,07/05,11/06,100,188 183,358,621,72,31 046,44,28,,,,,,,,,,,
2026-03-13,Allons pour le permis en 2026,09/01,16/04,98,163 170,314,450,45,25 834,30,15,,,,,,,,,,,
2026-03-13,@Ornikar la base non ?🫣,05/01,13/05,129,171 138,302,534,53,37 654,34,19,,,,,,,,,,,
2026-03-13,SHORT_THEORY_9-16_tableau_Rebranded_jsFkE7lo.mp4,07/05,21/05,79,169 466,286,612,67,18 701,39,28,,,,,,,,,,,
2026-03-13,#bonplan #permis #ornikar #conduite #code,05/01,05/06,152,121 611,215,346,56,24 205,38,18,,,,,,,,,,,
2026-03-13,Alors c’est vraiment pas seulement pour la #collab j’attends mes résultats et je vous laisserai savoir dès que je les ai haha,04/01,15/04,105,54 532,111,197,26,9 438,17,9,,,,,,,,,,,
2026-03-13,Image carousel 5,02/03,13/05,104,105 820,102,227,20,0,13,7,,,,,,,,,,,
2026-03-13,_001,01/01,03/04,93,45 623,69,88,17,7 138,12,5,,,,,,,,,,,
2026-03-13,SV_CODE_Lisa_9-16_Hook1_Rebranded_bBsZmwOK.mp4,07/05,24/03,21,14 765,34,46,10,1 666,6,4,,,,,,,,,,,
2026-03-13,Image carousel 3,02/03,04/05,95,54 112,24,138,11,0,8,3,,,,,,,,,,,
2026-03-13,SHORT_THEORY_9-16_Maman_ef0C1Dxh.mp4,01/01,01/04,91,37 451,21,60,7,20 100,5,2,,,,,,,,,,,
2026-03-13,Image carousel 1,30/01,04/05,95,12 306,19,140,2,0,2,0,,,,,,,,,,,
2026-03-13,Image carousel 4,02/03,13/05,104,45 372,18,120,7,0,5,2,,,,,,,,,,,
2026-03-13,@Ornikar 💗 #code #codedelaroute #permis #ornikar #permisdeconduire,23/01,24/03,61,3 060,17,17,4,412,3,1,,,,,,,,,,,
2026-03-13,Ornikar_Video_Preview_ASO_1080x1920_V4_muoJMb7L.mov,07/05,24/03,21,5 401,11,16,2,508,1,1,,,,,,,,,,,
2026-03-13,Image carousel 2,30/01,17/03,47,20 908,10,54,0,0,0,0,,,,,,,,,,,
2026-03-13,Image carousel 7,30/01,11/06,133,809,5,21,2,0,2,0,,,,,,,,,,,
2026-03-13,ornikar_code-de-la-route-ornikar-(nouvelle-annee)-01_clemambrosi_2025-12-30T17-40-30Z.mp4,04/03,17/03,14,653,3,3,0,68,0,0,,,,,,,,,,,
2026-03-13,Image carousel 6,30/01,11/06,133,81,0,6,0,0,0,0,,,,,,,,,,,
2026-03-14,chasr-rs-video-9-16-conduite-leia-storytime-hook2.mp4,01/01,13/05,133,227 065,434,608,103,57 157,71,32,,,,,,,,,,,
2026-03-14,SHORT_THEORY_9-16_Maman_Rebranded_WJftBKdQ.mp4,07/05,11/06,100,214 075,405,771,111,33 635,66,45,,,,,,,,,,,
2026-03-14,Allons pour le permis en 2026,09/01,16/04,98,111 233,342,343,49,18 668,37,12,,,,,,,,,,,
2026-03-14,@Ornikar la base non ?🫣,05/01,13/05,129,110 510,245,337,39,25 090,29,10,,,,,,,,,,,
2026-03-14,#bonplan #permis #ornikar #conduite #code,05/01,05/06,152,80 183,173,231,40,16 268,26,14,,,,,,,,,,,
2026-03-14,Image carousel 5,02/03,13/05,104,143 799,170,224,28,0,19,9,,,,,,,,,,,
2026-03-14,SHORT_THEORY_9-16_tableau_Rebranded_jsFkE7lo.mp4,07/05,21/05,79,94 591,165,331,28,9 870,18,10,,,,,,,,,,,
2026-03-14,Alors c’est vraiment pas seulement pour la #collab j’attends mes résultats et je vous laisserai savoir dès que je les ai haha,04/01,15/04,105,60 789,123,190,23,9 746,13,10,,,,,,,,,,,
2026-03-14,_001,01/01,03/04,93,38 321,56,96,17,6 228,15,2,,,,,,,,,,,
2026-03-14,SV_CODE_Lisa_9-16_Hook1_Rebranded_bBsZmwOK.mp4,07/05,24/03,21,14 891,36,40,9,1 441,6,3,,,,,,,,,,,
2026-03-14,@Ornikar 💗 #code #codedelaroute #permis #ornikar #permisdeconduire,23/01,24/03,61,8 091,34,36,6,942,4,2,,,,,,,,,,,
2026-03-14,Image carousel 2,30/01,17/03,47,36 259,13,85,11,0,7,4,,,,,,,,,,,
2026-03-14,Image carousel 1,30/01,04/05,95,12 619,13,95,1,0,1,0,,,,,,,,,,,
2026-03-14,SHORT_THEORY_9-16_Maman_ef0C1Dxh.mp4,01/01,01/04,91,32 929,11,63,3,18 951,2,1,,,,,,,,,,,
2026-03-14,Image carousel 3,02/03,04/05,95,27 001,11,69,4,0,3,1,,,,,,,,,,,
2026-03-14,Image carousel 7,30/01,11/06,133,2 281,7,23,2,0,1,1,,,,,,,,,,,
2026-03-14,Image carousel 4,02/03,13/05,104,17 553,7,43,3,0,2,1,,,,,,,,,,,
2026-03-14,Ornikar_Video_Preview_ASO_1080x1920_V4_muoJMb7L.mov,07/05,24/03,21,2 114,6,5,2,148,1,1,,,,,,,,,,,
2026-03-14,ornikar_code-de-la-route-ornikar-(nouvelle-annee)-01_clemambrosi_2025-12-30T17-40-30Z.mp4,04/03,17/03,14,578,3,2,0,62,0,0,,,,,,,,,,,
2026-03-14,Image carousel 6,30/01,11/06,133,4,0,0,0,0,0,0,,,,,,,,,,,
2026-03-15,chasr-rs-video-9-16-conduite-leia-storytime-hook2.mp4,01/01,13/05,133,252 500,459,685,111,56 698,70,41,,,,,,,,,,,
2026-03-15,Allons pour le permis en 2026,09/01,16/04,98,154 047,417,437,60,24 454,45,15,,,,,,,,,,,
2026-03-15,SHORT_THEORY_9-16_Maman_Rebranded_WJftBKdQ.mp4,07/05,11/06,100,235 976,376,833,110,34 820,66,44,,,,,,,,,,,
2026-03-15,Image carousel 5,02/03,13/05,104,211 169,230,289,47,0,29,18,,,,,,,,,,,
2026-03-15,@Ornikar la base non ?🫣,05/01,13/05,129,87 425,190,345,35,20 925,24,11,,,,,,,,,,,
2026-03-15,SHORT_THEORY_9-16_tableau_Rebranded_jsFkE7lo.mp4,07/05,21/05,79,89 412,141,314,24,8 829,14,10,,,,,,,,,,,
2026-03-15,#bonplan #permis #ornikar #conduite #code,05/01,05/06,152,63 605,136,172,51,12 792,30,21,,,,,,,,,,,
2026-03-15,Alors c’est vraiment pas seulement pour la #collab j’attends mes résultats et je vous laisserai savoir dès que je les ai haha,04/01,15/04,105,83 635,133,262,24,12 943,17,7,,,,,,,,,,,
2026-03-15,_001,01/01,03/04,93,59 180,73,122,14,9 302,10,4,,,,,,,,,,,
2026-03-15,SV_CODE_Lisa_9-16_Hook1_Rebranded_bBsZmwOK.mp4,07/05,24/03,21,16 694,38,47,10,1 789,6,4,,,,,,,,,,,
2026-03-15,@Ornikar 💗 #code #codedelaroute #permis #ornikar #permisdeconduire,23/01,24/03,61,5 849,27,19,7,882,5,2,,,,,,,,,,,
2026-03-15,Image carousel 3,02/03,04/05,95,52 331,17,101,5,0,3,2,,,,,,,,,,,
2026-03-15,SHORT_THEORY_9-16_Maman_ef0C1Dxh.mp4,01/01,01/04,91,36 041,14,81,13,20 000,9,4,,,,,,,,,,,
2026-03-15,Image carousel 1,30/01,04/05,95,20 981,10,97,5,0,4,1,,,,,,,,,,,
2026-03-15,Image carousel 4,02/03,13/05,104,21 759,9,72,5,0,4,1,,,,,,,,,,,
2026-03-15,Image carousel 7,30/01,11/06,133,2 919,8,23,2,0,1,1,,,,,,,,,,,
2026-03-15,Image carousel 2,30/01,17/03,47,24 653,7,47,2,0,1,1,,,,,,,,,,,
2026-03-15,Ornikar_Video_Preview_ASO_1080x1920_V4_muoJMb7L.mov,07/05,24/03,21,2 499,5,9,2,185,1,1,,,,,,,,,,,
2026-03-15,ornikar_code-de-la-route-ornikar-(nouvelle-annee)-01_clemambrosi_2025-12-30T17-40-30Z.mp4,04/03,17/03,14,572,1,3,1,64,1,0,,,,,,,,,,,
2026-03-15,Image carousel 6,30/01,11/06,133,97,0,0,0,0,0,0,,,,,,,,,,,
2026-03-16,chasr-rs-video-9-16-conduite-leia-storytime-hook2.mp4,01/01,13/05,133,416 183,579,1 065,197,105 094,132,65,,,,,,,,,,,
2026-03-16,SHORT_THEORY_9-16_Maman_Rebranded_WJftBKdQ.mp4,07/05,11/06,100,205 901,325,726,120,32 584,77,43,,,,,,,,,,,
2026-03-16,Allons pour le permis en 2026,09/01,16/04,98,119 466,288,331,68,19 503,45,23,,,,,,,,,,,
2026-03-16,@Ornikar la base non ?🫣,05/01,13/05,129,83 516,167,281,35,19 775,26,9,,,,,,,,,,,
2026-03-16,#bonplan #permis #ornikar #conduite #code,05/01,05/06,152,77 709,152,210,53,14 843,40,13,,,,,,,,,,,
2026-03-16,Image carousel 5,02/03,13/05,104,98 844,120,152,15,0,12,3,,,,,,,,,,,
2026-03-16,_001,01/01,03/04,93,55 164,63,101,17,8 055,13,4,,,,,,,,,,,
2026-03-16,SHORT_THEORY_9-16_tableau_Rebranded_jsFkE7lo.mp4,07/05,21/05,79,31 448,51,135,17,3 723,11,6,,,,,,,,,,,
2026-03-16,Alors c’est vraiment pas seulement pour la #collab j’attends mes résultats et je vous laisserai savoir dès que je les ai haha,04/01,15/04,105,30 674,50,103,12,5 598,8,4,,,,,,,,,,,
2026-03-16,SHORT_THEORY_9-16_Maman_ef0C1Dxh.mp4,01/01,01/04,91,65 246,20,125,25,34 652,18,7,,,,,,,,,,,
2026-03-16,SV_CODE_Lisa_9-16_Hook1_Rebranded_bBsZmwOK.mp4,07/05,24/03,21,9 384,19,27,5,969,4,1,,,,,,,,,,,
2026-03-16,Image carousel 14,16/03,29/04,45,14 647,15,30,3,0,2,1,,,,,,,,,,,
2026-03-16,Image carousel 4,02/03,13/05,104,19 742,7,39,3,1,2,1,,,,,,,,,,,
2026-03-16,Image carousel 7,30/01,11/06,133,3 707,6,12,0,0,0,0,,,,,,,,,,,
2026-03-16,@Ornikar 💗 #code #codedelaroute #permis #ornikar #permisdeconduire,23/01,24/03,61,1 666,5,6,8,215,4,4,,,,,,,,,,,
2026-03-16,Ornikar_Video_Preview_ASO_1080x1920_V4_muoJMb7L.mov,07/05,24/03,21,2 848,5,8,0,247,0,0,,,,,,,,,,,
2026-03-16,Image carousel 1,30/01,04/05,95,4 786,5,42,3,0,2,1,,,,,,,,,,,
2026-03-16,Image carousel 3,02/03,04/05,95,12 328,4,34,0,0,0,0,,,,,,,,,,,
2026-03-16,ornikar_code-de-la-route-ornikar-(nouvelle-annee)-01_clemambrosi_2025-12-30T17-40-30Z.mp4,04/03,17/03,14,1 262,3,2,0,210,0,0,,,,,,,,,,,
2026-03-16,Image carousel 2,30/01,17/03,47,2 674,1,6,0,0,0,0,,,,,,,,,,,
2026-03-16,Image carousel 6,30/01,11/06,133,543,1,2,0,0,0,0,,,,,,,,,,,
2026-03-17,chasr-rs-video-9-16-conduite-leia-storytime-hook2.mp4,01/01,13/05,133,337 875,636,965,177,68 750,121,56,,,,,,,,,,,
2026-03-17,SHORT_THEORY_9-16_Maman_Rebranded_WJftBKdQ.mp4,07/05,11/06,100,305 864,435,1 008,139,40 060,82,57,,,,,,,,,,,
2026-03-17,Allons pour le permis en 2026,09/01,16/04,98,116 683,307,334,63,19 380,46,17,,,,,,,,,,,
2026-03-17,@Ornikar la base non ?🫣,05/01,13/05,129,82 055,169,291,20,18 915,17,3,,,,,,,,,,,
2026-03-17,#bonplan #permis #ornikar #conduite #code,05/01,05/06,152,43 127,90,102,28,8 118,19,9,,,,,,,,,,,
2026-03-17,SHORT_THEORY_9-16_tableau_Rebranded_jsFkE7lo.mp4,07/05,21/05,79,41 727,59,156,13,4 560,9,4,,,,,,,,,,,
2026-03-17,Alors c’est vraiment pas seulement pour la #collab j’attends mes résultats et je vous laisserai savoir dès que je les ai haha,04/01,15/04,105,25 154,53,86,17,4 008,10,7,,,,,,,,,,,
2026-03-17,_001,01/01,03/04,93,42 067,49,71,19,5 829,13,6,,,,,,,,,,,
2026-03-17,SHORT_THEORY_9-16_Maman_ef0C1Dxh.mp4,01/01,01/04,91,56 359,31,89,14,26 620,11,3,,,,,,,,,,,
2026-03-17,Image carousel 5,02/03,13/05,104,20 358,26,38,3,0,2,1,,,,,,,,,,,
2026-03-17,SV_CODE_Lisa_9-16_Hook1_Rebranded_bBsZmwOK.mp4,07/05,24/03,21,124 113,19,206,11,16 174,6,5,,,,,,,,,,,
2026-03-17,@Ornikar 💗 #code #codedelaroute #permis #ornikar #permisdeconduire,23/01,24/03,61,4 799,15,17,8,655,5,3,,,,,,,,,,,
2026-03-17,Image carousel 7,30/01,11/06,133,9 992,13,32,3,0,1,2,,,,,,,,,,,
2026-03-17,Image carousel 4,02/03,13/05,104,97 641,9,130,4,0,4,0,,,,,,,,,,,
2026-03-17,Image carousel 1,30/01,04/05,95,5 413,9,42,0,0,0,0,,,,,,,,,,,
2026-03-17,Image carousel 3,02/03,04/05,95,11 612,5,19,3,0,2,1,,,,,,,,,,,
2026-03-17,ornikar_code-de-la-route-ornikar-(nouvelle-annee)-01_clemambrosi_2025-12-30T17-40-30Z.mp4,04/03,17/03,14,357,4,3,3,32,2,1,,,,,,,,,,,
2026-03-17,Ornikar_Video_Preview_ASO_1080x1920_V4_muoJMb7L.mov,07/05,24/03,21,8 635,3,9,0,723,0,0,,,,,,,,,,,
2026-03-17,Image carousel 6,30/01,11/06,133,1 884,1,2,0,0,0,0,,,,,,,,,,,
2026-03-17,Image carousel 2,30/01,17/03,47,1 780,1,6,3,0,2,1,,,,,,,,,,,
2026-03-18,chasr-rs-video-9-16-conduite-leia-storytime-hook2.mp4,01/01,13/05,133,403 241,668,1 132,201,81 946,140,61,,,,,,,,,,,
2026-03-18,Allons pour le permis en 2026,09/01,16/04,98,97 289,235,310,37,15 372,24,13,,,,,,,,,,,
2026-03-18,SHORT_THEORY_9-16_Maman_Rebranded_WJftBKdQ.mp4,04/03,11/06,100,136 944,227,427,62,19 597,41,21,,,,,,,,,,,
2026-03-18,@Ornikar la base non ?🫣,05/01,13/05,129,80 907,158,279,31,17 889,21,10,,,,,,,,,,,
2026-03-18,#bonplan #permis #ornikar #conduite #code,05/01,05/06,152,50 536,100,135,33,9 699,26,7,,,,,,,,,,,
2026-03-18,@Ornikar 💗 #code #codedelaroute #permis #ornikar #permisdeconduire,23/01,24/03,61,17 982,64,60,17,3 252,10,7,,,,,,,,,,,
2026-03-18,Alors c’est vraiment pas seulement pour la #collab j’attends mes résultats et je vous laisserai savoir dès que je les ai haha,01/01,15/04,105,17 585,60,52,18,2 755,12,6,,,,,,,,,,,
2026-03-18,_001,01/01,03/04,93,47 559,49,83,17,7 265,12,5,,,,,,,,,,,
2026-03-18,SHORT_THEORY_9-16_tableau_Rebranded_jsFkE7lo.mp4,04/03,21/05,79,32 566,48,90,20,3 551,11,9,,,,,,,,,,,
2026-03-18,Image carousel 14,16/03,29/04,45,40 466,39,132,7,0,4,3,,,,,,,,,,,
2026-03-18,SHORT_THEORY_9-16_Maman_ef0C1Dxh.mp4,01/01,01/04,91,49 845,28,83,9,22 486,9,0,,,,,,,,,,,
2026-03-18,Image carousel 7,30/01,11/06,133,5 439,22,47,1,0,1,0,,,,,,,,,,,
2026-03-18,SV_CODE_Lisa_9-16_Hook1_Rebranded_bBsZmwOK.mp4,04/03,24/03,21,61 874,17,117,17,10 579,10,7,,,,,,,,,,,
2026-03-18,Ornikar_Video_Preview_ASO_1080x1920_V4_muoJMb7L.mov,04/03,24/03,21,11 633,6,22,3,1 114,2,1,,,,,,,,,,,
2026-03-18,Image carousel 3,30/01,04/05,95,10 183,4,37,0,0,0,0,,,,,,,,,,,
2026-03-18,Image carousel 4,30/01,13/05,104,53 659,1,81,6,0,4,2,,,,,,,,,,,
2026-03-18,Image carousel 6,30/01,11/06,133,2 148,1,4,0,0,0,0,,,,,,,,,,,
2026-03-18,Image carousel 5,30/01,13/05,104,6 114,0,0,1,0,1,0,,,,,,,,,,,
2026-03-19,chasr-rs-video-9-16-conduite-leia-storytime-hook2.mp4,01/01,13/05,133,231 113,464,728,143,46 366,105,38,,,,,,,,,,,
2026-03-19,SV_DRIVING_Micro2_9-16_Hook2_Rebranded_3CmWuhsx.mp4,19/03,29/05,72,176 106,289,770,72,44 057,47,25,,,,,,,,,,,
2026-03-19,SHORT_THEORY_9-16_Maman_Rebranded_WJftBKdQ.mp4,04/03,11/06,100,100 429,168,325,38,14 511,25,13,,,,,,,,,,,
2026-03-19,SV_DRIVING_Micro1_9-16_Hook1_Rebranded_QxChkwre.mp4,19/03,05/06,79,81 528,145,311,25,16 200,14,11,,,,,,,,,,,
2026-03-19,Allons pour le permis en 2026,09/01,16/04,98,57 793,144,198,31,9 864,19,12,,,,,,,,,,,
2026-03-19,#bonplan #permis #ornikar #conduite #code,05/01,05/06,152,37 402,79,110,27,6 998,16,11,,,,,,,,,,,
2026-03-19,@Ornikar la base non ?🫣,05/01,13/05,129,36 145,74,129,25,8 652,16,9,,,,,,,,,,,
2026-03-19,Alors c’est vraiment pas seulement pour la #collab j’attends mes résultats et je vous laisserai savoir dès que je les ai haha,01/01,15/04,105,36 651,69,118,16,6 485,10,6,,,,,,,,,,,
2026-03-19,_001,01/01,03/04,93,39 346,46,61,14,5 644,9,5,,,,,,,,,,,
2026-03-19,SHORT_THEORY_9-16_tableau_Rebranded_jsFkE7lo.mp4,04/03,21/05,79,19 162,26,54,8,2 050,5,3,,,,,,,,,,,
2026-03-19,SV_CODE_Lisa_9-16_Hook1_Rebranded_bBsZmwOK.mp4,04/03,24/03,21,24 418,22,47,9,3 580,6,3,,,,,,,,,,,
2026-03-19,SHORT_THEORY_9-16_Maman_ef0C1Dxh.mp4,01/01,01/04,91,30 472,21,47,15,12 781,10,5,,,,,,,,,,,
2026-03-19,@Ornikar 💗 #code #codedelaroute #permis #ornikar #permisdeconduire,23/01,24/03,61,10 227,16,23,11,2 285,8,3,,,,,,,,,,,
2026-03-19,ornikar_code-de-la-route-ornikar-(nouvelle-annee)-02_aleed-ed_2026-01-06T00-57-01Z (1)_myHsXegZ.mp4,06/06,15/04,28,10 617,11,24,2,1 315,2,0,,,,,,,,,,,
2026-03-19,Image carousel 7,30/01,11/06,133,4 088,10,39,8,0,5,3,,,,,,,,,,,
2026-03-19,Ornikar_Video_Preview_ASO_1080x1920_V4_muoJMb7L.mov,04/03,24/03,21,6 703,7,12,4,654,2,2,,,,,,,,,,,
2026-03-19,Image carousel 14,16/03,29/04,45,5 515,7,36,2,0,1,1,,,,,,,,,,,
2026-03-19,Image carousel 4,30/01,13/05,104,14 501,3,35,4,0,3,1,,,,,,,,,,,
2026-03-19,Image carousel 3,30/01,04/05,95,3 343,2,17,0,0,0,0,,,,,,,,,,,
2026-03-19,Image carousel 6,30/01,11/06,133,1 139,1,6,0,0,0,0,,,,,,,,,,,
2026-03-19,Image carousel 5,30/01,13/05,104,2 075,0,2,1,0,1,0,,,,,,,,,,,
2026-03-20,SV_DRIVING_Micro2_9-16_Hook2_Rebranded_3CmWuhsx.mp4,19/03,29/05,72,336 861,583,1 115,137,88 240,96,41,,,,,,,,,,,
2026-03-20,chasr-rs-video-9-16-conduite-leia-storytime-hook2.mp4,01/01,13/05,133,165 779,297,466,60,30 993,47,13,,,,,,,,,,,
2026-03-20,SHORT_THEORY_9-16_Maman_Rebranded_WJftBKdQ.mp4,04/03,11/06,100,157 784,236,610,69,21 595,41,28,,,,,,,,,,,
2026-03-20,SV_DRIVING_Micro1_9-16_Hook1_Rebranded_QxChkwre.mp4,19/03,05/06,79,130 544,202,380,50,34 272,37,13,,,,,,,,,,,
2026-03-20,Allons pour le permis en 2026,09/01,16/04,98,19 138,50,65,10,3 043,6,4,,,,,,,,,,,
2026-03-20,_001,01/01,03/04,93,39 843,41,66,12,4 776,8,4,,,,,,,,,,,
2026-03-20,#bonplan #permis #ornikar #conduite #code,05/01,05/06,152,17 838,35,43,3,3 143,3,0,,,,,,,,,,,
2026-03-20,Alors c’est vraiment pas seulement pour la #collab j’attends mes résultats et je vous laisserai savoir dès que je les ai haha,01/01,15/04,105,18 085,33,55,9,3 020,5,4,,,,,,,,,,,
2026-03-20,@Ornikar la base non ?🫣,05/01,13/05,129,15 447,31,67,5,3 220,5,0,,,,,,,,,,,
2026-03-20,SHORT_THEORY_9-16_Maman_ef0C1Dxh.mp4,01/01,01/04,91,25 928,23,46,3,8 232,3,0,,,,,,,,,,,
2026-03-20,SV_CODE_Lisa_9-16_Hook1_Rebranded_bBsZmwOK.mp4,04/03,24/03,21,22 435,19,48,7,3 210,5,2,,,,,,,,,,,
2026-03-20,SHORT_THEORY_9-16_tableau_Rebranded_jsFkE7lo.mp4,04/03,21/05,79,11 485,14,42,9,1 121,5,4,,,,,,,,,,,
2026-03-20,ornikar_code-de-la-route-ornikar-(nouvelle-annee)-02_aleed-ed_2026-01-06T00-57-01Z (1)_myHsXegZ.mp4,06/06,15/04,28,5 364,9,15,2,785,2,0,,,,,,,,,,,
2026-03-20,Ornikar_Video_Preview_ASO_1080x1920_V4_muoJMb7L.mov,04/03,24/03,21,6 397,8,15,2,555,2,0,,,,,,,,,,,
2026-03-20,@Ornikar 💗 #code #codedelaroute #permis #ornikar #permisdeconduire,23/01,24/03,61,3 691,5,10,7,511,4,3,,,,,,,,,,,
2026-03-20,Image carousel 7,30/01,11/06,133,1 816,4,27,1,0,1,0,,,,,,,,,,,
2026-03-20,Image carousel 6,30/01,11/06,133,736,1,4,0,0,0,0,,,,,,,,,,,
2026-03-20,Image carousel 4,30/01,13/05,104,5 171,1,11,0,0,0,0,,,,,,,,,,,
2026-03-20,Image carousel 16,20/03,16/04,28,82,0,0,0,0,0,0,,,,,,,,,,,
2026-03-20,Image carousel 5,30/01,13/05,104,361,0,3,0,0,0,0,,,,,,,,,,,
2026-03-20,Image carousel 3,30/01,04/05,95,1 209,0,17,2,0,1,1,,,,,,,,,,,
2026-03-20,Image carousel 15,20/03,16/04,28,44,0,0,0,0,0,0,,,,,,,,,,,
2026-03-21,SV_DRIVING_Micro2_9-16_Hook2_Rebranded_3CmWuhsx.mp4,19/03,29/05,72,374 056,661,1 269,199,89 819,134,65,,,,,,,,,,,
2026-03-21,SV_DRIVING_Micro1_9-16_Hook1_Rebranded_QxChkwre.mp4,19/03,05/06,79,156 293,274,473,78,32 360,56,22,,,,,,,,,,,
2026-03-21,SHORT_THEORY_9-16_Maman_Rebranded_WJftBKdQ.mp4,04/03,11/06,100,136 185,206,515,64,19 689,39,25,,,,,,,,,,,
2026-03-21,chasr-rs-video-9-16-conduite-leia-storytime-hook2.mp4,01/01,13/05,133,95 265,173,266,53,18 381,36,17,,,,,,,,,,,
2026-03-21,Allons pour le permis en 2026,09/01,16/04,98,14 599,39,41,9,2 335,6,3,,,,,,,,,,,
2026-03-21,Alors c’est vraiment pas seulement pour la #collab j’attends mes résultats et je vous laisserai savoir dès que je les ai haha,01/01,15/04,105,14 484,29,45,10,2 022,7,3,,,,,,,,,,,
2026-03-21,_001,01/01,03/04,93,27 689,29,42,5,3 619,5,0,,,,,,,,,,,
2026-03-21,SV_CODE_Lisa_9-16_Hook1_Rebranded_bBsZmwOK.mp4,04/03,24/03,21,17 513,24,32,5,1 697,4,1,,,,,,,,,,,
2026-03-21,SHORT_THEORY_9-16_tableau_Rebranded_jsFkE7lo.mp4,04/03,21/05,79,15 770,23,54,7,1 438,4,3,,,,,,,,,,,
2026-03-21,@Ornikar la base non ?🫣,05/01,13/05,129,10 618,17,24,8,2 294,6,2,,,,,,,,,,,
2026-03-21,#bonplan #permis #ornikar #conduite #code,05/01,05/06,152,8 171,16,27,1,1 379,1,0,,,,,,,,,,,
2026-03-21,ornikar_code-de-la-route-ornikar-(nouvelle-annee)-02_aleed-ed_2026-01-06T00-57-01Z (1)_myHsXegZ.mp4,19/03,15/04,28,9 229,15,22,4,1 123,2,2,,,,,,,,,,,
2026-03-21,SHORT_THEORY_9-16_Maman_ef0C1Dxh.mp4,01/01,01/04,91,13 310,14,26,0,3 815,0,0,,,,,,,,,,,
2026-03-21,@Ornikar 💗 #code #codedelaroute #permis #ornikar #permisdeconduire,23/01,24/03,61,3 278,13,13,8,490,4,4,,,,,,,,,,,
2026-03-21,Ornikar_Video_Preview_ASO_1080x1920_V4_muoJMb7L.mov,04/03,24/03,21,5 571,9,11,3,444,3,0,,,,,,,,,,,
2026-03-21,Image carousel 7,30/01,11/06,133,1 597,6,16,0,0,0,0,,,,,,,,,,,
2026-03-21,Image carousel 14,16/03,29/04,45,947,2,6,0,0,0,0,,,,,,,,,,,
2026-03-21,Image carousel 6,30/01,11/06,133,597,1,2,2,0,1,1,,,,,,,,,,,
2026-03-21,Image carousel 5,30/01,13/05,104,443,1,4,0,0,0,0,,,,,,,,,,,
2026-03-21,Image carousel 3,30/01,04/05,95,681,1,9,0,0,0,0,,,,,,,,,,,
2026-03-21,Image carousel 4,30/01,13/05,104,3 302,0,8,0,0,0,0,,,,,,,,,,,
2026-03-22,SV_DRIVING_Micro2_9-16_Hook2_Rebranded_3CmWuhsx.mp4,19/03,29/05,72,414 858,652,1 474,217,107 848,145,72,,,,,,,,,,,
2026-03-22,SV_DRIVING_Micro1_9-16_Hook1_Rebranded_QxChkwre.mp4,19/03,05/06,79,229 600,308,740,129,48 236,84,45,,,,,,,,,,,
2026-03-22,SHORT_THEORY_9-16_Maman_Rebranded_WJftBKdQ.mp4,04/03,11/06,100,168 538,224,649,81,24 698,50,31,,,,,,,,,,,
2026-03-22,chasr-rs-video-9-16-conduite-leia-storytime-hook2.mp4,01/01,13/05,133,83 473,142,293,40,14 662,26,14,,,,,,,,,,,
2026-03-22,_001,01/01,03/04,93,57 305,58,95,24,7 984,18,6,,,,,,,,,,,
2026-03-22,Allons pour le permis en 2026,09/01,16/04,98,18 755,46,62,16,3 124,9,7,,,,,,,,,,,
2026-03-22,SHORT_THEORY_9-16_tableau_Rebranded_jsFkE7lo.mp4,04/03,21/05,79,24 790,34,91,12,2 525,7,5,,,,,,,,,,,
2026-03-22,SV_CODE_Lisa_9-16_Hook1_Rebranded_bBsZmwOK.mp4,04/03,24/03,21,19 511,26,53,12,2 073,7,5,,,,,,,,,,,
2026-03-22,Alors c’est vraiment pas seulement pour la #collab j’attends mes résultats et je vous laisserai savoir dès que je les ai haha,01/01,15/04,105,15 812,24,46,10,2 286,7,3,,,,,,,,,,,
2026-03-22,Image carousel 14,16/03,29/04,45,6 943,22,107,10,0,7,3,,,,,,,,,,,
2026-03-22,@Ornikar la base non ?🫣,05/01,13/05,129,12 188,20,39,6,2 699,4,2,,,,,,,,,,,
2026-03-22,SHORT_THEORY_9-16_Maman_ef0C1Dxh.mp4,01/01,01/04,91,31 116,18,53,7,12 934,5,2,,,,,,,,,,,
2026-03-22,#bonplan #permis #ornikar #conduite #code,05/01,05/06,152,7 539,13,32,5,1 275,2,3,,,,,,,,,,,
2026-03-22,Image carousel 7,30/01,11/06,133,4 763,6,11,5,0,3,2,,,,,,,,,,,
2026-03-22,Ornikar_Video_Preview_ASO_1080x1920_V4_muoJMb7L.mov,04/03,24/03,21,5 145,6,10,4,468,3,1,,,,,,,,,,,
2026-03-22,@Ornikar 💗 #code #codedelaroute #permis #ornikar #permisdeconduire,23/01,24/03,61,5 188,4,16,2,1 266,1,1,,,,,,,,,,,
2026-03-22,ornikar_code-de-la-route-ornikar-(nouvelle-annee)-02_aleed-ed_2026-01-06T00-57-01Z (1)_myHsXegZ.mp4,06/06,15/04,28,1 392,2,5,0,182,0,0,,,,,,,,,,,
2026-03-22,Image carousel 6,30/01,11/06,133,1 149,2,6,1,0,1,0,,,,,,,,,,,
2026-03-22,SV_THEORY_9-16_Yamine_Hook1_2pUuQ6OE.mp4,03/02,01/04,58,1 036,1,0,0,149,0,0,,,,,,,,,,,
2026-03-22,Image carousel 4,02/03,13/05,104,10 780,1,8,0,0,0,0,,,,,,,,,,,
2026-03-22,Image carousel 3,02/03,04/05,95,1 914,1,7,0,0,0,0,,,,,,,,,,,
2026-03-22,Image carousel 5,30/01,13/05,104,569,0,2,0,0,0,0,,,,,,,,,,,
2026-03-23,SV_DRIVING_Micro2_9-16_Hook2_Rebranded_3CmWuhsx.mp4,19/03,29/05,72,322 025,575,1 076,210,81 908,146,64,,,,,,,,,,,
2026-03-23,SV_DRIVING_Micro1_9-16_Hook1_Rebranded_QxChkwre.mp4,19/03,05/06,79,165 277,258,512,82,35 090,58,24,,,,,,,,,,,
2026-03-23,SHORT_THEORY_9-16_Maman_Rebranded_WJftBKdQ.mp4,04/03,11/06,100,141 356,234,577,79,21 711,51,28,,,,,,,,,,,
2026-03-23,GETPOV_ugc-promo-1ere-ae-garcon-avec-encart-9-16_J9y2GEfD.mp4,23/03,16/04,25,81 971,136,189,43,9 925,29,14,,,,,,,,,,,
2026-03-23,chasr-rs-video-9-16-conduite-leia-storytime-hook2.mp4,01/01,13/05,133,60 098,106,157,48,10 865,28,20,,,,,,,,,,,
2026-03-23,_001,01/01,03/04,93,54 384,59,92,16,7 555,11,5,,,,,,,,,,,
2026-03-23,Allons pour le permis en 2026,09/01,16/04,98,12 991,34,46,5,2 258,2,3,,,,,,,,,,,
2026-03-23,#bonplan #permis #ornikar #conduite #code,05/01,05/06,152,16 570,31,53,13,2 947,9,4,,,,,,,,,,,
2026-03-23,Alors c’est vraiment pas seulement pour la #collab j’attends mes résultats et je vous laisserai savoir dès que je les ai haha,01/01,15/04,105,13 138,31,58,13,2 552,8,5,,,,,,,,,,,
2026-03-23,SV_CODE_Lisa_9-16_Hook1_Rebranded_bBsZmwOK.mp4,04/03,24/03,21,16 389,28,48,12,1 711,11,1,,,,,,,,,,,
2026-03-23,SHORT_THEORY_9-16_tableau_Rebranded_jsFkE7lo.mp4,04/03,21/05,79,15 489,25,77,9,1 678,6,3,,,,,,,,,,,
2026-03-23,@Ornikar la base non ?🫣,05/01,13/05,129,11 417,21,41,4,2 537,3,1,,,,,,,,,,,
2026-03-23,GETPOV_ugc-promo-idee-fille-avec-encart-9-16_ANcqfxiX.mp4,23/03,16/04,25,13 576,20,26,3,1 667,1,2,,,,,,,,,,,
2026-03-23,SHORT_THEORY_9-16_Maman_ef0C1Dxh.mp4,01/01,01/04,91,20 816,20,31,7,6 226,5,2,,,,,,,,,,,
2026-03-23,GETPOV_ugc-promo-1ere-ae-fille-avec-encart-9-16_f3XaY8eI.mp4,23/03,16/04,25,10 406,15,20,5,1 576,3,2,,,,,,,,,,,
2026-03-23,@Ornikar 💗 #code #codedelaroute #permis #ornikar #permisdeconduire,23/01,24/03,61,3 156,7,9,5,602,4,1,,,,,,,,,,,
2026-03-23,Image carousel 14,16/03,29/04,45,2 355,6,17,0,0,0,0,,,,,,,,,,,
2026-03-23,SV_THEORY_9-16_Yamine_Hook1_2pUuQ6OE.mp4,03/02,01/04,58,1 928,3,6,4,356,3,1,,,,,,,,,,,
2026-03-23,ornikar_code-de-la-route-ornikar-(nouvelle-annee)-02_aleed-ed_2026-01-06T00-57-01Z (1)_myHsXegZ.mp4,06/06,15/04,28,1 164,3,5,0,124,0,0,,,,,,,,,,,
2026-03-23,Image carousel 7,30/01,11/06,133,864,2,11,1,0,1,0,,,,,,,,,,,
2026-03-23,Image carousel 3,02/03,04/05,95,1 663,1,7,2,0,1,1,,,,,,,,,,,
2026-03-23,Ornikar_Video_Preview_ASO_1080x1920_V4_muoJMb7L.mov,04/03,24/03,21,804,1,1,2,73,1,1,,,,,,,,,,,
2026-03-23,Télécharge Ornikar et profite de 3 mois d'abonnement Deezer en prenant un abonnement code #ornikar,23/03,13/05,52,2 510,0,5,0,215,0,0,,,,,,,,,,,
2026-03-23,Image carousel 4,02/03,13/05,104,2 928,0,2,0,0,0,0,,,,,,,,,,,
2026-03-23,Image carousel 6,30/01,11/06,133,115,0,1,0,0,0,0,,,,,,,,,,,
2026-03-23,3 mois d’abonnement Deezer premium  pour l’achat du code sur ORNIKAR !! @D@DeezerO@Ornikar,23/03,01/04,10,87,0,0,0,9,0,0,,,,,,,,,,,
2026-03-23,Alors télécharge Ornikar et profite de 3 mois Deezer premium offerts pour tout achat du code !,23/03,23/03,1,87,0,0,0,12,0,0,,,,,,,,,,,
2026-03-23,Télécharge Ornikar et profite de 3 mois d'abonnement Deezer en prenant un abonnement code ! @Ornikar  @Deezer #code,23/03,23/03,1,92,0,0,0,11,0,0,,,,,,,,,,,
2026-03-23,7620455786720002055,23/03,23/03,1,50,0,0,0,4,0,0,,,,,,,,,,,
2026-03-23,Image carousel 5,30/01,13/05,104,272,0,1,0,0,0,0,,,,,,,,,,,
2026-03-23,Télécharge Ornikar et profite de 3 mois d'abonnement Deezer en prenant un abonnement code ! #deezer #ornikar,23/03,13/05,52,17,0,0,0,2,0,0,,,,,,,,,,,
2026-03-23,Téléchargez @Ornikar et profitez de 3 mois de Deezer Premium offert pour tout achat du code !  🎶✨ #codedelaroute #ornikar #permisdeconduire #deezer,23/03,23/03,1,5,0,0,0,0,0,0,,,,,,,,,,,
2026-03-23,Télécharge Ornikar et profite de 3 mois d'abonnement Deezer en prenant un abonnement code !@Ornikar,23/03,15/04,24,3,0,0,0,0,0,0,,,,,,,,,,,
2026-03-24,SV_DRIVING_Micro2_9-16_Hook2_Rebranded_3CmWuhsx.mp4,19/03,29/05,72,300 544,572,1 071,183,70 454,127,56,,,,,,,,,,,
2026-03-24,SV_DRIVING_Micro1_9-16_Hook1_Rebranded_QxChkwre.mp4,19/03,05/06,79,129 352,223,403,88,30 625,61,27,,,,,,,,,,,
2026-03-24,SHORT_THEORY_9-16_Maman_Rebranded_WJftBKdQ.mp4,04/03,11/06,100,99 519,188,374,67,15 775,45,22,,,,,,,,,,,
2026-03-24,GETPOV_ugc-promo-1ere-ae-garcon-avec-encart-9-16_J9y2GEfD.mp4,23/03,16/04,25,57 334,107,153,38,8 091,23,15,,,,,,,,,,,
2026-03-24,GETPOV_ugc-promo-1ere-ae-fille-avec-encart-9-16_f3XaY8eI.mp4,23/03,16/04,25,57 585,101,124,42,8 174,27,15,,,,,,,,,,,
2026-03-24,chasr-rs-video-9-16-conduite-leia-storytime-hook2.mp4,01/01,13/05,133,55 088,100,164,21,10 156,15,6,,,,,,,,,,,
2026-03-24,_001,01/01,03/04,93,47 078,54,86,7,6 419,7,0,,,,,,,,,,,
2026-03-24,GETPOV_ugc-promo-idee-fille-avec-encart-9-16_ANcqfxiX.mp4,23/03,16/04,25,23 050,40,57,11,3 119,8,3,,,,,,,,,,,
2026-03-24,Alors c’est vraiment pas seulement pour la #collab j’attends mes résultats et je vous laisserai savoir dès que je les ai haha,01/01,15/04,105,12 916,36,48,14,2 183,8,6,,,,,,,,,,,
2026-03-24,SV_CODE_Lisa_9-16_Hook1_Rebranded_bBsZmwOK.mp4,04/03,24/03,21,15 484,30,44,12,1 498,8,4,,,,,,,,,,,
2026-03-24,SHORT_THEORY_9-16_tableau_Rebranded_jsFkE7lo.mp4,04/03,21/05,79,18 803,30,68,4,1 953,3,1,,,,,,,,,,,
2026-03-24,Allons pour le permis en 2026,09/01,16/04,98,7 129,23,18,5,1 251,3,2,,,,,,,,,,,
2026-03-24,#bonplan #permis #ornikar #conduite #code,05/01,05/06,152,9 553,20,23,8,1 827,4,4,,,,,,,,,,,
2026-03-24,SHORT_THEORY_9-16_Maman_ef0C1Dxh.mp4,01/01,01/04,91,17 428,19,28,5,4 302,3,2,,,,,,,,,,,
2026-03-24,@Ornikar la base non ?🫣,05/01,13/05,129,10 188,16,42,5,2 385,3,2,,,,,,,,,,,
2026-03-24,Image carousel 7,30/01,11/06,133,1 223,9,25,6,1,3,3,,,,,,,,,,,
2026-03-24,Télécharge Ornikar et profite de 3 mois d'abonnement Deezer en prenant un abonnement code #ornikar,23/03,13/05,52,26 108,8,50,4,3 181,2,2,,,,,,,,,,,
2026-03-24,@Ornikar 💗 #code #codedelaroute #permis #ornikar #permisdeconduire,23/01,24/03,61,1 420,8,8,5,157,3,2,,,,,,,,,,,
2026-03-24,ornikar_code-de-la-route-ornikar-(nouvelle-annee)-02_aleed-ed_2026-01-06T00-57-01Z (1)_myHsXegZ.mp4,06/06,15/04,28,1 858,6,5,2,228,1,1,,,,,,,,,,,
2026-03-24,Télécharge Ornikar et profite de 3 mois d'abonnement Deezer en prenant un abonnement code ! #deezer #ornikar,23/03,13/05,52,3 720,5,11,0,411,0,0,,,,,,,,,,,
2026-03-24,SV_THEORY_9-16_Yamine_Hook1_2pUuQ6OE.mp4,03/02,01/04,58,3 112,5,5,4,491,2,2,,,,,,,,,,,
2026-03-24,Télécharge Ornikar et profite de 3 mois d'abonnement Deezer en prenant un abonnement code !@Ornikar,23/03,15/04,24,2 477,4,8,0,204,0,0,,,,,,,,,,,
2026-03-24,Ornikar_Video_Preview_ASO_1080x1920_V4_muoJMb7L.mov,04/03,24/03,21,1 877,3,1,0,190,0,0,,,,,,,,,,,
2026-03-24,3 mois d’abonnement Deezer premium  pour l’achat du code sur ORNIKAR !! @D@DeezerO@Ornikar,23/03,01/04,10,8 850,2,12,0,677,0,0,,,,,,,,,,,
2026-03-24,Image carousel 3,02/03,04/05,95,2 284,2,9,2,0,1,1,,,,,,,,,,,
2026-03-24,Image carousel 4,02/03,13/05,104,2 395,1,3,0,0,0,0,,,,,,,,,,,
2026-03-24,Image carousel 6,30/01,11/06,133,133,0,4,0,0,0,0,,,,,,,,,,,
2026-03-24,Image carousel 5,30/01,13/05,104,90,0,1,0,0,0,0,,,,,,,,,,,
2026-03-25,SV_DRIVING_Micro2_9-16_Hook2_Rebranded_3CmWuhsx.mp4,19/03,29/05,72,162 675,297,497,81,37 551,55,26,,,,,,,,,,,
2026-03-25,SV_DRIVING_Micro1_9-16_Hook1_Rebranded_QxChkwre.mp4,19/03,05/06,79,139 167,229,430,96,34 127,62,34,,,,,,,,,,,
2026-03-25,SHORT_THEORY_9-16_Maman_Rebranded_WJftBKdQ.mp4,04/03,11/06,100,102 673,200,394,70,15 154,46,24,,,,,,,,,,,
2026-03-25,GETPOV_ugc-promo-1ere-ae-garcon-avec-encart-9-16_J9y2GEfD.mp4,23/03,16/04,25,63 783,123,173,40,8 523,28,12,,,,,,,,,,,
2026-03-25,GETPOV_ugc-promo-1ere-ae-fille-avec-encart-9-16_f3XaY8eI.mp4,23/03,16/04,25,68 059,118,171,37,9 949,24,13,,,,,,,,,,,
2026-03-25,chasr-rs-video-9-16-conduite-leia-storytime-hook2.mp4,01/01,13/05,133,48 299,83,124,47,9 439,31,16,,,,,,,,,,,
2026-03-25,_001,01/01,03/04,93,34 200,42,52,12,4 752,10,2,,,,,,,,,,,
2026-03-25,Alors c’est vraiment pas seulement pour la #collab j’attends mes résultats et je vous laisserai savoir dès que je les ai haha,01/01,15/04,105,11 286,34,47,9,1 720,6,3,,,,,,,,,,,
2026-03-25,Télécharge Ornikar et profite de 3 mois d'abonnement Deezer en prenant un abonnement code ! #deezer #ornikar,23/03,13/05,52,26 480,29,91,19,2 925,12,7,,,,,,,,,,,
2026-03-25,SHORT_THEORY_9-16_tableau_Rebranded_jsFkE7lo.mp4,04/03,21/05,79,12 821,24,58,13,1 215,8,5,,,,,,,,,,,
2026-03-25,Image carousel 7,30/01,11/06,133,4 399,19,52,7,0,4,3,,,,,,,,,,,
2026-03-25,GETPOV_ugc-promo-idee-fille-avec-encart-9-16_ANcqfxiX.mp4,23/03,16/04,25,13 108,17,19,3,1 909,2,1,,,,,,,,,,,
2026-03-25,SHORT_THEORY_9-16_Maman_ef0C1Dxh.mp4,01/01,01/04,91,16 428,16,26,12,5 061,6,6,,,,,,,,,,,
2026-03-25,#bonplan #permis #ornikar #conduite #code,05/01,05/06,152,7 259,14,24,3,1 354,2,1,,,,,,,,,,,
2026-03-25,Allons pour le permis en 2026,09/01,16/04,98,3 867,11,8,3,737,1,2,,,,,,,,,,,
2026-03-25,ornikar_code-de-la-route-ornikar-(nouvelle-annee)-02_aleed-ed_2026-01-06T00-57-01Z (1)_myHsXegZ.mp4,06/06,15/04,28,2 701,10,13,4,345,2,2,,,,,,,,,,,
2026-03-25,@Ornikar la base non ?🫣,05/01,13/05,129,5 586,9,18,6,1 248,4,2,,,,,,,,,,,
2026-03-25,Image carousel 3,02/03,04/05,95,3 283,6,25,0,0,0,0,,,,,,,,,,,
2026-03-25,Télécharge Ornikar et profite de 3 mois d'abonnement Deezer en prenant un abonnement code !@Ornikar,23/03,15/04,24,7 780,6,11,1,646,1,0,,,,,,,,,,,
2026-03-25,Télécharge Ornikar et profite de 3 mois d'abonnement Deezer en prenant un abonnement code #ornikar,23/03,13/05,52,13 339,4,28,1,1 731,1,0,,,,,,,,,,,
2026-03-25,SV_THEORY_9-16_Yamine_Hook1_2pUuQ6OE.mp4,03/02,01/04,58,2 963,4,8,2,457,1,1,,,,,,,,,,,
2026-03-25,3 mois d’abonnement Deezer premium  pour l’achat du code sur ORNIKAR !! @D@DeezerO@Ornikar,23/03,01/04,10,33 987,2,42,6,2 568,4,2,,,,,,,,,,,
2026-03-25,Image carousel 4,02/03,13/05,104,2 800,1,7,0,0,0,0,,,,,,,,,,,
2026-03-26,SV_DRIVING_Micro2_9-16_Hook2_Rebranded_3CmWuhsx.mp4,19/03,29/05,72,128 854,239,408,74,26 754,54,20,,,,,,,,,,,
2026-03-26,SHORT_THEORY_9-16_Maman_Rebranded_WJftBKdQ.mp4,04/03,11/06,100,135 551,239,499,62,20 739,42,20,,,,,,,,,,,
2026-03-26,SV_DRIVING_Micro1_9-16_Hook1_Rebranded_QxChkwre.mp4,19/03,05/06,79,121 670,208,352,80,30 625,57,23,,,,,,,,,,,
2026-03-26,GETPOV_ugc-promo-1ere-ae-fille-avec-encart-9-16_f3XaY8eI.mp4,23/03,16/04,25,103 708,180,270,53,13 800,37,16,,,,,,,,,,,
2026-03-26,GETPOV_ugc-promo-1ere-ae-garcon-avec-encart-9-16_J9y2GEfD.mp4,23/03,16/04,25,50 838,115,125,50,7 012,30,20,,,,,,,,,,,
2026-03-26,chasr-rs-video-9-16-conduite-leia-storytime-hook2.mp4,01/01,13/05,133,56 132,103,163,38,9 812,28,10,,,,,,,,,,,
2026-03-26,_001,01/01,03/04,93,41 888,50,65,10,5 751,7,3,,,,,,,,,,,
2026-03-26,SHORT_THEORY_9-16_tableau_Rebranded_jsFkE7lo.mp4,04/03,21/05,79,21 727,37,78,9,2 373,5,4,,,,,,,,,,,
2026-03-26,Alors c’est vraiment pas seulement pour la #collab j’attends mes résultats et je vous laisserai savoir dès que je les ai haha,01/01,15/04,105,8 296,23,22,3,1 437,2,1,,,,,,,,,,,
2026-03-26,SHORT_THEORY_9-16_Maman_ef0C1Dxh.mp4,01/01,01/04,91,22 531,19,53,8,8 287,6,2,,,,,,,,,,,
2026-03-26,GETPOV_ugc-promo-idee-fille-avec-encart-9-16_ANcqfxiX.mp4,23/03,16/04,25,11 326,18,26,12,1 624,8,4,,,,,,,,,,,
2026-03-26,@Ornikar la base non ?🫣,05/01,13/05,129,7 044,14,28,3,1 334,2,1,,,,,,,,,,,
2026-03-26,Allons pour le permis en 2026,09/01,16/04,98,4 105,12,14,2,644,0,2,,,,,,,,,,,
2026-03-26,#bonplan #permis #ornikar #conduite #code,05/01,05/06,152,5 728,11,16,9,982,7,2,,,,,,,,,,,
2026-03-26,Image carousel 7,30/01,11/06,133,4 146,11,24,8,2,4,4,,,,,,,,,,,
2026-03-26,ornikar_code-de-la-route-ornikar-(nouvelle-annee)-02_aleed-ed_2026-01-06T00-57-01Z (1)_myHsXegZ.mp4,06/06,15/04,28,2 440,6,5,10,320,6,4,,,,,,,,,,,
2026-03-26,Télécharge Ornikar et profite de 3 mois d'abonnement Deezer en prenant un abonnement code ! #deezer #ornikar,23/03,13/05,52,8 306,6,17,2,887,1,1,,,,,,,,,,,
2026-03-26,Télécharge Ornikar et profite de 3 mois d'abonnement Deezer en prenant un abonnement code #ornikar,23/03,13/05,52,8 394,4,17,0,1 130,0,0,,,,,,,,,,,
2026-03-26,SV_THEORY_9-16_Yamine_Hook1_2pUuQ6OE.mp4,03/02,01/04,58,2 944,4,5,2,491,1,1,,,,,,,,,,,
2026-03-26,Image carousel 3,02/03,04/05,95,1 564,4,22,0,0,0,0,,,,,,,,,,,
2026-03-26,3 mois d’abonnement Deezer premium  pour l’achat du code sur ORNIKAR !! @D@DeezerO@Ornikar,23/03,01/04,10,42 388,2,59,15,3 643,11,4,,,,,,,,,,,
2026-03-26,Télécharge Ornikar et profite de 3 mois d'abonnement Deezer en prenant un abonnement code !@Ornikar,23/03,15/04,24,4 777,1,5,1,436,1,0,,,,,,,,,,,
2026-03-26,Image carousel 4,02/03,13/05,104,4 407,1,6,2,0,2,0,,,,,,,,,,,
2026-03-27,SV_DRIVING_Micro1_9-16_Hook1_Rebranded_QxChkwre.mp4,19/03,05/06,79,149 451,264,444,99,37 487,69,30,,,,,,,,,,,
2026-03-27,SV_DRIVING_Micro2_9-16_Hook2_Rebranded_3CmWuhsx.mp4,19/03,29/05,72,97 994,196,259,51,20 649,39,12,,,,,,,,,,,
2026-03-27,SHORT_THEORY_9-16_Maman_Rebranded_WJftBKdQ.mp4,04/03,11/06,100,91 857,165,318,41,14 044,26,15,,,,,,,,,,,
2026-03-27,GETPOV_ugc-promo-1ere-ae-fille-avec-encart-9-16_f3XaY8eI.mp4,23/03,16/04,25,79 437,146,170,27,10 692,21,6,,,,,,,,,,,
2026-03-27,GETPOV_ugc-promo-1ere-ae-garcon-avec-encart-9-16_J9y2GEfD.mp4,23/03,16/04,25,67 556,121,182,61,8 943,42,19,,,,,,,,,,,
2026-03-27,chasr-rs-video-9-16-conduite-leia-storytime-hook2.mp4,01/01,13/05,133,45 057,85,107,17,8 506,15,2,,,,,,,,,,,
2026-03-27,Alors c’est vraiment pas seulement pour la #collab j’attends mes résultats et je vous laisserai savoir dès que je les ai haha,01/01,15/04,105,31 675,55,100,20,5 103,13,7,,,,,,,,,,,
2026-03-27,SHORT_THEORY_9-16_tableau_Rebranded_jsFkE7lo.mp4,04/03,21/05,79,28 267,45,92,15,3 020,10,5,,,,,,,,,,,
2026-03-27,_001,01/01,03/04,93,36 809,45,63,12,4 940,9,3,,,,,,,,,,,
2026-03-27,#bonplan #permis #ornikar #conduite #code,05/01,05/06,152,10 455,22,27,8,1 739,7,1,,,,,,,,,,,
2026-03-27,Image carousel 7,30/01,11/06,133,13 013,20,40,4,0,3,1,,,,,,,,,,,
2026-03-27,Télécharge Ornikar et profite de 3 mois d'abonnement Deezer en prenant un abonnement code ! #deezer #ornikar,23/03,13/05,52,21 544,19,71,5,2 356,3,2,,,,,,,,,,,
2026-03-27,GETPOV_ugc-promo-idee-fille-avec-encart-9-16_ANcqfxiX.mp4,23/03,16/04,25,11 961,19,25,5,1 686,4,1,,,,,,,,,,,
2026-03-27,Allons pour le permis en 2026,09/01,16/04,98,6 231,18,17,7,1 064,4,3,,,,,,,,,,,
2026-03-27,SHORT_THEORY_9-16_Maman_ef0C1Dxh.mp4,01/01,01/04,91,18 004,17,33,3,6 448,3,0,,,,,,,,,,,
2026-03-27,@Ornikar la base non ?🫣,05/01,13/05,129,6 833,15,20,1,1 426,1,0,,,,,,,,,,,
2026-03-27,Image carousel 15,20/03,16/04,28,4 039,12,69,4,1,3,1,,,,,,,,,,,
2026-03-27,3 mois d’abonnement Deezer premium  pour l’achat du code sur ORNIKAR !! @D@DeezerO@Ornikar,23/03,01/04,10,23 187,11,39,7,2 502,5,2,,,,,,,,,,,
2026-03-27,ornikar_code-de-la-route-ornikar-(nouvelle-annee)-02_aleed-ed_2026-01-06T00-57-01Z (1)_myHsXegZ.mp4,06/06,15/04,28,3 483,7,11,2,499,2,0,,,,,,,,,,,
2026-03-27,SV_THEORY_9-16_Yamine_Hook1_2pUuQ6OE.mp4,03/02,01/04,58,4 980,7,7,3,751,3,0,,,,,,,,,,,
2026-03-27,Télécharge Ornikar et profite de 3 mois d'abonnement Deezer en prenant un abonnement code #ornikar,23/03,13/05,52,6 629,5,8,3,947,2,1,,,,,,,,,,,
2026-03-27,Télécharge Ornikar et profite de 3 mois d'abonnement Deezer en prenant un abonnement code !@Ornikar,23/03,15/04,24,2 779,3,6,1,285,1,0,,,,,,,,,,,
2026-03-27,Image carousel 16,20/03,16/04,28,189,3,13,5,0,3,2,,,,,,,,,,,
2026-03-27,Image carousel 3,02/03,04/05,95,361,1,1,0,0,0,0,,,,,,,,,,,
2026-03-27,Image carousel 4,02/03,13/05,104,2 029,0,4,0,0,0,0,,,,,,,,,,,
2026-03-28,SV_DRIVING_Micro2_9-16_Hook2_Rebranded_3CmWuhsx.mp4,19/03,29/05,72,108 635,220,334,54,22 028,39,15,,,,,,,,,,,
2026-03-28,SV_DRIVING_Micro1_9-16_Hook1_Rebranded_QxChkwre.mp4,19/03,05/06,79,124 883,211,439,56,28 987,45,11,,,,,,,,,,,
2026-03-28,SHORT_THEORY_9-16_Maman_Rebranded_WJftBKdQ.mp4,04/03,11/06,100,125 734,209,548,54,18 538,36,18,,,,,,,,,,,
2026-03-28,GETPOV_ugc-promo-1ere-ae-fille-avec-encart-9-16_f3XaY8eI.mp4,23/03,16/04,25,100 969,170,243,46,12 235,34,12,,,,,,,,,,,
2026-03-28,GETPOV_ugc-promo-1ere-ae-garcon-avec-encart-9-16_J9y2GEfD.mp4,23/03,16/04,25,61 407,107,140,27,7 791,20,7,,,,,,,,,,,
2026-03-28,chasr-rs-video-9-16-conduite-leia-storytime-hook2.mp4,01/01,13/05,133,50 224,89,122,20,9 834,14,6,,,,,,,,,,,
2026-03-28,Image carousel 7,30/01,11/06,133,33 503,45,74,17,0,9,8,,,,,,,,,,,
2026-03-28,_001,01/01,03/04,93,20 462,26,35,11,2 552,8,3,,,,,,,,,,,
2026-03-28,SHORT_THEORY_9-16_tableau_Rebranded_jsFkE7lo.mp4,04/03,21/05,79,14 967,23,53,3,1 425,3,0,,,,,,,,,,,
2026-03-28,Allons pour le permis en 2026,09/01,16/04,98,8 115,23,24,1,1 284,1,0,,,,,,,,,,,
2026-03-28,Alors c’est vraiment pas seulement pour la #collab j’attends mes résultats et je vous laisserai savoir dès que je les ai haha,01/01,15/04,105,13 261,23,55,6,2 068,5,1,,,,,,,,,,,
2026-03-28,Image carousel 15,20/03,16/04,28,7 691,21,98,6,0,4,2,,,,,,,,,,,
2026-03-28,ornikar_code-de-la-route-ornikar-(nouvelle-annee)-02_aleed-ed_2026-01-06T00-57-01Z (1)_myHsXegZ.mp4,06/06,15/04,28,9 228,19,41,1,1 490,1,0,,,,,,,,,,,
2026-03-28,#bonplan #permis #ornikar #conduite #code,05/01,05/06,152,9 144,18,23,11,1 516,8,3,,,,,,,,,,,
2026-03-28,GETPOV_ugc-promo-idee-fille-avec-encart-9-16_ANcqfxiX.mp4,23/03,16/04,25,15 742,17,39,3,2 308,2,1,,,,,,,,,,,
2026-03-28,@Ornikar la base non ?🫣,05/01,13/05,129,7 462,16,25,3,1 471,3,0,,,,,,,,,,,
2026-03-28,SHORT_THEORY_9-16_Maman_ef0C1Dxh.mp4,01/01,01/04,91,8 440,9,11,0,2 893,0,0,,,,,,,,,,,
2026-03-28,SV_THEORY_9-16_Yamine_Hook1_2pUuQ6OE.mp4,03/02,01/04,58,7 313,8,10,3,1 132,2,1,,,,,,,,,,,
2026-03-28,Télécharge Ornikar et profite de 3 mois d'abonnement Deezer en prenant un abonnement code ! #deezer #ornikar,23/03,13/05,52,5 420,4,21,4,600,2,2,,,,,,,,,,,
2026-03-28,3 mois d’abonnement Deezer premium  pour l’achat du code sur ORNIKAR !! @D@DeezerO@Ornikar,23/03,01/04,10,19 395,4,41,5,2 000,3,2,,,,,,,,,,,
2026-03-28,Image carousel 16,20/03,16/04,28,4 805,3,21,3,0,2,1,,,,,,,,,,,
2026-03-28,Image carousel 3,02/03,04/05,95,1 118,2,13,1,0,1,0,,,,,,,,,,,
2026-03-28,Télécharge Ornikar et profite de 3 mois d'abonnement Deezer en prenant un abonnement code #ornikar,23/03,13/05,52,4 748,2,10,2,639,1,1,,,,,,,,,,,
2026-03-28,Télécharge Ornikar et profite de 3 mois d'abonnement Deezer en prenant un abonnement code !@Ornikar,23/03,15/04,24,1 807,1,3,1,245,1,0,,,,,,,,,,,
2026-03-28,Image carousel 4,02/03,13/05,104,1 281,0,0,0,0,0,0,,,,,,,,,,,
2026-03-29,SV_DRIVING_Micro2_9-16_Hook2_Rebranded_3CmWuhsx.mp4,19/03,29/05,72,144 242,268,488,94,29 950,61,33,,,,,,,,,,,
2026-03-29,SHORT_THEORY_9-16_Maman_Rebranded_WJftBKdQ.mp4,04/03,11/06,100,129 499,215,498,89,20 429,55,34,,,,,,,,,,,
2026-03-29,SV_DRIVING_Micro1_9-16_Hook1_Rebranded_QxChkwre.mp4,19/03,05/06,79,134 157,203,440,76,30 089,56,20,,,,,,,,,,,
2026-03-29,GETPOV_ugc-promo-1ere-ae-fille-avec-encart-9-16_f3XaY8eI.mp4,23/03,16/04,25,86 355,148,186,48,10 278,33,15,,,,,,,,,,,
2026-03-29,GETPOV_ugc-promo-1ere-ae-garcon-avec-encart-9-16_J9y2GEfD.mp4,23/03,16/04,25,54 735,95,143,36,6 470,23,13,,,,,,,,,,,
2026-03-29,chasr-rs-video-9-16-conduite-leia-storytime-hook2.mp4,01/01,13/05,133,42 162,82,132,22,8 604,14,8,,,,,,,,,,,
2026-03-29,Image carousel 7,30/01,11/06,133,49 393,61,122,18,0,13,5,,,,,,,,,,,
2026-03-29,_001,01/01,03/04,93,39 860,44,61,18,5 051,13,5,,,,,,,,,,,
2026-03-29,Allons pour le permis en 2026,09/01,16/04,98,12 830,38,48,8,2 239,6,2,,,,,,,,,,,
2026-03-29,Image carousel 16,20/03,16/04,28,16 030,26,124,12,1,9,3,,,,,,,,,,,
2026-03-29,SV_THEORY_9-16_Yamine_Hook1_2pUuQ6OE.mp4,03/02,01/04,58,25 816,23,44,12,4 769,8,4,,,,,,,,,,,
2026-03-29,SHORT_THEORY_9-16_tableau_Rebranded_jsFkE7lo.mp4,04/03,21/05,79,13 713,21,63,6,1 208,4,2,,,,,,,,,,,
2026-03-29,Alors c’est vraiment pas seulement pour la #collab j’attends mes résultats et je vous laisserai savoir dès que je les ai haha,01/01,15/04,105,6 389,19,18,3,1 013,1,2,,,,,,,,,,,
2026-03-29,Image carousel 15,20/03,16/04,28,6 187,14,72,10,0,6,4,,,,,,,,,,,
2026-03-29,SHORT_THEORY_9-16_Maman_ef0C1Dxh.mp4,01/01,01/04,91,13 777,14,22,6,4 143,5,1,,,,,,,,,,,
2026-03-29,GETPOV_ugc-promo-idee-fille-avec-encart-9-16_ANcqfxiX.mp4,23/03,16/04,25,11 012,12,17,3,1 734,2,1,,,,,,,,,,,
2026-03-29,ornikar_code-de-la-route-ornikar-(nouvelle-annee)-02_aleed-ed_2026-01-06T00-57-01Z (1)_myHsXegZ.mp4,06/06,15/04,28,6 170,10,13,4,862,2,2,,,,,,,,,,,
2026-03-29,@Ornikar la base non ?🫣,05/01,13/05,129,4 010,9,14,6,949,5,1,,,,,,,,,,,
2026-03-29,#bonplan #permis #ornikar #conduite #code,05/01,05/06,152,3 835,8,9,1,623,0,1,,,,,,,,,,,
2026-03-29,3 mois d’abonnement Deezer premium  pour l’achat du code sur ORNIKAR !! @D@DeezerO@Ornikar,23/03,01/04,10,11 745,4,22,0,1 118,0,0,,,,,,,,,,,
2026-03-29,Télécharge Ornikar et profite de 3 mois d'abonnement Deezer en prenant un abonnement code ! #deezer #ornikar,23/03,13/05,52,7 742,3,8,0,829,0,0,,,,,,,,,,,
2026-03-29,Image carousel 3,30/01,04/05,95,610,1,7,0,0,0,0,,,,,,,,,,,
2026-03-29,Télécharge Ornikar et profite de 3 mois d'abonnement Deezer en prenant un abonnement code #ornikar,23/03,13/05,52,4 729,1,8,4,637,2,2,,,,,,,,,,,
2026-03-29,Image carousel 4,30/01,13/05,104,1 399,0,5,0,0,0,0,,,,,,,,,,,
2026-03-29,Télécharge Ornikar et profite de 3 mois d'abonnement Deezer en prenant un abonnement code !@Ornikar,23/03,15/04,24,1 205,0,5,0,140,0,0,,,,,,,,,,,
2026-03-30,SV_DRIVING_Micro1_9-16_Hook1_Rebranded_QxChkwre.mp4,19/03,05/06,79,167 422,279,509,117,41 135,83,34,,,,,,,,,,,
2026-03-30,SV_DRIVING_Micro2_9-16_Hook2_Rebranded_3CmWuhsx.mp4,19/03,29/05,72,110 364,237,360,54,22 168,42,12,,,,,,,,,,,
2026-03-30,SHORT_THEORY_9-16_Maman_Rebranded_WJftBKdQ.mp4,04/03,11/06,100,91 837,147,371,49,13 228,34,15,,,,,,,,,,,
2026-03-30,Image carousel 7,30/01,11/06,133,115 418,130,223,38,0,26,12,,,,,,,,,,,
2026-03-30,GETPOV_ugc-promo-1ere-ae-fille-avec-encart-9-16_f3XaY8eI.mp4,23/03,16/04,25,62 996,102,129,46,7 533,29,17,,,,,,,,,,,
2026-03-30,chasr-rs-video-9-16-conduite-leia-storytime-hook2.mp4,01/01,13/05,133,61 381,101,198,51,11 657,36,15,,,,,,,,,,,
2026-03-30,GETPOV_ugc-promo-1ere-ae-garcon-avec-encart-9-16_J9y2GEfD.mp4,23/03,16/04,25,51 340,87,154,42,6 418,27,15,,,,,,,,,,,
2026-03-30,Allons pour le permis en 2026,09/01,16/04,98,14 648,40,52,14,2 742,10,4,,,,,,,,,,,
2026-03-30,_001,01/01,03/04,93,33 515,35,43,13,4 131,8,5,,,,,,,,,,,
2026-03-30,SV_THEORY_9-16_Yamine_Hook1_2pUuQ6OE.mp4,03/02,01/04,58,29 110,24,40,17,5 022,13,4,,,,,,,,,,,
2026-03-30,SHORT_THEORY_9-16_tableau_Rebranded_jsFkE7lo.mp4,04/03,21/05,79,16 049,23,74,10,1 573,6,4,,,,,,,,,,,
2026-03-30,Alors c’est vraiment pas seulement pour la #collab j’attends mes résultats et je vous laisserai savoir dès que je les ai haha,01/01,15/04,105,8 420,15,29,5,1 163,3,2,,,,,,,,,,,
2026-03-30,GETPOV_ugc-promo-idee-fille-avec-encart-9-16_ANcqfxiX.mp4,23/03,16/04,25,11 116,14,23,8,1 649,5,3,,,,,,,,,,,
2026-03-30,#bonplan #permis #ornikar #conduite #code,05/01,05/06,152,7 225,14,16,7,1 197,4,3,,,,,,,,,,,
2026-03-30,@Ornikar la base non ?🫣,05/01,13/05,129,5 880,13,22,3,1 348,3,0,,,,,,,,,,,
2026-03-30,SHORT_THEORY_9-16_Maman_ef0C1Dxh.mp4,01/01,01/04,91,14 677,12,26,2,5 018,2,0,,,,,,,,,,,
2026-03-30,Image carousel 16,20/03,16/04,28,5 612,8,43,2,0,2,0,,,,,,,,,,,
2026-03-30,ornikar_code-de-la-route-ornikar-(nouvelle-annee)-02_aleed-ed_2026-01-06T00-57-01Z (1)_myHsXegZ.mp4,06/06,15/04,28,5 553,8,11,2,661,2,0,,,,,,,,,,,
2026-03-30,3 mois d’abonnement Deezer premium  pour l’achat du code sur ORNIKAR !! @D@DeezerO@Ornikar,23/03,01/04,10,16 107,8,31,6,1 540,4,2,,,,,,,,,,,
2026-03-30,Image carousel 15,20/03,16/04,28,3 937,7,49,2,0,2,0,,,,,,,,,,,
2026-03-30,Télécharge Ornikar et profite de 3 mois d'abonnement Deezer en prenant un abonnement code ! #deezer #ornikar,23/03,13/05,52,3 635,2,8,2,486,1,1,,,,,,,,,,,
2026-03-30,Image carousel 3,30/01,04/05,95,1 171,2,7,0,0,0,0,,,,,,,,,,,
2026-03-30,Télécharge Ornikar et profite de 3 mois d'abonnement Deezer en prenant un abonnement code #ornikar,23/03,13/05,52,1 860,0,5,2,239,1,1,,,,,,,,,,,
2026-03-30,Télécharge Ornikar et profite de 3 mois d'abonnement Deezer en prenant un abonnement code !@Ornikar,23/03,15/04,24,938,0,0,0,104,0,0,,,,,,,,,,,
2026-03-30,Image carousel 4,30/01,13/05,104,2 031,0,4,0,0,0,0,,,,,,,,,,,
2026-03-31,SV_DRIVING_Micro1_9-16_Hook1_Rebranded_QxChkwre.mp4,19/03,05/06,79,315 384,463,953,137,83 507,95,42,,,,,,,,,,,
2026-03-31,SV_DRIVING_Micro2_9-16_Hook2_Rebranded_3CmWuhsx.mp4,19/03,29/05,72,221 483,384,695,97,46 624,68,29,,,,,,,,,,,
2026-03-31,GETPOV_ugc-promo-1ere-ae-fille-avec-encart-9-16_f3XaY8eI.mp4,23/03,16/04,25,162 399,189,370,43,18 300,30,13,,,,,,,,,,,
2026-03-31,chasr-rs-video-9-16-conduite-leia-storytime-hook2.mp4,01/01,13/05,133,100 032,162,276,50,18 233,36,14,,,,,,,,,,,
2026-03-31,SHORT_THEORY_9-16_Maman_Rebranded_WJftBKdQ.mp4,04/03,11/06,100,91 452,144,331,45,13 459,27,18,,,,,,,,,,,
2026-03-31,GETPOV_ugc-promo-1ere-ae-garcon-avec-encart-9-16_J9y2GEfD.mp4,23/03,16/04,25,72 338,113,184,44,8 972,28,16,,,,,,,,,,,
2026-03-31,Image carousel 7,30/01,11/06,133,81 436,96,163,17,0,12,5,,,,,,,,,,,
2026-03-31,Allons pour le permis en 2026,09/01,16/04,98,44 013,90,142,31,7 487,21,10,,,,,,,,,,,
2026-03-31,SHORT_THEORY_9-16_tableau_Rebranded_jsFkE7lo.mp4,04/03,21/05,79,40 558,51,154,17,3 836,11,6,,,,,,,,,,,
2026-03-31,_001,01/01,03/04,93,34 627,36,53,13,4 365,10,3,,,,,,,,,,,
2026-03-31,@Ornikar la base non ?🫣,05/01,13/05,129,18 438,28,72,5,4 146,4,1,,,,,,,,,,,
2026-03-31,Alors c’est vraiment pas seulement pour la #collab j’attends mes résultats et je vous laisserai savoir dès que je les ai haha,01/01,15/04,105,16 705,24,60,11,2 675,6,5,,,,,,,,,,,
2026-03-31,Image carousel 16,20/03,16/04,28,3 622,24,69,8,1,5,3,,,,,,,,,,,
2026-03-31,#bonplan #permis #ornikar #conduite #code,05/01,05/06,152,14 484,23,44,7,2 487,5,2,,,,,,,,,,,
2026-03-31,SV_THEORY_9-16_Yamine_Hook1_2pUuQ6OE.mp4,03/02,01/04,58,27 437,23,37,6,4 769,5,1,,,,,,,,,,,
2026-03-31,GETPOV_ugc-promo-idee-fille-avec-encart-9-16_ANcqfxiX.mp4,23/03,16/04,25,12 113,19,17,4,1 651,4,0,,,,,,,,,,,
2026-03-31,SHORT_THEORY_9-16_Maman_ef0C1Dxh.mp4,01/01,01/04,91,17 130,13,45,8,6 626,6,2,,,,,,,,,,,
2026-03-31,Image carousel 15,20/03,16/04,28,2 466,11,32,1,0,1,0,,,,,,,,,,,
2026-03-31,ornikar_code-de-la-route-ornikar-(nouvelle-annee)-02_aleed-ed_2026-01-06T00-57-01Z (1)_myHsXegZ.mp4,06/06,15/04,28,6 262,8,16,2,909,2,0,,,,,,,,,,,
2026-03-31,Télécharge Ornikar et profite de 3 mois d'abonnement Deezer en prenant un abonnement code ! #deezer #ornikar,23/03,13/05,52,5 159,6,22,1,586,1,0,,,,,,,,,,,
2026-03-31,3 mois d’abonnement Deezer premium  pour l’achat du code sur ORNIKAR !! @D@DeezerO@Ornikar,23/03,01/04,10,20 298,3,23,4,2 002,3,1,,,,,,,,,,,
2026-03-31,Image carousel 3,30/01,04/05,95,1 791,3,14,1,0,1,0,,,,,,,,,,,
2026-03-31,Télécharge Ornikar et profite de 3 mois d'abonnement Deezer en prenant un abonnement code #ornikar,23/03,13/05,52,1 981,0,8,0,243,0,0,,,,,,,,,,,
2026-03-31,Image carousel 4,30/01,13/05,104,1 764,0,4,0,0,0,0,,,,,,,,,,,
2026-03-31,Télécharge Ornikar et profite de 3 mois d'abonnement Deezer en prenant un abonnement code !@Ornikar,23/03,15/04,24,1 234,0,1,0,137,0,0,,,,,,,,,,,
2026-04-01,SV_DRIVING_Micro1_9-16_Hook1_Rebranded_QxChkwre.mp4,19/03,05/06,79,403 322,673,1 273,127,109 858,90,37,,,,,,,,,,,
2026-04-01,SV_DRIVING_Micro2_9-16_Hook2_Rebranded_3CmWuhsx.mp4,19/03,29/05,72,267 983,470,965,113,62 071,80,33,,,,,,,,,,,
2026-04-01,GETPOV_ugc-promo-1ere-ae-fille-avec-encart-9-16_f3XaY8eI.mp4,23/03,16/04,25,173 504,267,455,58,19 908,42,16,,,,,,,,,,,
2026-04-01,SHORT_THEORY_9-16_Maman_Rebranded_WJftBKdQ.mp4,04/03,11/06,100,151 130,220,594,44,23 540,28,16,,,,,,,,,,,
2026-04-01,chasr-rs-video-9-16-conduite-leia-storytime-hook2.mp4,01/01,13/05,133,131 281,216,389,59,24 352,44,15,,,,,,,,,,,
2026-04-01,GETPOV_ugc-promo-1ere-ae-garcon-avec-encart-9-16_J9y2GEfD.mp4,23/03,16/04,25,96 559,155,265,38,11 846,26,12,,,,,,,,,,,
2026-04-01,Allons pour le permis en 2026,09/01,16/04,98,72 111,152,249,24,12 063,17,7,,,,,,,,,,,
2026-04-01,Image carousel 7,30/01,11/06,133,117 469,132,282,25,1,18,7,,,,,,,,,,,
2026-04-01,SHORT_THEORY_9-16_tableau_Rebranded_jsFkE7lo.mp4,04/03,21/05,79,68 572,85,234,22,6 502,14,8,,,,,,,,,,,
2026-04-01,_001,01/01,03/04,93,74 217,75,110,20,9 748,15,5,,,,,,,,,,,
2026-04-01,@Ornikar la base non ?🫣,05/01,13/05,129,37 562,67,140,9,8 355,7,2,,,,,,,,,,,
2026-04-01,#bonplan #permis #ornikar #conduite #code,05/01,05/06,152,22 490,40,66,15,3 797,9,6,,,,,,,,,,,
2026-04-01,GETPOV_ugc-promo-idee-fille-avec-encart-9-16_ANcqfxiX.mp4,23/03,16/04,25,19 719,33,55,8,2 419,5,3,,,,,,,,,,,
2026-04-01,Alors c’est vraiment pas seulement pour la #collab j’attends mes résultats et je vous laisserai savoir dès que je les ai haha,01/01,15/04,105,18 896,31,64,13,3 107,9,4,,,,,,,,,,,
2026-04-01,Image carousel 16,20/03,16/04,28,9 394,26,104,9,0,6,3,,,,,,,,,,,
2026-04-01,Image carousel 15,20/03,16/04,28,3 521,6,33,1,0,1,0,,,,,,,,,,,
2026-04-01,3 mois d’abonnement Deezer premium  pour l’achat du code sur ORNIKAR !! @D@DeezerO@Ornikar,23/03,01/04,10,10 985,4,29,3,1 176,2,1,,,,,,,,,,,
2026-04-01,Télécharge Ornikar et profite de 3 mois d'abonnement Deezer en prenant un abonnement code ! #deezer #ornikar,23/03,13/05,52,4 955,4,18,1,522,1,0,,,,,,,,,,,
2026-04-01,Image carousel 3,30/01,04/05,95,1 216,3,15,0,0,0,0,,,,,,,,,,,
2026-04-01,ornikar_code-de-la-route-ornikar-(nouvelle-annee)-02_aleed-ed_2026-01-06T00-57-01Z (1)_myHsXegZ.mp4,06/06,15/04,28,895,1,2,0,147,0,0,,,,,,,,,,,
2026-04-01,Télécharge Ornikar et profite de 3 mois d'abonnement Deezer en prenant un abonnement code #ornikar,23/03,13/05,52,3 560,1,3,0,425,0,0,,,,,,,,,,,
2026-04-01,SV_THEORY_9-16_Yamine_Hook1_2pUuQ6OE.mp4,03/02,01/04,58,961,1,0,0,254,0,0,,,,,,,,,,,
2026-04-01,SHORT_THEORY_9-16_Maman_ef0C1Dxh.mp4,01/01,01/04,91,1 419,1,2,0,666,0,0,,,,,,,,,,,
2026-04-01,Image carousel 4,30/01,13/05,104,594,0,0,0,0,0,0,,,,,,,,,,,
2026-04-01,Télécharge Ornikar et profite de 3 mois d'abonnement Deezer en prenant un abonnement code !@Ornikar,23/03,15/04,24,1 481,0,3,0,174,0,0,,,,,,,,,,,
2026-04-02,SV_DRIVING_Micro1_9-16_Hook1_Rebranded_QxChkwre.mp4,19/03,05/06,79,302 069,534,883,132,86 657,96,36,,,,,,,,,,,
2026-04-02,SV_DRIVING_Micro2_9-16_Hook2_Rebranded_3CmWuhsx.mp4,19/03,29/05,72,217 439,449,690,70,49 918,53,17,,,,,,,,,,,
2026-04-02,GETPOV_ugc-promo-1ere-ae-fille-avec-encart-9-16_f3XaY8eI.mp4,23/03,16/04,25,233 816,436,654,95,32 084,64,31,,,,,,,,,,,
2026-04-02,SHORT_THEORY_9-16_Maman_Rebranded_WJftBKdQ.mp4,04/03,11/06,100,135 598,215,511,70,20 349,43,27,,,,,,,,,,,
2026-04-02,chasr-rs-video-9-16-conduite-leia-storytime-hook2.mp4,01/01,13/05,133,112 866,205,345,52,21 764,38,14,,,,,,,,,,,
2026-04-02,Allons pour le permis en 2026,09/01,16/04,98,67 306,172,234,32,11 407,18,14,,,,,,,,,,,
2026-04-02,GETPOV_ugc-promo-1ere-ae-garcon-avec-encart-9-16_J9y2GEfD.mp4,23/03,16/04,25,69 376,126,161,32,9 325,19,13,,,,,,,,,,,
2026-04-02,SHORT_THEORY_9-16_tableau_Rebranded_jsFkE7lo.mp4,04/03,21/05,79,75 500,120,248,20,8 553,14,6,,,,,,,,,,,
2026-04-02,Image carousel 7,30/01,11/06,133,64 159,86,151,12,0,9,3,,,,,,,,,,,
2026-04-02,_001,01/01,03/04,93,63 126,75,78,16,8 507,14,2,,,,,,,,,,,
2026-04-02,GETPOV_ugc-promo-idee-fille-avec-encart-9-16_ANcqfxiX.mp4,23/03,16/04,25,39 880,49,74,10,5 504,8,2,,,,,,,,,,,
2026-04-02,Alors c’est vraiment pas seulement pour la #collab j’attends mes résultats et je vous laisserai savoir dès que je les ai haha,01/01,15/04,105,22 404,41,87,19,4 486,13,6,,,,,,,,,,,
2026-04-02,@Ornikar la base non ?🫣,05/01,13/05,129,20 161,40,79,4,4 430,3,1,,,,,,,,,,,
2026-04-02,#bonplan #permis #ornikar #conduite #code,05/01,05/06,152,21 159,40,56,8,3 796,7,1,,,,,,,,,,,
2026-04-02,Image carousel 16,20/03,16/04,28,18 557,39,145,14,2,10,4,,,,,,,,,,,
2026-04-02,Image carousel 15,20/03,16/04,28,12 935,14,59,4,0,3,1,,,,,,,,,,,
2026-04-02,Télécharge Ornikar et profite de 3 mois d'abonnement Deezer en prenant un abonnement code ! #deezer #ornikar,23/03,13/05,52,16 121,13,41,1,1 857,1,0,,,,,,,,,,,
2026-04-02,Télécharge Ornikar et profite de 3 mois d'abonnement Deezer en prenant un abonnement code #ornikar,23/03,13/05,52,16 506,5,26,0,1 979,0,0,,,,,,,,,,,
2026-04-02,Télécharge Ornikar et profite de 3 mois d'abonnement Deezer en prenant un abonnement code !@Ornikar,23/03,15/04,24,3 459,1,5,0,404,0,0,,,,,,,,,,,
2026-04-03,SV_DRIVING_Micro2_9-16_Hook2_Rebranded_3CmWuhsx.mp4,06/06,29/05,72,572 953,956,1 751,175,119 514,121,54,,,,,,,,,,,
2026-04-03,SV_DRIVING_Micro1_9-16_Hook1_Rebranded_QxChkwre.mp4,06/06,05/06,79,423 527,699,1 268,130,106 647,90,40,,,,,,,,,,,
2026-04-03,GETPOV_ugc-promo-1ere-ae-fille-avec-encart-9-16_f3XaY8eI.mp4,14/06,16/04,25,270 547,391,662,53,31 987,38,15,,,,,,,,,,,
2026-04-03,SHORT_THEORY_9-16_Maman_Rebranded_WJftBKdQ.mp4,13/09,11/06,100,274 178,320,843,58,36 399,37,21,,,,,,,,,,,
2026-04-03,chasr-rs-video-9-16-conduite-leia-storytime-hook2.mp4,04/01,13/05,133,183 012,293,520,49,32 721,34,15,,,,,,,,,,,
2026-04-03,GETPOV_ugc-promo-1ere-ae-garcon-avec-encart-9-16_J9y2GEfD.mp4,14/06,16/04,25,116 249,163,269,39,14 586,30,9,,,,,,,,,,,
2026-04-03,7624460922597408784,03/04,08/04,6,85 506,130,267,12,12 964,9,3,,,,,,,,,,,
2026-04-03,Allons pour le permis en 2026,20/01,16/04,98,51 961,125,183,16,8 730,12,4,,,,,,,,,,,
2026-04-03,SHORT_THEORY_9-16_tableau_Rebranded_jsFkE7lo.mp4,13/09,21/05,79,62 869,77,180,19,5 915,12,7,,,,,,,,,,,
2026-04-03,Alors c’est vraiment pas seulement pour la #collab j’attends mes résultats et je vous laisserai savoir dès que je les ai haha,04/01,15/04,105,54 400,72,194,20,8 925,12,8,,,,,,,,,,,
2026-04-03,@Ornikar la base non ?🫣,12/01,13/05,129,28 883,49,108,13,6 849,9,4,,,,,,,,,,,
2026-04-03,#ornikar,06/07,15/04,13,35 400,40,53,6,6 564,5,1,,,,,,,,,,,
2026-04-03,#bonplan #permis #ornikar #conduite #code,12/01,05/06,152,19 635,35,62,5,3 549,4,1,,,,,,,,,,,
2026-04-03,GETPOV_ugc-promo-idee-fille-avec-encart-9-16_ANcqfxiX.mp4,14/06,16/04,25,32 494,32,72,6,3 955,6,0,,,,,,,,,,,
2026-04-03,Image carousel 15,08/06,16/04,28,30 530,22,109,7,0,4,3,,,,,,,,,,,
2026-04-03,Image carousel 7,30/01,11/06,133,7 682,13,21,8,0,4,4,,,,,,,,,,,
2026-04-03,_001,01/01,03/04,93,9 869,12,14,2,1 505,2,0,,,,,,,,,,,
2026-04-03,Image carousel 16,08/06,16/04,28,15 267,10,40,2,0,1,1,,,,,,,,,,,
2026-04-03,Télécharge Ornikar et profite de 3 mois d'abonnement Deezer en prenant un abonnement code ! #deezer #ornikar,14/06,13/05,52,16 009,9,22,2,1 580,2,0,,,,,,,,,,,
2026-04-03,Télécharge Ornikar et profite de 3 mois d'abonnement Deezer en prenant un abonnement code #ornikar,14/06,13/05,52,22 443,7,37,3,2 402,3,0,,,,,,,,,,,
2026-04-03,ornikar_code-de-la-route-ornikar-(nouvelle-annee)-02_aleed-ed_2026-01-06T00-57-01Z (1)_myHsXegZ.mp4,06/06,15/04,28,2 073,3,7,0,397,0,0,,,,,,,,,,,
2026-04-03,Télécharge Ornikar et profite de 3 mois d'abonnement Deezer en prenant un abonnement code !@Ornikar,14/06,15/04,24,5 957,2,15,3,603,2,1,,,,,,,,,,,
2026-04-03,Image carousel 3,02/03,04/05,95,701,1,2,0,0,0,0,,,,,,,,,,,
2026-04-03,Image carousel 4,02/03,13/05,104,578,0,0,0,0,0,0,,,,,,,,,,,
2026-04-04,SV_DRIVING_Micro2_9-16_Hook2_Rebranded_3CmWuhsx.mp4,19/03,29/05,72,608 356,1 071,2 023,189,120 852,128,61,,,,,,,,,,,
2026-04-04,SV_DRIVING_Micro1_9-16_Hook1_Rebranded_QxChkwre.mp4,19/03,05/06,79,282 975,589,822,106,65 552,79,27,,,,,,,,,,,
2026-04-04,GETPOV_ugc-promo-1ere-ae-fille-avec-encart-9-16_f3XaY8eI.mp4,23/03,16/04,25,221 052,355,523,63,23 885,44,19,,,,,,,,,,,
2026-04-04,chasr-rs-video-9-16-conduite-leia-storytime-hook2.mp4,01/01,13/05,133,182 517,355,486,72,34 710,46,26,,,,,,,,,,,
2026-04-04,SHORT_THEORY_9-16_Maman_Rebranded_WJftBKdQ.mp4,13/09,11/06,100,243 166,329,801,80,32 835,51,29,,,,,,,,,,,
2026-04-04,GETPOV_ugc-promo-1ere-ae-garcon-avec-encart-9-16_J9y2GEfD.mp4,23/03,16/04,25,127 172,195,301,31,15 200,25,6,,,,,,,,,,,
2026-04-04,SHORT_THEORY_9-16_tableau_Rebranded_jsFkE7lo.mp4,13/09,21/05,79,64 138,87,204,26,5 968,17,9,,,,,,,,,,,
2026-04-04,7624460922597408784,03/04,08/04,6,37 917,77,104,4,5 845,2,2,,,,,,,,,,,
2026-04-04,Image carousel 15,20/03,16/04,28,46 600,60,210,19,1,12,7,,,,,,,,,,,
2026-04-04,Allons pour le permis en 2026,09/01,16/04,98,23 055,59,82,8,3 874,5,3,,,,,,,,,,,
2026-04-04,Alors c’est vraiment pas seulement pour la #collab j’attends mes résultats et je vous laisserai savoir dès que je les ai haha,04/01,15/04,105,38 161,59,117,8,6 723,6,2,,,,,,,,,,,
2026-04-04,GETPOV_ugc-promo-idee-fille-avec-encart-9-16_ANcqfxiX.mp4,23/03,16/04,25,63 691,52,123,16,7 429,9,7,,,,,,,,,,,
2026-04-04,@Ornikar la base non ?🫣,05/01,13/05,129,15 105,36,56,6,3 641,4,2,,,,,,,,,,,
2026-04-04,#bonplan #permis #ornikar #conduite #code,05/01,05/06,152,14 431,29,41,2,2 754,2,0,,,,,,,,,,,
2026-04-04,#ornikar,06/07,15/04,13,26 059,27,45,8,3 685,7,1,,,,,,,,,,,
2026-04-04,Image carousel 16,20/03,16/04,28,21 091,12,58,1,0,1,0,,,,,,,,,,,
2026-04-04,Télécharge Ornikar et profite de 3 mois d'abonnement Deezer en prenant un abonnement code #ornikar,14/06,13/05,52,23 222,6,45,0,2 730,0,0,,,,,,,,,,,
2026-04-04,Télécharge Ornikar et profite de 3 mois d'abonnement Deezer en prenant un abonnement code ! #deezer #ornikar,14/06,13/05,52,11 588,6,18,2,1 176,1,1,,,,,,,,,,,
2026-04-04,Image carousel 7,30/01,11/06,133,2 210,5,14,0,0,0,0,,,,,,,,,,,
2026-04-04,Télécharge Ornikar et profite de 3 mois d'abonnement Deezer en prenant un abonnement code !@Ornikar,14/06,15/04,24,7 745,3,18,0,759,0,0,,,,,,,,,,,
2026-04-04,ornikar_code-de-la-route-ornikar-(nouvelle-annee)-02_aleed-ed_2026-01-06T00-57-01Z (1)_myHsXegZ.mp4,06/06,15/04,28,1 111,2,5,0,175,0,0,,,,,,,,,,,
2026-04-04,Image carousel 3,02/03,04/05,95,224,0,1,0,0,0,0,,,,,,,,,,,
2026-04-04,Image carousel 4,02/03,13/05,104,165,0,0,0,0,0,0,,,,,,,,,,,
2026-04-05,SV_DRIVING_Micro2_9-16_Hook2_Rebranded_3CmWuhsx.mp4,19/03,29/05,72,565 577,935,1 870,124,105 380,83,41,,,,,,,,,,,
2026-04-05,SV_DRIVING_Micro1_9-16_Hook1_Rebranded_QxChkwre.mp4,19/03,05/06,79,283 458,539,831,110,63 656,80,30,,,,,,,,,,,
2026-04-05,chasr-rs-video-9-16-conduite-leia-storytime-hook2.mp4,01/01,13/05,133,254 431,472,754,79,50 794,51,28,,,,,,,,,,,
2026-04-05,GETPOV_ugc-promo-1ere-ae-fille-avec-encart-9-16_f3XaY8eI.mp4,23/03,16/04,25,210 487,305,518,52,19 498,38,14,,,,,,,,,,,
2026-04-05,GETPOV_ugc-promo-1ere-ae-garcon-avec-encart-9-16_J9y2GEfD.mp4,23/03,16/04,25,200 574,278,450,51,21 263,32,19,,,,,,,,,,,
2026-04-05,SHORT_THEORY_9-16_Maman_Rebranded_WJftBKdQ.mp4,13/09,11/06,100,204 820,265,668,62,28 040,40,22,,,,,,,,,,,
2026-04-05,SHORT_THEORY_9-16_tableau_Rebranded_jsFkE7lo.mp4,13/09,21/05,79,165 980,185,517,60,15 081,38,22,,,,,,,,,,,
2026-04-05,7624460922597408784,03/04,08/04,6,39 444,87,111,9,5 780,5,4,,,,,,,,,,,
2026-04-05,Allons pour le permis en 2026,09/01,16/04,98,31 328,72,122,8,4 951,6,2,,,,,,,,,,,
2026-04-05,Image carousel 15,20/03,16/04,28,31 871,55,201,13,1,9,4,,,,,,,,,,,
2026-04-05,@Ornikar la base non ?🫣,05/01,13/05,129,25 234,54,108,17,6 309,9,8,,,,,,,,,,,
2026-04-05,GETPOV_ugc-promo-idee-fille-avec-encart-9-16_ANcqfxiX.mp4,23/03,16/04,25,57 564,53,95,11,7 183,9,2,,,,,,,,,,,
2026-04-05,Alors c’est vraiment pas seulement pour la #collab j’attends mes résultats et je vous laisserai savoir dès que je les ai haha,04/01,15/04,105,39 206,51,132,6,6 035,4,2,,,,,,,,,,,
2026-04-05,#bonplan #permis #ornikar #conduite #code,05/01,05/06,152,22 304,44,72,12,4 318,9,3,,,,,,,,,,,
2026-04-05,#ornikar,06/07,15/04,13,41 175,39,70,18,5 682,16,2,,,,,,,,,,,
2026-04-05,Image carousel 16,20/03,16/04,28,22 753,10,55,4,0,3,1,,,,,,,,,,,
2026-04-05,Image carousel 7,30/01,11/06,133,4 641,7,10,2,0,1,1,,,,,,,,,,,
2026-04-05,ornikar_code-de-la-route-ornikar-(nouvelle-annee)-02_aleed-ed_2026-01-06T00-57-01Z (1)_myHsXegZ.mp4,06/06,15/04,28,2 287,4,8,3,367,3,0,,,,,,,,,,,
2026-04-05,Télécharge Ornikar et profite de 3 mois d'abonnement Deezer en prenant un abonnement code ! #deezer #ornikar,14/06,13/05,52,8 913,3,7,0,915,0,0,,,,,,,,,,,
2026-04-05,Télécharge Ornikar et profite de 3 mois d'abonnement Deezer en prenant un abonnement code #ornikar,14/06,13/05,52,11 355,2,30,0,1 429,0,0,,,,,,,,,,,
2026-04-05,Télécharge Ornikar et profite de 3 mois d'abonnement Deezer en prenant un abonnement code !@Ornikar,14/06,15/04,24,8 045,2,15,0,664,0,0,,,,,,,,,,,
2026-04-05,Image carousel 3,02/03,04/05,95,45,0,2,0,0,0,0,,,,,,,,,,,
2026-04-05,Image carousel 4,30/01,13/05,104,5,0,0,0,0,0,0,,,,,,,,,,,
2026-04-06,SV_DRIVING_Micro2_9-16_Hook2_Rebranded_3CmWuhsx.mp4,19/03,29/05,72,492 228,822,1 608,118,93 925,79,39,,,,,,,,,,,
2026-04-06,SV_DRIVING_Micro1_9-16_Hook1_Rebranded_QxChkwre.mp4,19/03,05/06,79,339 866,626,954,115,76 793,80,35,,,,,,,,,,,
2026-04-06,chasr-rs-video-9-16-conduite-leia-storytime-hook2.mp4,01/01,13/05,133,186 463,347,519,55,36 461,39,16,,,,,,,,,,,
2026-04-06,GETPOV_ugc-promo-1ere-ae-garcon-avec-encart-9-16_J9y2GEfD.mp4,23/03,16/04,25,206 038,307,510,60,22 377,39,21,,,,,,,,,,,
2026-04-06,GETPOV_ugc-promo-1ere-ae-fille-avec-encart-9-16_f3XaY8eI.mp4,23/03,16/04,25,191 853,295,480,46,18 785,33,13,,,,,,,,,,,
2026-04-06,SHORT_THEORY_9-16_Maman_Rebranded_WJftBKdQ.mp4,13/09,11/06,100,190 480,232,624,68,26 970,45,23,,,,,,,,,,,
2026-04-06,SHORT_THEORY_9-16_tableau_Rebranded_jsFkE7lo.mp4,13/09,21/05,79,180 302,208,574,49,18 353,32,17,,,,,,,,,,,
2026-04-06,@Ornikar la base non ?🫣,05/01,13/05,129,68 314,126,318,27,17 629,18,9,,,,,,,,,,,
2026-04-06,Allons pour le permis en 2026,09/01,16/04,98,49 625,117,159,10,7 625,7,3,,,,,,,,,,,
2026-04-06,#bonplan #permis #ornikar #conduite #code,05/01,05/06,152,43 881,83,148,14,8 751,10,4,,,,,,,,,,,
2026-04-06,Alors c’est vraiment pas seulement pour la #collab j’attends mes résultats et je vous laisserai savoir dès que je les ai haha,04/01,15/04,105,59 143,69,224,17,10 082,11,6,,,,,,,,,,,
2026-04-06,7624460922597408784,03/04,08/04,6,24 451,62,62,16,3 752,10,6,,,,,,,,,,,
2026-04-06,GETPOV_ugc-promo-idee-fille-avec-encart-9-16_ANcqfxiX.mp4,23/03,16/04,25,46 304,58,90,18,5 761,12,6,,,,,,,,,,,
2026-04-06,Image carousel 15,20/03,16/04,28,17 129,48,167,11,1,9,2,,,,,,,,,,,
2026-04-06,#ornikar,06/07,15/04,13,33 676,34,57,19,4 636,13,6,,,,,,,,,,,
2026-04-06,Image carousel 16,20/03,16/04,28,16 384,8,40,2,0,1,1,,,,,,,,,,,
2026-04-06,Image carousel 7,30/01,11/06,133,5 563,7,9,0,0,0,0,,,,,,,,,,,
2026-04-06,ornikar_code-de-la-route-ornikar-(nouvelle-annee)-02_aleed-ed_2026-01-06T00-57-01Z (1)_myHsXegZ.mp4,06/06,15/04,28,3 291,5,9,4,552,4,0,,,,,,,,,,,
2026-04-06,Télécharge Ornikar et profite de 3 mois d'abonnement Deezer en prenant un abonnement code ! #deezer #ornikar,14/06,13/05,52,11 255,5,27,1,1 106,1,0,,,,,,,,,,,
2026-04-06,Télécharge Ornikar et profite de 3 mois d'abonnement Deezer en prenant un abonnement code !@Ornikar,14/06,15/04,24,6 099,3,7,0,616,0,0,,,,,,,,,,,
2026-04-06,Télécharge Ornikar et profite de 3 mois d'abonnement Deezer en prenant un abonnement code #ornikar,14/06,13/05,52,14 066,3,21,0,1 831,0,0,,,,,,,,,,,
2026-04-06,Image carousel 3,30/01,04/05,95,7,0,0,0,0,0,0,,,,,,,,,,,
2026-04-06,Image carousel 4,30/01,13/05,104,5,0,0,0,0,0,0,,,,,,,,,,,
2026-04-07,SV_DRIVING_Micro1_9-16_Hook1_Rebranded_QxChkwre.mp4,19/03,05/06,79,419 359,742,1 278,167,94 665,116,51,,,,,,,,,,,
2026-04-07,SV_DRIVING_Micro2_9-16_Hook2_Rebranded_3CmWuhsx.mp4,19/03,29/05,72,252 374,446,798,90,50 200,61,29,,,,,,,,,,,
2026-04-07,chasr-rs-video-9-16-conduite-leia-storytime-hook2.mp4,01/01,13/05,133,201 461,365,561,78,41 697,58,20,,,,,,,,,,,
2026-04-07,SHORT_THEORY_9-16_tableau_Rebranded_jsFkE7lo.mp4,13/09,21/05,79,243 975,301,809,90,24 149,59,31,,,,,,,,,,,
2026-04-07,GETPOV_ugc-promo-1ere-ae-garcon-avec-encart-9-16_J9y2GEfD.mp4,23/03,16/04,25,105 798,180,245,28,12 704,22,6,,,,,,,,,,,
2026-04-07,GETPOV_ugc-promo-1ere-ae-fille-avec-encart-9-16_f3XaY8eI.mp4,23/03,16/04,25,93 658,162,263,37,10 306,25,12,,,,,,,,,,,
2026-04-07,SHORT_THEORY_9-16_Maman_Rebranded_WJftBKdQ.mp4,13/09,11/06,100,101 879,130,306,42,14 796,26,16,,,,,,,,,,,
2026-04-07,Alors c’est vraiment pas seulement pour la #collab j’attends mes résultats et je vous laisserai savoir dès que je les ai haha,04/01,15/04,105,52 829,73,227,27,10 485,18,9,,,,,,,,,,,
2026-04-07,GETPOV_ugc-promo-idee-fille-avec-encart-9-16_ANcqfxiX.mp4,23/03,16/04,25,35 313,64,95,19,4 156,12,7,,,,,,,,,,,
2026-04-07,#bonplan #permis #ornikar #conduite #code,05/01,05/06,152,24 870,49,75,8,5 272,6,2,,,,,,,,,,,
2026-04-07,@Ornikar la base non ?🫣,05/01,13/05,129,23 608,48,82,6,5 960,5,1,,,,,,,,,,,
2026-04-07,Allons pour le permis en 2026,09/01,16/04,98,18 876,46,61,8,3 189,6,2,,,,,,,,,,,
2026-04-07,Image carousel 15,20/03,16/04,28,10 217,36,161,13,0,7,6,,,,,,,,,,,
2026-04-07,7624460922597408784,03/04,08/04,6,15 785,35,42,6,2 861,4,2,,,,,,,,,,,
2026-04-07,#ornikar,06/07,15/04,13,39 229,30,72,7,5 513,5,2,,,,,,,,,,,
2026-04-07,Télécharge Ornikar et profite de 3 mois d'abonnement Deezer en prenant un abonnement code ! #deezer #ornikar,14/06,13/05,52,9 627,7,21,6,941,3,3,,,,,,,,,,,
2026-04-07,Image carousel 7,30/01,11/06,133,1 642,4,14,2,0,1,1,,,,,,,,,,,
2026-04-07,Image carousel 16,20/03,16/04,28,5 660,4,17,2,0,1,1,,,,,,,,,,,
2026-04-07,Télécharge Ornikar et profite de 3 mois d'abonnement Deezer en prenant un abonnement code #ornikar,14/06,13/05,52,5 627,3,2,0,693,0,0,,,,,,,,,,,
2026-04-07,ornikar_code-de-la-route-ornikar-(nouvelle-annee)-02_aleed-ed_2026-01-06T00-57-01Z (1)_myHsXegZ.mp4,06/06,15/04,28,2 118,3,6,1,287,1,0,,,,,,,,,,,
2026-04-07,Télécharge Ornikar et profite de 3 mois d'abonnement Deezer en prenant un abonnement code !@Ornikar,14/06,15/04,24,1 308,1,2,0,106,0,0,,,,,,,,,,,
2026-04-07,Image carousel 4,30/01,13/05,104,10,0,0,0,0,0,0,,,,,,,,,,,
2026-04-07,Image carousel 3,30/01,04/05,95,4,0,0,0,0,0,0,,,,,,,,,,,
2026-04-08,SV_DRIVING_Micro1_9-16_Hook1_Rebranded_QxChkwre.mp4,19/03,05/06,79,395 624,691,1 070,146,89 668,101,45,,,,,,,,,,,
2026-04-08,SV_DRIVING_Micro2_9-16_Hook2_Rebranded_3CmWuhsx.mp4,19/03,29/05,72,273 059,454,865,94,51 615,62,32,,,,,,,,,,,
2026-04-08,chasr-rs-video-9-16-conduite-leia-storytime-hook2.mp4,01/01,13/05,133,215 397,375,662,70,43 847,50,20,,,,,,,,,,,
2026-04-08,SHORT_THEORY_9-16_tableau_Rebranded_jsFkE7lo.mp4,13/09,21/05,79,205 574,227,665,61,20 425,43,18,,,,,,,,,,,
2026-04-08,GETPOV_ugc-promo-1ere-ae-fille-avec-encart-9-16_f3XaY8eI.mp4,23/03,16/04,25,128 956,205,325,46,12 985,30,16,,,,,,,,,,,
2026-04-08,SHORT_THEORY_9-16_Maman_Rebranded_WJftBKdQ.mp4,13/09,11/06,100,128 630,161,433,38,18 959,24,14,,,,,,,,,,,
2026-04-08,GETPOV_ugc-promo-1ere-ae-garcon-avec-encart-9-16_J9y2GEfD.mp4,23/03,16/04,25,102 974,157,255,29,13 095,22,7,,,,,,,,,,,
2026-04-08,Allons pour le permis en 2026,09/01,16/04,98,37 595,86,115,15,6 033,10,5,,,,,,,,,,,
2026-04-08,Alors c’est vraiment pas seulement pour la #collab j’attends mes résultats et je vous laisserai savoir dès que je les ai haha,04/01,15/04,105,50 671,69,154,19,7 657,11,8,,,,,,,,,,,
2026-04-08,@Ornikar la base non ?🫣,05/01,13/05,129,35 357,68,132,11,8 756,8,3,,,,,,,,,,,
2026-04-08,GETPOV_ugc-promo-idee-fille-avec-encart-9-16_ANcqfxiX.mp4,23/03,16/04,25,49 666,65,105,32,5 777,21,11,,,,,,,,,,,
2026-04-08,#bonplan #permis #ornikar #conduite #code,05/01,05/06,152,23 547,46,56,7,4 828,6,1,,,,,,,,,,,
2026-04-08,Image carousel 7,30/01,11/06,133,27 769,38,86,10,0,8,2,,,,,,,,,,,
2026-04-08,#ornikar,06/07,15/04,13,34 714,29,62,14,5 040,12,2,,,,,,,,,,,
2026-04-08,Image carousel 15,20/03,16/04,28,14 434,23,132,9,0,5,4,,,,,,,,,,,
2026-04-08,Télécharge Ornikar et profite de 3 mois d'abonnement Deezer en prenant un abonnement code ! #deezer #ornikar,14/06,13/05,52,16 886,7,36,5,1 653,3,2,,,,,,,,,,,
2026-04-08,Télécharge Ornikar et profite de 3 mois d'abonnement Deezer en prenant un abonnement code #ornikar,14/06,13/05,52,6 741,7,9,2,732,2,0,,,,,,,,,,,
2026-04-08,Image carousel 16,20/03,16/04,28,15 439,6,44,3,0,3,0,,,,,,,,,,,
2026-04-08,7624460922597408784,03/04,08/04,6,1 274,3,7,0,279,0,0,,,,,,,,,,,
2026-04-08,ornikar_code-de-la-route-ornikar-(nouvelle-annee)-02_aleed-ed_2026-01-06T00-57-01Z (1)_myHsXegZ.mp4,06/06,15/04,28,1 564,2,4,2,215,1,1,,,,,,,,,,,
2026-04-08,Télécharge Ornikar et profite de 3 mois d'abonnement Deezer en prenant un abonnement code !@Ornikar,14/06,15/04,24,2 706,1,5,0,223,0,0,,,,,,,,,,,
2026-04-09,SV_DRIVING_Micro2_9-16_Hook2_Rebranded_3CmWuhsx.mp4,19/03,29/05,72,388 782,645,1 290,119,74 090,90,29,,,,,,,,,,,
2026-04-09,SV_DRIVING_Micro1_9-16_Hook1_Rebranded_QxChkwre.mp4,19/03,05/06,79,320 228,558,890,141,71 930,103,38,,,,,,,,,,,
2026-04-09,chasr-rs-video-9-16-conduite-leia-storytime-hook2.mp4,01/01,13/05,133,170 481,299,492,51,32 577,37,14,,,,,,,,,,,
2026-04-09,SHORT_THEORY_9-16_tableau_Rebranded_jsFkE7lo.mp4,13/09,21/05,79,192 183,262,609,76,20 303,51,25,,,,,,,,,,,
2026-04-09,GETPOV_ugc-promo-1ere-ae-fille-avec-encart-9-16_f3XaY8eI.mp4,23/03,16/04,25,123 235,203,331,17,12 675,14,3,,,,,,,,,,,
2026-04-09,GETPOV_ugc-promo-1ere-ae-garcon-avec-encart-9-16_J9y2GEfD.mp4,23/03,16/04,25,104 164,174,291,50,13 587,37,13,,,,,,,,,,,
2026-04-09,SHORT_THEORY_9-16_Maman_Rebranded_WJftBKdQ.mp4,13/09,11/06,100,101 830,133,283,35,14 671,24,11,,,,,,,,,,,
2026-04-09,Allons pour le permis en 2026,09/01,16/04,98,32 988,85,95,9,5 526,6,3,,,,,,,,,,,
2026-04-09,Image carousel 7,30/01,11/06,133,39 677,65,116,9,0,7,2,,,,,,,,,,,
2026-04-09,GETPOV_ugc-promo-idee-fille-avec-encart-9-16_ANcqfxiX.mp4,23/03,16/04,25,41 751,64,93,16,4 803,12,4,,,,,,,,,,,
2026-04-09,Image carousel 15,20/03,16/04,28,13 163,60,165,7,0,5,2,,,,,,,,,,,
2026-04-09,Alors c’est vraiment pas seulement pour la #collab j’attends mes résultats et je vous laisserai savoir dès que je les ai haha,04/01,15/04,105,28 141,52,93,6,4 461,4,2,,,,,,,,,,,
2026-04-09,@Ornikar la base non ?🫣,05/01,13/05,129,26 136,49,116,11,6 461,9,2,,,,,,,,,,,
2026-04-09,#bonplan #permis #ornikar #conduite #code,05/01,05/06,152,18 389,36,58,13,3 725,8,5,,,,,,,,,,,
2026-04-09,#ornikar,06/07,15/04,13,31 632,33,41,6,4 713,6,0,,,,,,,,,,,
2026-04-09,Télécharge Ornikar et profite de 3 mois d'abonnement Deezer en prenant un abonnement code ! #deezer #ornikar,14/06,13/05,52,14 644,6,34,3,1 484,2,1,,,,,,,,,,,
2026-04-09,Télécharge Ornikar et profite de 3 mois d'abonnement Deezer en prenant un abonnement code #ornikar,14/06,13/05,52,5 854,5,4,2,649,1,1,,,,,,,,,,,
2026-04-09,Image carousel 16,20/03,16/04,28,4 208,5,12,0,0,0,0,,,,,,,,,,,
2026-04-09,ornikar_code-de-la-route-ornikar-(nouvelle-annee)-02_aleed-ed_2026-01-06T00-57-01Z (1)_myHsXegZ.mp4,06/06,15/04,28,2 359,4,12,1,348,1,0,,,,,,,,,,,
2026-04-09,Télécharge Ornikar et profite de 3 mois d'abonnement Deezer en prenant un abonnement code !@Ornikar,14/06,15/04,24,2 188,1,3,0,226,0,0,,,,,,,,,,,
2026-04-09,Image carousel 4,30/01,13/05,104,4,0,0,0,0,0,0,,,,,,,,,,,
2026-04-09,Image carousel 3,30/01,04/05,95,4,0,0,0,0,0,0,,,,,,,,,,,
2026-04-10,SV_DRIVING_Micro1_9-16_Hook1_Rebranded_QxChkwre.mp4,19/03,05/06,79,298 729,502,762,119,65 994,84,35,,,,,,,,,,,
2026-04-10,SV_DRIVING_Micro2_9-16_Hook2_Rebranded_3CmWuhsx.mp4,19/03,29/05,72,290 516,476,1 061,102,55 565,75,27,,,,,,,,,,,
2026-04-10,SHORT_THEORY_9-16_tableau_Rebranded_jsFkE7lo.mp4,13/09,21/05,79,168 546,235,480,63,20 669,39,24,,,,,,,,,,,
2026-04-10,chasr-rs-video-9-16-conduite-leia-storytime-hook2.mp4,01/01,13/05,133,126 363,226,321,52,23 561,42,10,,,,,,,,,,,
2026-04-10,SHORT_THEORY_9-16_Maman_Rebranded_WJftBKdQ.mp4,13/09,11/06,100,133 292,180,397,42,20 513,28,14,,,,,,,,,,,
2026-04-10,GETPOV_ugc-promo-1ere-ae-garcon-avec-encart-9-16_J9y2GEfD.mp4,23/03,16/04,25,86 531,152,191,44,10 955,29,15,,,,,,,,,,,
2026-04-10,GETPOV_ugc-promo-1ere-ae-fille-avec-encart-9-16_f3XaY8eI.mp4,23/03,16/04,25,71 538,124,158,22,7 102,18,4,,,,,,,,,,,
2026-04-10,GETPOV_ugc-promo-idee-fille-avec-encart-9-16_ANcqfxiX.mp4,23/03,16/04,25,47 822,77,109,29,4 958,20,9,,,,,,,,,,,
2026-04-10,Image carousel 15,20/03,16/04,28,13 997,59,157,7,2,5,2,,,,,,,,,,,
2026-04-10,Alors c’est vraiment pas seulement pour la #collab j’attends mes résultats et je vous laisserai savoir dès que je les ai haha,04/01,15/04,105,32 811,50,77,14,5 703,8,6,,,,,,,,,,,
2026-04-10,Allons pour le permis en 2026,09/01,16/04,98,16 834,46,65,6,2 827,5,1,,,,,,,,,,,
2026-04-10,Image carousel 7,30/01,11/06,133,28 504,43,64,12,0,9,3,,,,,,,,,,,
2026-04-10,@Ornikar la base non ?🫣,05/01,13/05,129,21 049,40,67,9,5 015,6,3,,,,,,,,,,,
2026-04-10,#bonplan #permis #ornikar #conduite #code,05/01,05/06,152,17 868,36,46,11,3 455,6,5,,,,,,,,,,,
2026-04-10,#ornikar,06/07,15/04,13,27 447,23,51,10,3 986,8,2,,,,,,,,,,,
2026-04-10,Télécharge Ornikar et profite de 3 mois d'abonnement Deezer en prenant un abonnement code ! #deezer #ornikar,14/06,13/05,52,17 040,9,30,1,1 796,1,0,,,,,,,,,,,
2026-04-10,ornikar_code-de-la-route-ornikar-(nouvelle-annee)-02_aleed-ed_2026-01-06T00-57-01Z (1)_myHsXegZ.mp4,06/06,15/04,28,3 057,4,7,2,443,1,1,,,,,,,,,,,
2026-04-10,Image carousel 16,20/03,16/04,28,2 788,4,17,0,0,0,0,,,,,,,,,,,
2026-04-10,Télécharge Ornikar et profite de 3 mois d'abonnement Deezer en prenant un abonnement code #ornikar,14/06,13/05,52,3 501,2,3,0,339,0,0,,,,,,,,,,,
2026-04-10,Télécharge Ornikar et profite de 3 mois d'abonnement Deezer en prenant un abonnement code !@Ornikar,14/06,15/04,24,843,1,2,0,81,0,0,,,,,,,,,,,
2026-04-10,Image carousel 4,02/03,13/05,104,199,0,0,0,0,0,0,,,,,,,,,,,
2026-04-10,Image carousel 3,30/01,04/05,95,81,0,0,0,0,0,0,,,,,,,,,,,
2026-04-11,SV_DRIVING_Micro2_9-16_Hook2_Rebranded_3CmWuhsx.mp4,19/03,29/05,72,286 591,477,1 007,100,54 023,68,32,,,,,,,,,,,
2026-04-11,SV_DRIVING_Micro1_9-16_Hook1_Rebranded_QxChkwre.mp4,19/03,05/06,79,241 860,406,711,103,51 079,69,34,,,,,,,,,,,
2026-04-11,chasr-rs-video-9-16-conduite-leia-storytime-hook2.mp4,01/01,13/05,133,129 395,222,357,40,25 068,31,9,,,,,,,,,,,
2026-04-11,SHORT_THEORY_9-16_tableau_Rebranded_jsFkE7lo.mp4,13/09,21/05,79,156 206,206,371,55,19 430,38,17,,,,,,,,,,,
2026-04-11,GETPOV_ugc-promo-1ere-ae-fille-avec-encart-9-16_f3XaY8eI.mp4,23/03,16/04,25,118 298,199,340,23,11 939,16,7,,,,,,,,,,,
2026-04-11,Image carousel 7,30/01,11/06,133,98 258,134,161,17,0,12,5,,,,,,,,,,,
2026-04-11,SHORT_THEORY_9-16_Maman_Rebranded_WJftBKdQ.mp4,13/09,11/06,100,98 886,133,316,46,14 535,31,15,,,,,,,,,,,
2026-04-11,GETPOV_ugc-promo-1ere-ae-garcon-avec-encart-9-16_J9y2GEfD.mp4,23/03,16/04,25,71 017,116,198,32,8 293,21,11,,,,,,,,,,,
2026-04-11,Allons pour le permis en 2026,09/01,16/04,98,44 273,105,126,13,7 493,10,3,,,,,,,,,,,
2026-04-11,GETPOV_ugc-promo-idee-fille-avec-encart-9-16_ANcqfxiX.mp4,23/03,16/04,25,41 548,66,84,16,4 070,11,5,,,,,,,,,,,
2026-04-11,Image carousel 15,20/03,16/04,28,7 959,58,155,9,0,6,3,,,,,,,,,,,
2026-04-11,@Ornikar la base non ?🫣,05/01,13/05,129,26 937,50,100,8,6 778,4,4,,,,,,,,,,,
2026-04-11,Alors c’est vraiment pas seulement pour la #collab j’attends mes résultats et je vous laisserai savoir dès que je les ai haha,04/01,15/04,105,23 640,31,74,7,3 593,4,3,,,,,,,,,,,
2026-04-11,#ornikar,06/07,15/04,13,32 477,30,66,17,4 863,15,2,,,,,,,,,,,
2026-04-11,#bonplan #permis #ornikar #conduite #code,05/01,05/06,152,12 708,24,31,8,2 475,7,1,,,,,,,,,,,
2026-04-11,Image carousel 16,20/03,16/04,28,4 278,7,16,3,1,2,1,,,,,,,,,,,
2026-04-11,Télécharge Ornikar et profite de 3 mois d'abonnement Deezer en prenant un abonnement code ! #deezer #ornikar,14/06,13/05,52,8 567,3,18,1,803,1,0,,,,,,,,,,,
2026-04-11,ornikar_code-de-la-route-ornikar-(nouvelle-annee)-02_aleed-ed_2026-01-06T00-57-01Z (1)_myHsXegZ.mp4,06/06,15/04,28,1 815,3,8,1,251,1,0,,,,,,,,,,,
2026-04-11,Télécharge Ornikar et profite de 3 mois d'abonnement Deezer en prenant un abonnement code !@Ornikar,14/06,15/04,24,2 937,2,4,0,257,0,0,,,,,,,,,,,
2026-04-11,Télécharge Ornikar et profite de 3 mois d'abonnement Deezer en prenant un abonnement code #ornikar,14/06,13/05,52,3 011,1,5,1,312,1,0,,,,,,,,,,,
2026-04-11,Image carousel 4,02/03,13/05,104,162,0,0,0,0,0,0,,,,,,,,,,,
2026-04-11,Image carousel 3,02/03,04/05,95,34,0,0,0,0,0,0,,,,,,,,,,,
2026-04-12,SV_DRIVING_Micro2_9-16_Hook2_Rebranded_3CmWuhsx.mp4,19/03,29/05,72,321 060,524,1 047,132,59 497,91,41,,,,,,,,,,,
2026-04-12,SV_DRIVING_Micro1_9-16_Hook1_Rebranded_QxChkwre.mp4,19/03,05/06,79,268 760,419,775,111,52 323,76,35,,,,,,,,,,,
2026-04-12,Image carousel 7,30/01,11/06,133,219 871,237,359,56,0,41,15,,,,,,,,,,,
2026-04-12,chasr-rs-video-9-16-conduite-leia-storytime-hook2.mp4,01/01,13/05,133,137 383,224,417,56,25 459,39,17,,,,,,,,,,,
2026-04-12,GETPOV_ugc-promo-1ere-ae-fille-avec-encart-9-16_f3XaY8eI.mp4,23/03,16/04,25,113 870,175,294,40,11 104,27,13,,,,,,,,,,,
2026-04-12,SHORT_THEORY_9-16_Maman_Rebranded_WJftBKdQ.mp4,13/09,11/06,100,113 191,141,361,62,16 752,41,21,,,,,,,,,,,
2026-04-12,SHORT_THEORY_9-16_tableau_Rebranded_jsFkE7lo.mp4,13/09,21/05,79,95 156,116,271,45,11 344,30,15,,,,,,,,,,,
2026-04-12,Allons pour le permis en 2026,09/01,16/04,98,50 529,111,156,29,8 355,18,11,,,,,,,,,,,
2026-04-12,GETPOV_ugc-promo-1ere-ae-garcon-avec-encart-9-16_J9y2GEfD.mp4,23/03,16/04,25,79 404,104,204,41,8 634,31,10,,,,,,,,,,,
2026-04-12,@Ornikar la base non ?🫣,05/01,13/05,129,46 999,79,190,12,11 527,9,3,,,,,,,,,,,
2026-04-12,GETPOV_ugc-promo-idee-fille-avec-encart-9-16_ANcqfxiX.mp4,23/03,16/04,25,33 755,46,88,12,3 535,11,1,,,,,,,,,,,
2026-04-12,#ornikar,06/07,15/04,13,39 354,40,83,16,6 348,13,3,,,,,,,,,,,
2026-04-12,Image carousel 15,20/03,16/04,28,10 812,34,173,10,1,7,3,,,,,,,,,,,
2026-04-12,Alors c’est vraiment pas seulement pour la #collab j’attends mes résultats et je vous laisserai savoir dès que je les ai haha,04/01,15/04,105,18 701,27,70,7,3 198,4,3,,,,,,,,,,,
2026-04-12,#bonplan #permis #ornikar #conduite #code,05/01,05/06,152,10 588,19,23,4,1 927,3,1,,,,,,,,,,,
2026-04-12,Image carousel 16,20/03,16/04,28,7 561,5,27,3,0,2,1,,,,,,,,,,,
2026-04-12,ornikar_code-de-la-route-ornikar-(nouvelle-annee)-02_aleed-ed_2026-01-06T00-57-01Z (1)_myHsXegZ.mp4,06/06,15/04,28,2 092,3,2,0,283,0,0,,,,,,,,,,,
2026-04-12,Télécharge Ornikar et profite de 3 mois d'abonnement Deezer en prenant un abonnement code ! #deezer #ornikar,14/06,13/05,52,3 538,1,6,1,325,1,0,,,,,,,,,,,
2026-04-12,Télécharge Ornikar et profite de 3 mois d'abonnement Deezer en prenant un abonnement code !@Ornikar,14/06,15/04,24,1 968,1,2,1,179,1,0,,,,,,,,,,,
2026-04-12,Télécharge Ornikar et profite de 3 mois d'abonnement Deezer en prenant un abonnement code #ornikar,14/06,13/05,52,919,1,2,0,103,0,0,,,,,,,,,,,
2026-04-12,Image carousel 4,02/03,13/05,104,323,0,1,0,0,0,0,,,,,,,,,,,
2026-04-12,Image carousel 3,02/03,04/05,95,127,0,1,0,0,0,0,,,,,,,,,,,
2026-04-13,SV_DRIVING_Micro1_9-16_Hook1_Rebranded_QxChkwre.mp4,19/03,05/06,79,270 785,431,796,136,56 518,89,47,,,,,,,,,,,
2026-04-13,SV_DRIVING_Micro2_9-16_Hook2_Rebranded_3CmWuhsx.mp4,19/03,29/05,72,249 949,401,765,85,43 880,66,19,,,,,,,,,,,
2026-04-13,GETPOV_ugc-promo-1ere-ae-fille-avec-encart-9-16_f3XaY8eI.mp4,23/03,16/04,25,169 109,258,477,63,16 981,43,20,,,,,,,,,,,
2026-04-13,chasr-rs-video-9-16-conduite-leia-storytime-hook2.mp4,01/01,13/05,133,147 505,248,402,75,28 662,53,22,,,,,,,,,,,
2026-04-13,Image carousel 7,30/01,11/06,133,250 147,239,339,58,1,42,16,,,,,,,,,,,
2026-04-13,GETPOV_ugc-promo-1ere-ae-garcon-avec-encart-9-16_J9y2GEfD.mp4,23/03,16/04,25,96 288,141,263,36,11 358,27,9,,,,,,,,,,,
2026-04-13,SHORT_THEORY_9-16_Maman_Rebranded_WJftBKdQ.mp4,13/09,11/06,100,128 004,132,417,59,18 090,39,20,,,,,,,,,,,
2026-04-13,SHORT_THEORY_9-16_tableau_Rebranded_jsFkE7lo.mp4,13/09,21/05,79,117 863,116,326,34,12 728,25,9,,,,,,,,,,,
2026-04-13,Allons pour le permis en 2026,09/01,16/04,98,37 181,85,112,24,6 360,17,7,,,,,,,,,,,
2026-04-13,@Ornikar la base non ?🫣,05/01,13/05,129,33 862,61,154,18,8 954,12,6,,,,,,,,,,,
2026-04-13,GETPOV_ugc-promo-idee-fille-avec-encart-9-16_ANcqfxiX.mp4,23/03,16/04,25,32 438,48,76,16,3 502,11,5,,,,,,,,,,,
2026-04-13,Image carousel 15,20/03,16/04,28,13 450,38,171,14,1,10,4,,,,,,,,,,,
2026-04-13,#ornikar,06/07,15/04,13,44 621,34,76,11,6 854,8,3,,,,,,,,,,,
2026-04-13,Alors c’est vraiment pas seulement pour la #collab j’attends mes résultats et je vous laisserai savoir dès que je les ai haha,04/01,15/04,105,24 905,33,88,9,3 820,6,3,,,,,,,,,,,
2026-04-13,#bonplan #permis #ornikar #conduite #code,05/01,05/06,152,12 205,24,27,9,2 363,6,3,,,,,,,,,,,
2026-04-13,Image carousel 16,20/03,16/04,28,6 904,7,30,0,0,0,0,,,,,,,,,,,
2026-04-13,ornikar_code-de-la-route-ornikar-(nouvelle-annee)-02_aleed-ed_2026-01-06T00-57-01Z (1)_myHsXegZ.mp4,06/06,15/04,28,2 336,2,4,2,254,1,1,,,,,,,,,,,
2026-04-13,Télécharge Ornikar et profite de 3 mois d'abonnement Deezer en prenant un abonnement code ! #deezer #ornikar,14/06,13/05,52,4 238,2,3,0,400,0,0,,,,,,,,,,,
2026-04-13,Télécharge Ornikar et profite de 3 mois d'abonnement Deezer en prenant un abonnement code #ornikar,14/06,13/05,52,1 876,1,5,0,183,0,0,,,,,,,,,,,
2026-04-13,Télécharge Ornikar et profite de 3 mois d'abonnement Deezer en prenant un abonnement code !@Ornikar,14/06,15/04,24,1 191,1,4,0,116,0,0,,,,,,,,,,,
2026-04-13,Image carousel 3,02/03,04/05,95,133,0,2,0,0,0,0,,,,,,,,,,,
2026-04-13,Image carousel 4,02/03,13/05,104,316,0,0,0,0,0,0,,,,,,,,,,,
2026-04-14,SV_DRIVING_Micro1_9-16_Hook1_Rebranded_QxChkwre.mp4,19/03,05/06,79,307 332,504,882,134,66 108,99,35,,,,,,,,,,,
2026-04-14,SV_DRIVING_Micro2_9-16_Hook2_Rebranded_3CmWuhsx.mp4,19/03,29/05,72,221 137,364,765,100,38 312,67,33,,,,,,,,,,,
2026-04-14,chasr-rs-video-9-16-conduite-leia-storytime-hook2.mp4,01/01,13/05,133,130 453,228,406,52,24 620,37,15,,,,,,,,,,,
2026-04-14,Image carousel 7,30/01,11/06,133,234 304,218,379,47,1,30,17,,,,,,,,,,,
2026-04-14,GETPOV_ugc-promo-1ere-ae-fille-avec-encart-9-16_f3XaY8eI.mp4,23/03,16/04,25,124 070,199,352,58,12 220,42,16,,,,,,,,,,,
2026-04-14,GETPOV_ugc-promo-1ere-ae-garcon-avec-encart-9-16_J9y2GEfD.mp4,23/03,16/04,25,93 227,141,222,40,11 561,30,10,,,,,,,,,,,
2026-04-14,SHORT_THEORY_9-16_tableau_Rebranded_jsFkE7lo.mp4,13/09,21/05,79,127 532,131,376,50,13 666,32,18,,,,,,,,,,,
2026-04-14,SHORT_THEORY_9-16_Maman_Rebranded_WJftBKdQ.mp4,13/09,11/06,100,120 316,119,429,37,16 821,22,15,,,,,,,,,,,
2026-04-14,@Ornikar la base non ?🫣,05/01,13/05,129,60 779,105,261,40,15 831,25,15,,,,,,,,,,,
2026-04-14,Allons pour le permis en 2026,09/01,16/04,98,35 262,78,109,16,5 857,12,4,,,,,,,,,,,
2026-04-14,GETPOV_ugc-promo-idee-fille-avec-encart-9-16_ANcqfxiX.mp4,23/03,16/04,25,33 079,49,71,9,3 924,8,1,,,,,,,,,,,
2026-04-14,Image carousel 15,20/03,16/04,28,12 826,39,128,12,0,9,3,,,,,,,,,,,
2026-04-14,Alors c’est vraiment pas seulement pour la #collab j’attends mes résultats et je vous laisserai savoir dès que je les ai haha,04/01,15/04,105,23 433,36,61,9,3 743,7,2,,,,,,,,,,,
2026-04-14,#bonplan #permis #ornikar #conduite #code,05/01,05/06,152,14 880,29,40,15,2 850,9,6,,,,,,,,,,,
2026-04-14,#ornikar,06/07,15/04,13,34 011,25,67,10,5 075,6,4,,,,,,,,,,,
2026-04-14,Image carousel 16,20/03,16/04,28,6 406,6,17,2,0,1,1,,,,,,,,,,,
2026-04-14,Télécharge Ornikar et profite de 3 mois d'abonnement Deezer en prenant un abonnement code ! #deezer #ornikar,14/06,13/05,52,7 289,3,8,0,732,0,0,,,,,,,,,,,
2026-04-14,ornikar_code-de-la-route-ornikar-(nouvelle-annee)-02_aleed-ed_2026-01-06T00-57-01Z (1)_myHsXegZ.mp4,06/06,15/04,28,1 548,2,1,1,169,1,0,,,,,,,,,,,
2026-04-14,Télécharge Ornikar et profite de 3 mois d'abonnement Deezer en prenant un abonnement code #ornikar,14/06,13/05,52,3 509,1,6,0,371,0,0,,,,,,,,,,,
2026-04-14,Télécharge Ornikar et profite de 3 mois d'abonnement Deezer en prenant un abonnement code !@Ornikar,14/06,15/04,24,827,1,3,0,90,0,0,,,,,,,,,,,
2026-04-14,Image carousel 3,02/03,04/05,95,65,0,0,1,0,1,0,,,,,,,,,,,
2026-04-14,Image carousel 4,30/01,13/05,104,9,0,0,0,0,0,0,,,,,,,,,,,
2026-04-15,SV_DRIVING_Micro1_9-16_Hook1_Rebranded_QxChkwre.mp4,19/03,05/06,79,277 773,473,810,134,56 860,97,37,,,,,,,,,,,
2026-04-15,SV_DRIVING_Micro2_9-16_Hook2_Rebranded_3CmWuhsx.mp4,19/03,29/05,72,201 823,352,684,60,33 664,48,12,,,,,,,,,,,
2026-04-15,Image carousel 7,30/01,11/06,133,230 844,261,343,44,0,29,15,,,,,,,,,,,
2026-04-15,GETPOV_ugc-promo-1ere-ae-fille-avec-encart-9-16_f3XaY8eI.mp4,23/03,16/04,25,138 424,226,390,46,13 304,31,15,,,,,,,,,,,
2026-04-15,chasr-rs-video-9-16-conduite-leia-storytime-hook2.mp4,01/01,13/05,133,121 843,222,349,55,23 726,38,17,,,,,,,,,,,
2026-04-15,SHORT_THEORY_9-16_Maman_Rebranded_WJftBKdQ.mp4,13/09,11/06,100,135 842,184,434,65,18 578,42,23,,,,,,,,,,,
2026-04-15,GETPOV_ugc-promo-1ere-ae-garcon-avec-encart-9-16_J9y2GEfD.mp4,23/03,16/04,25,91 682,135,203,46,10 930,34,12,,,,,,,,,,,
2026-04-15,@Ornikar la base non ?🫣,05/01,13/05,129,62 983,108,250,24,15 923,14,10,,,,,,,,,,,
2026-04-15,SHORT_THEORY_9-16_tableau_Rebranded_jsFkE7lo.mp4,13/09,21/05,79,75 927,92,191,34,8 546,25,9,,,,,,,,,,,
2026-04-15,Allons pour le permis en 2026,09/01,16/04,98,43 270,92,122,22,6 985,15,7,,,,,,,,,,,
2026-04-15,GETPOV_ugc-promo-idee-fille-avec-encart-9-16_ANcqfxiX.mp4,23/03,16/04,25,28 808,43,79,15,3 364,10,5,,,,,,,,,,,
2026-04-15,#bonplan #permis #ornikar #conduite #code,05/01,05/06,152,22 173,42,46,11,4 039,9,2,,,,,,,,,,,
2026-04-15,Image carousel 15,20/03,16/04,28,10 275,40,153,12,0,9,3,,,,,,,,,,,
2026-04-15,#ornikar,06/07,15/04,13,11 168,13,24,4,1 681,3,1,,,,,,,,,,,
2026-04-15,Alors c’est vraiment pas seulement pour la #collab j’attends mes résultats et je vous laisserai savoir dès que je les ai haha,04/01,15/04,105,3 841,8,21,2,706,2,0,,,,,,,,,,,
2026-04-15,Image carousel 16,20/03,16/04,28,4 662,6,16,4,0,2,2,,,,,,,,,,,
2026-04-15,Télécharge Ornikar et profite de 3 mois d'abonnement Deezer en prenant un abonnement code ! #deezer #ornikar,14/06,13/05,52,7 902,3,18,1,812,1,0,,,,,,,,,,,
2026-04-15,Télécharge Ornikar et profite de 3 mois d'abonnement Deezer en prenant un abonnement code #ornikar,14/06,13/05,52,3 692,2,8,0,422,0,0,,,,,,,,,,,
2026-04-15,Image carousel 3,02/03,04/05,95,268,1,2,0,0,0,0,,,,,,,,,,,
2026-04-15,ornikar_code-de-la-route-ornikar-(nouvelle-annee)-02_aleed-ed_2026-01-06T00-57-01Z (1)_myHsXegZ.mp4,06/06,15/04,28,259,1,0,0,25,0,0,,,,,,,,,,,
2026-04-15,Image carousel 4,02/03,13/05,104,262,0,1,0,0,0,0,,,,,,,,,,,
2026-04-15,Télécharge Ornikar et profite de 3 mois d'abonnement Deezer en prenant un abonnement code !@Ornikar,14/06,15/04,24,254,0,0,0,23,0,0,,,,,,,,,,,
2026-04-16,SV_DRIVING_Micro1_9-16_Hook1_Rebranded_QxChkwre.mp4,19/03,05/06,79,226 351,377,698,125,44 605,88,37,,,,,,,,,,,
2026-04-16,SV_DRIVING_Micro2_9-16_Hook2_Rebranded_3CmWuhsx.mp4,19/03,29/05,72,119 299,207,392,61,20 946,43,18,,,,,,,,,,,
2026-04-16,@Ornikar la base non ?🫣,05/01,13/05,129,117 402,202,501,47,27 850,31,16,,,,,,,,,,,
2026-04-16,SHORT_THEORY_9-16_Maman_Rebranded_WJftBKdQ.mp4,13/09,11/06,100,131 406,176,431,71,19 564,47,24,,,,,,,,,,,
2026-04-16,Image carousel 7,30/01,11/06,133,110 372,134,158,24,0,17,7,,,,,,,,,,,
2026-04-16,chasr-rs-video-9-16-conduite-leia-storytime-hook2.mp4,01/01,13/05,133,50 021,93,143,41,9 310,25,16,,,,,,,,,,,
2026-04-16,Allons pour le permis en 2026,09/01,16/04,98,23 507,54,65,11,4 008,8,3,,,,,,,,,,,
2026-04-16,SHORT_THEORY_9-16_tableau_Rebranded_jsFkE7lo.mp4,07/05,21/05,79,42 476,45,73,17,5 325,13,4,,,,,,,,,,,
2026-04-16,#bonplan #permis #ornikar #conduite #code,05/01,05/06,152,17 514,30,43,20,3 158,14,6,,,,,,,,,,,
2026-04-16,GETPOV_ugc-promo-1ere-ae-fille-avec-encart-9-16_f3XaY8eI.mp4,23/03,16/04,25,18 158,28,55,12,2 266,8,4,,,,,,,,,,,
2026-04-16,GETPOV_ugc-promo-1ere-ae-garcon-avec-encart-9-16_J9y2GEfD.mp4,23/03,16/04,25,9 232,13,17,2,1 378,2,0,,,,,,,,,,,
2026-04-16,Télécharge Ornikar et profite de 3 mois d'abonnement Deezer en prenant un abonnement code ! #deezer #ornikar,14/06,13/05,52,7 822,9,18,3,876,2,1,,,,,,,,,,,
2026-04-16,Télécharge Ornikar et profite de 3 mois d'abonnement Deezer en prenant un abonnement code #ornikar,14/06,13/05,52,5 981,5,10,5,719,3,2,,,,,,,,,,,
2026-04-16,GETPOV_ugc-promo-idee-fille-avec-encart-9-16_ANcqfxiX.mp4,23/03,16/04,25,1 592,2,3,0,271,0,0,,,,,,,,,,,
2026-04-16,Image carousel 15,20/03,16/04,28,869,2,10,0,0,0,0,,,,,,,,,,,
2026-04-16,Image carousel 16,20/03,16/04,28,365,1,3,0,0,0,0,,,,,,,,,,,
2026-04-16,Image carousel 3,30/01,04/05,95,89,0,0,0,0,0,0,,,,,,,,,,,
2026-04-16,Image carousel 14,16/03,29/04,45,29,0,0,0,0,0,0,,,,,,,,,,,
2026-04-16,Image carousel 4,02/03,13/05,104,40,0,0,0,0,0,0,,,,,,,,,,,
2026-04-17,SV_DRIVING_Micro1_9-16_Hook1_Rebranded_QxChkwre.mp4,06/06,05/06,79,283 558,452,784,106,55 383,79,29,,,,,,,,,,,
2026-04-17,SHORT_THEORY_9-16_Maman_Rebranded_WJftBKdQ.mp4,20/01,11/06,100,303 061,386,796,76,41 338,54,24,,,,,,,,,,,
2026-04-17,SV_DRIVING_Micro2_9-16_Hook2_Rebranded_3CmWuhsx.mp4,06/06,29/05,72,196 390,313,579,58,34 331,41,22,,,,,,,,,,,
2026-04-17,@Ornikar la base non ?🫣,12/01,13/05,129,131 854,215,416,40,27 237,29,13,,,,,,,,,,,
2026-04-17,chasr-rs-video-9-16-conduite-leia-storytime-hook2.mp4,04/01,13/05,133,109 322,171,300,39,18 822,28,13,,,,,,,,,,,
2026-04-17,Télécharge Ornikar et profite de 3 mois d'abonnement Deezer en prenant un abonnement code #ornikar,28/11,13/05,52,101 855,117,233,14,6 845,10,9,,,,,,,,,,,
2026-04-17,Télécharge Ornikar et profite de 3 mois d'abonnement Deezer en prenant un abonnement code ! #deezer #ornikar,28/11,13/05,52,125 306,114,204,10,6 991,6,9,,,,,,,,,,,
2026-04-17,#bonplan #permis #ornikar #conduite #code,12/01,05/06,152,44 562,71,121,25,7 884,18,7,,,,,,,,,,,
2026-04-17,SHORT_THEORY_9-16_tableau_Rebranded_jsFkE7lo.mp4,04/03,21/05,79,38 931,36,50,7,3 925,5,2,,,,,,,,,,,
2026-04-17,Image carousel 14,16/03,29/04,45,30,0,2,0,0,0,0,,,,,,,,,,,
2026-04-18,SV_DRIVING_Micro2_9-16_Hook2_Rebranded_3CmWuhsx.mp4,06/06,29/05,72,289 479,431,842,72,48 531,50,26,,,,,,,,,,,
2026-04-18,SV_DRIVING_Micro1_9-16_Hook1_Rebranded_QxChkwre.mp4,06/06,05/06,79,232 618,350,646,75,40 471,49,26,,,,,,,,,,,
2026-04-18,SHORT_THEORY_9-16_Maman_Rebranded_WJftBKdQ.mp4,20/01,11/06,100,233 687,329,668,52,31 428,34,24,,,,,,,,,,,
2026-04-18,@Ornikar la base non ?🫣,12/01,13/05,129,198 067,278,610,39,37 268,25,17,,,,,,,,,,,
2026-04-18,chasr-rs-video-9-16-conduite-leia-storytime-hook2.mp4,04/01,13/05,133,125 035,189,350,62,19 825,38,26,,,,,,,,,,,
2026-04-18,Télécharge Ornikar et profite de 3 mois d'abonnement Deezer en prenant un abonnement code #ornikar,28/11,13/05,52,137 034,184,339,25,10 048,16,16,,,,,,,,,,,
2026-04-18,#bonplan #permis #ornikar #conduite #code,12/01,05/06,152,70 397,94,159,18,12 311,13,6,,,,,,,,,,,
2026-04-18,Télécharge Ornikar et profite de 3 mois d'abonnement Deezer en prenant un abonnement code ! #deezer #ornikar,28/11,13/05,52,91 884,87,150,12,5 016,8,5,,,,,,,,,,,
2026-04-18,SHORT_THEORY_9-16_tableau_Rebranded_jsFkE7lo.mp4,04/03,21/05,79,24 936,26,42,11,2 764,9,2,,,,,,,,,,,
2026-04-18,Image carousel 14,16/03,29/04,45,36,0,1,2,0,1,1,,,,,,,,,,,
2026-04-19,SV_DRIVING_Micro2_9-16_Hook2_Rebranded_3CmWuhsx.mp4,06/06,29/05,72,618 263,838,1 452,91,113 322,59,49,,,,,,,,,,,
2026-04-19,SV_DRIVING_Micro1_9-16_Hook1_Rebranded_QxChkwre.mp4,06/06,05/06,79,261 344,363,688,103,42 153,71,36,,,,,,,,,,,
2026-04-19,chasr-rs-video-9-16-conduite-leia-storytime-hook2.mp4,04/01,13/05,133,282 333,340,623,41,44 030,29,18,,,,,,,,,,,
2026-04-19,@Ornikar la base non ?🫣,12/01,13/05,129,259 701,330,662,40,43 471,26,20,,,,,,,,,,,
2026-04-19,SHORT_THEORY_9-16_Maman_Rebranded_WJftBKdQ.mp4,20/01,11/06,100,236 224,298,616,79,31 333,55,27,,,,,,,,,,,
2026-04-19,Télécharge Ornikar et profite de 3 mois d'abonnement Deezer en prenant un abonnement code #ornikar,28/11,13/05,52,127 471,147,250,27,9 683,18,12,,,,,,,,,,,
2026-04-19,#bonplan #permis #ornikar #conduite #code,12/01,05/06,152,85 064,102,154,27,13 102,17,12,,,,,,,,,,,
2026-04-19,Télécharge Ornikar et profite de 3 mois d'abonnement Deezer en prenant un abonnement code ! #deezer #ornikar,28/11,13/05,52,93 102,83,186,12,5 066,7,5,,,,,,,,,,,
2026-04-19,SHORT_THEORY_9-16_tableau_Rebranded_jsFkE7lo.mp4,04/03,21/05,79,51 030,51,70,14,6 258,9,5,,,,,,,,,,,
2026-04-19,Image carousel 14,16/03,29/04,45,198,2,11,1,0,1,0,,,,,,,,,,,
2026-04-20,SV_DRIVING_Micro2_9-16_Hook2_Rebranded_3CmWuhsx.mp4,06/06,29/05,72,341 153,448,899,64,55 017,44,27,,,,,,,,,,,
2026-04-20,SHORT_THEORY_9-16_Maman_Rebranded_WJftBKdQ.mp4,20/01,11/06,100,325 222,358,693,72,39 648,51,29,,,,,,,,,,,
2026-04-20,chasr-rs-video-9-16-conduite-leia-storytime-hook2.mp4,04/01,13/05,133,242 450,304,559,75,39 924,49,32,,,,,,,,,,,
2026-04-20,SV_DRIVING_Micro1_9-16_Hook1_Rebranded_QxChkwre.mp4,06/06,05/06,79,207 530,286,545,110,33 930,69,42,,,,,,,,,,,
2026-04-20,@Ornikar la base non ?🫣,12/01,13/05,129,180 551,239,534,57,33 063,39,18,,,,,,,,,,,
2026-04-20,Télécharge Ornikar et profite de 3 mois d'abonnement Deezer en prenant un abonnement code #ornikar,28/11,13/05,52,196 945,190,339,24,12 141,17,11,,,,,,,,,,,
2026-04-20,Télécharge Ornikar et profite de 3 mois d'abonnement Deezer en prenant un abonnement code ! #deezer #ornikar,28/11,13/05,52,171 843,141,298,9,8 573,6,10,,,,,,,,,,,
2026-04-20,#bonplan #permis #ornikar #conduite #code,12/01,05/06,152,77 173,97,174,30,12 860,19,12,,,,,,,,,,,
2026-04-20,SHORT_THEORY_9-16_tableau_Rebranded_jsFkE7lo.mp4,04/03,21/05,79,43 099,39,72,18,4 725,12,6,,,,,,,,,,,
2026-04-20,Image carousel 14,16/03,29/04,45,2 425,20,82,5,0,4,1,,,,,,,,,,,
2026-04-21,SV_DRIVING_Micro2_9-16_Hook2_Rebranded_3CmWuhsx.mp4,06/06,29/05,72,749 542,628,1 565,83,116 691,56,50,,,,,,,,,,,
2026-04-21,chasr-rs-video-9-16-conduite-leia-storytime-hook2.mp4,04/01,13/05,133,559 254,482,1 105,68,89 851,47,26,,,,,,,,,,,
2026-04-21,@Ornikar la base non ?🫣,12/01,13/05,129,413 080,378,1 015,74,68 641,49,29,,,,,,,,,,,
2026-04-21,SV_DRIVING_Micro1_9-16_Hook1_Rebranded_QxChkwre.mp4,06/06,05/06,79,336 302,350,741,104,48 143,66,44,,,,,,,,,,,
2026-04-21,SHORT_THEORY_9-16_Maman_Rebranded_WJftBKdQ.mp4,20/01,11/06,100,258 206,274,582,54,31 787,36,20,,,,,,,,,,,
2026-04-21,Télécharge Ornikar et profite de 3 mois d'abonnement Deezer en prenant un abonnement code ! #deezer #ornikar,28/11,13/05,52,231 061,176,401,18,11 781,12,16,,,,,,,,,,,
2026-04-21,#bonplan #permis #ornikar #conduite #code,12/01,05/06,152,190 909,165,329,30,32 728,19,14,,,,,,,,,,,
2026-04-21,Télécharge Ornikar et profite de 3 mois d'abonnement Deezer en prenant un abonnement code #ornikar,28/11,13/05,52,153 089,148,305,44,9 888,30,15,,,,,,,,,,,
2026-04-21,SHORT_THEORY_9-16_tableau_Rebranded_jsFkE7lo.mp4,04/03,21/05,79,34 687,39,65,6,4 235,3,3,,,,,,,,,,,
2026-04-21,Image carousel 14,16/03,29/04,45,1 602,15,76,3,0,2,1,,,,,,,,,,,
2026-04-22,SHORT_THEORY_9-16_Maman_Rebranded_WJftBKdQ.mp4,20/01,11/06,100,278 750,302,729,129,34 519,85,47,,,,,,,,,,,
2026-04-22,SV_DRIVING_Micro2_9-16_Hook2_Rebranded_3CmWuhsx.mp4,06/06,29/05,72,156 475,210,417,30,31 497,22,11,,,,,,,,,,,
2026-04-22,Télécharge Ornikar et profite de 3 mois d'abonnement Deezer en prenant un abonnement code ! #deezer #ornikar,28/11,13/05,52,253 744,173,396,13,12 827,10,9,,,,,,,,,,,
2026-04-22,SV_DRIVING_Micro1_9-16_Hook1_Rebranded_QxChkwre.mp4,06/06,05/06,79,119 981,160,314,102,21 158,70,34,,,,,,,,,,,
2026-04-22,Télécharge Ornikar et profite de 3 mois d'abonnement Deezer en prenant un abonnement code #ornikar,28/11,13/05,52,129 845,112,244,9,7 979,7,6,,,,,,,,,,,
2026-04-22,chasr-rs-video-9-16-conduite-leia-storytime-hook2.mp4,04/01,13/05,133,80 556,99,216,41,13 474,30,12,,,,,,,,,,,
2026-04-22,@Ornikar la base non ?🫣,12/01,13/05,129,64 536,93,215,47,12 082,33,14,,,,,,,,,,,
2026-04-22,SHORT_THEORY_9-16_tableau_Rebranded_jsFkE7lo.mp4,04/03,21/05,79,33 661,39,40,10,3 801,8,2,,,,,,,,,,,
2026-04-22,#bonplan #permis #ornikar #conduite #code,12/01,05/06,152,28 241,36,47,22,5 101,14,9,,,,,,,,,,,
2026-04-22,Image carousel 14,16/03,29/04,45,1 558,3,38,2,0,1,1,,,,,,,,,,,
2026-04-23,SHORT_THEORY_9-16_Maman_Rebranded_WJftBKdQ.mp4,20/01,11/06,100,275 238,310,601,75,30 475,50,31,,,,,,,,,,,
2026-04-23,SV_DRIVING_Micro2_9-16_Hook2_Rebranded_3CmWuhsx.mp4,06/06,29/05,72,279 016,254,565,35,40 036,24,19,,,,,,,,,,,
2026-04-23,SV_DRIVING_Micro1_9-16_Hook1_Rebranded_QxChkwre.mp4,06/06,05/06,79,214 317,223,464,81,31 181,60,23,,,,,,,,,,,
2026-04-23,Télécharge Ornikar et profite de 3 mois d'abonnement Deezer en prenant un abonnement code ! #deezer #ornikar,28/11,13/05,52,300 568,211,439,25,14 776,17,13,,,,,,,,,,,
2026-04-23,Télécharge Ornikar et profite de 3 mois d'abonnement Deezer en prenant un abonnement code #ornikar,28/11,13/05,52,153 001,143,291,18,9 435,13,6,,,,,,,,,,,
2026-04-23,chasr-rs-video-9-16-conduite-leia-storytime-hook2.mp4,04/01,13/05,133,148 312,135,334,36,20 837,25,13,,,,,,,,,,,
2026-04-23,@Ornikar la base non ?🫣,12/01,13/05,129,97 692,99,202,36,14 357,26,10,,,,,,,,,,,
2026-04-23,#bonplan #permis #ornikar #conduite #code,12/01,05/06,152,70 055,64,131,23,10 545,15,9,,,,,,,,,,,
2026-04-23,SHORT_THEORY_9-16_tableau_Rebranded_jsFkE7lo.mp4,04/03,21/05,79,30 299,38,64,11,3 586,8,3,,,,,,,,,,,
2026-04-23,Image carousel 14,16/03,29/04,45,518,3,28,1,0,1,0,,,,,,,,,,,
2026-04-24,SHORT_THEORY_9-16_Maman_Rebranded_WJftBKdQ.mp4,20/01,11/06,100,197 176,277,570,73,24 131,48,27,,,,,,,,,,,
2026-04-24,SV_DRIVING_Micro1_9-16_Hook1_Rebranded_QxChkwre.mp4,06/06,05/06,79,157 160,183,380,65,23 105,50,16,,,,,,,,,,,
2026-04-24,SV_DRIVING_Micro2_9-16_Hook2_Rebranded_3CmWuhsx.mp4,06/06,29/05,72,204 806,176,427,28,24 242,21,12,,,,,,,,,,,
2026-04-24,Télécharge Ornikar et profite de 3 mois d'abonnement Deezer en prenant un abonnement code #ornikar,28/11,13/05,52,95 637,134,194,23,8 125,18,6,,,,,,,,,,,
2026-04-24,Télécharge Ornikar et profite de 3 mois d'abonnement Deezer en prenant un abonnement code ! #deezer #ornikar,28/11,13/05,52,120 808,111,186,8,6 587,5,10,,,,,,,,,,,
2026-04-24,chasr-rs-video-9-16-conduite-leia-storytime-hook2.mp4,04/01,13/05,133,96 799,98,212,34,12 448,24,13,,,,,,,,,,,
2026-04-24,@Ornikar la base non ?🫣,12/01,13/05,129,90 170,93,229,24,13 532,15,9,,,,,,,,,,,
2026-04-24,#bonplan #permis #ornikar #conduite #code,12/01,05/06,152,42 520,43,71,7,5 890,6,2,,,,,,,,,,,
2026-04-24,SHORT_THEORY_9-16_tableau_Rebranded_jsFkE7lo.mp4,04/03,21/05,79,26 719,39,50,11,3 427,10,1,,,,,,,,,,,
2026-04-24,Image carousel 14,16/03,29/04,45,878,4,24,5,0,4,1,,,,,,,,,,,
2026-04-25,SHORT_THEORY_9-16_Maman_Rebranded_WJftBKdQ.mp4,13/09,11/06,100,163 219,220,592,102,21 638,64,38,,,,,,,,,,,
2026-04-25,SV_DRIVING_Micro1_9-16_Hook1_Rebranded_QxChkwre.mp4,06/06,05/06,79,159 671,195,378,72,22 523,52,21,,,,,,,,,,,
2026-04-25,SV_DRIVING_Micro2_9-16_Hook2_Rebranded_3CmWuhsx.mp4,06/06,29/05,72,162 357,133,314,14,18 840,12,5,,,,,,,,,,,
2026-04-25,chasr-rs-video-9-16-conduite-leia-storytime-hook2.mp4,04/01,13/05,133,79 388,89,182,26,9 978,19,8,,,,,,,,,,,
2026-04-25,Télécharge Ornikar et profite de 3 mois d'abonnement Deezer en prenant un abonnement code #ornikar,14/06,13/05,52,79 134,84,221,36,9 314,26,10,,,,,,,,,,,
2026-04-25,@Ornikar la base non ?🫣,12/01,13/05,129,62 542,72,164,17,9 056,14,3,,,,,,,,,,,
2026-04-25,#bonplan #permis #ornikar #conduite #code,12/01,05/06,152,27 529,30,62,8,3 617,5,3,,,,,,,,,,,
2026-04-25,SHORT_THEORY_9-16_tableau_Rebranded_jsFkE7lo.mp4,04/03,21/05,79,15 203,22,39,14,1 766,10,4,,,,,,,,,,,
2026-04-25,Télécharge Ornikar et profite de 3 mois d'abonnement Deezer en prenant un abonnement code ! #deezer #ornikar,14/06,13/05,52,20 733,21,40,6,2 027,5,1,,,,,,,,,,,
2026-04-25,Image carousel 14,16/03,29/04,45,3 380,13,58,0,0,0,0,,,,,,,,,,,
2026-04-26,SHORT_THEORY_9-16_Maman_Rebranded_WJftBKdQ.mp4,13/09,11/06,100,172 862,247,589,103,20 592,65,38,,,,,,,,,,,
2026-04-26,SV_DRIVING_Micro1_9-16_Hook1_Rebranded_QxChkwre.mp4,06/06,05/06,79,160 168,188,419,86,22 453,58,33,,,,,,,,,,,
2026-04-26,SV_DRIVING_Micro2_9-16_Hook2_Rebranded_3CmWuhsx.mp4,06/06,29/05,72,164 452,133,335,38,16 944,30,12,,,,,,,,,,,
2026-04-26,chasr-rs-video-9-16-conduite-leia-storytime-hook2.mp4,04/01,13/05,133,77 821,89,188,36,9 724,25,15,,,,,,,,,,,
2026-04-26,Télécharge Ornikar et profite de 3 mois d'abonnement Deezer en prenant un abonnement code #ornikar,14/06,13/05,52,65 466,82,184,33,6 628,23,10,,,,,,,,,,,
2026-04-26,@Ornikar la base non ?🫣,12/01,13/05,129,56 579,63,162,31,8 094,20,12,,,,,,,,,,,
2026-04-26,SHORT_THEORY_9-16_tableau_Rebranded_jsFkE7lo.mp4,04/03,21/05,79,34 608,40,60,14,3 959,10,4,,,,,,,,,,,
2026-04-26,#bonplan #permis #ornikar #conduite #code,12/01,05/06,152,27 747,29,63,5,3 384,4,1,,,,,,,,,,,
2026-04-26,Télécharge Ornikar et profite de 3 mois d'abonnement Deezer en prenant un abonnement code ! #deezer #ornikar,14/06,13/05,52,12 191,17,39,14,1 101,11,3,,,,,,,,,,,
2026-04-26,Image carousel 14,16/03,29/04,45,4 049,15,95,5,0,4,1,,,,,,,,,,,
2026-04-27,SHORT_THEORY_9-16_Maman_Rebranded_WJftBKdQ.mp4,13/09,11/06,100,199 280,273,638,93,28 439,66,27,,,,,,,,,,,
2026-04-27,SV_DRIVING_Micro1_9-16_Hook1_Rebranded_QxChkwre.mp4,06/06,05/06,79,205 255,231,536,108,27 842,81,30,,,,,,,,,,,
2026-04-27,SV_DRIVING_Micro2_9-16_Hook2_Rebranded_3CmWuhsx.mp4,06/06,29/05,72,163 835,128,354,17,16 299,11,15,,,,,,,,,,,
2026-04-27,chasr-rs-video-9-16-conduite-leia-storytime-hook2.mp4,04/01,13/05,133,114 658,105,237,31,13 948,24,11,,,,,,,,,,,
2026-04-27,@Ornikar la base non ?🫣,12/01,13/05,129,76 735,76,218,22,10 951,16,7,,,,,,,,,,,
2026-04-27,Télécharge Ornikar et profite de 3 mois d'abonnement Deezer en prenant un abonnement code #ornikar,14/06,13/05,52,50 163,60,133,15,6 059,12,3,,,,,,,,,,,
2026-04-27,#bonplan #permis #ornikar #conduite #code,12/01,05/06,152,41 082,38,67,17,5 098,13,5,,,,,,,,,,,
2026-04-27,SHORT_THEORY_9-16_tableau_Rebranded_jsFkE7lo.mp4,04/03,21/05,79,32 535,35,53,17,3 551,11,6,,,,,,,,,,,
2026-04-27,Télécharge Ornikar et profite de 3 mois d'abonnement Deezer en prenant un abonnement code ! #deezer #ornikar,14/06,13/05,52,18 703,17,40,9,2 270,7,2,,,,,,,,,,,
2026-04-27,Image carousel 14,16/03,29/04,45,3 755,14,94,5,2,4,1,,,,,,,,,,,
2026-04-28,SHORT_THEORY_9-16_Maman_Rebranded_WJftBKdQ.mp4,13/09,11/06,100,185 839,251,582,82,26 789,56,26,,,,,,,,,,,
2026-04-28,SV_DRIVING_Micro1_9-16_Hook1_Rebranded_QxChkwre.mp4,06/06,05/06,79,114 045,170,311,89,19 347,61,28,,,,,,,,,,,
2026-04-28,SV_DRIVING_Micro2_9-16_Hook2_Rebranded_3CmWuhsx.mp4,06/06,29/05,72,85 032,115,213,40,11 584,25,18,,,,,,,,,,,
2026-04-28,Télécharge Ornikar et profite de 3 mois d'abonnement Deezer en prenant un abonnement code #ornikar,14/06,13/05,52,51 583,65,163,19,6 503,15,4,,,,,,,,,,,
2026-04-28,chasr-rs-video-9-16-conduite-leia-storytime-hook2.mp4,04/01,13/05,133,46 371,64,117,27,6 240,21,7,,,,,,,,,,,
2026-04-28,#bonplan #permis #ornikar #conduite #code,12/01,05/06,152,36 505,54,105,15,5 353,12,3,,,,,,,,,,,
2026-04-28,SHORT_THEORY_9-16_tableau_Rebranded_jsFkE7lo.mp4,04/03,21/05,79,37 299,38,61,11,3 323,8,3,,,,,,,,,,,
2026-04-28,@Ornikar la base non ?🫣,12/01,13/05,129,26 346,37,68,19,4 337,12,7,,,,,,,,,,,
2026-04-28,Télécharge Ornikar et profite de 3 mois d'abonnement Deezer en prenant un abonnement code ! #deezer #ornikar,14/06,13/05,52,24 262,26,55,18,3 047,12,6,,,,,,,,,,,
2026-04-28,Image carousel 14,16/03,29/04,45,2 823,16,61,0,0,0,0,,,,,,,,,,,
2026-04-29,SHORT_THEORY_9-16_Maman_Rebranded_WJftBKdQ.mp4,17/11,11/06,100,128 877,184,449,66,19 166,44,22,,,,,,,,,,,
2026-04-29,SV_DRIVING_Micro1_9-16_Hook1_Rebranded_QxChkwre.mp4,06/06,05/06,79,66 496,105,194,77,11 790,52,25,,,,,,,,,,,
2026-04-29,SV_DRIVING_Micro2_9-16_Hook2_Rebranded_3CmWuhsx.mp4,06/06,29/05,72,30 900,52,76,22,4 445,17,5,,,,,,,,,,,
2026-04-29,Copie de Theory_Getpov_pov-theory-10minutes-9-16_uyMdn3RF.mp4,29/04,11/06,44,47 406,52,120,16,4 964,10,6,,,,,,,,,,,
2026-04-29,SHORT_THEORY_9-16_tableau_Rebranded_jsFkE7lo.mp4,04/03,21/05,79,43 494,46,69,22,3 847,15,7,,,,,,,,,,,
2026-04-29,Télécharge Ornikar et profite de 3 mois d'abonnement Deezer en prenant un abonnement code #ornikar,06/09,13/05,52,30 059,43,96,15,4 269,13,2,,,,,,,,,,,
2026-04-29,GETPOV_ugc-reassurance-fille-9-16 (1)_s2uBdWpS.mp4,29/04,11/06,44,54 892,40,169,15,4 293,10,5,,,,,,,,,,,
2026-04-29,Copie de Theory_Getpov_pov-theory-0eur-9-16_K0jI3Jxv.mp4,29/04,10/06,43,18 624,36,55,7,1 297,5,2,,,,,,,,,,,
2026-04-29,chasr-rs-video-9-16-conduite-leia-storytime-hook2.mp4,04/01,13/05,133,19 886,33,59,12,3 142,8,4,,,,,,,,,,,
2026-04-29,@Ornikar la base non ?🫣,12/01,13/05,129,16 033,27,59,13,2 852,10,3,,,,,,,,,,,
2026-04-29,GETPOV_ugc-idee-fille-sans-encart-9-16_7OUYEXZ9.mp4,29/04,01/06,34,15 141,25,49,7,1 215,5,2,,,,,,,,,,,
2026-04-29,GETPOV_ugc-1ere-ae-fille-sans-encart-9-16 (2)_Chg2KqG8.mp4,29/04,13/05,15,14 127,24,40,5,1 138,3,2,,,,,,,,,,,
2026-04-29,#bonplan #permis #ornikar #conduite #code,12/01,05/06,152,12 040,21,40,17,1 758,13,4,,,,,,,,,,,
2026-04-29,Image carousel 14,16/03,29/04,45,2 534,11,29,8,0,6,2,,,,,,,,,,,
2026-04-29,Télécharge Ornikar et profite de 3 mois d'abonnement Deezer en prenant un abonnement code ! #deezer #ornikar,06/09,13/05,52,5 543,8,15,6,712,6,0,,,,,,,,,,,
2026-04-29,Copie de Theory_Getpov_pov-theory-1000excuses-9-16_P80DlqpT.mp4,29/04,13/05,15,7 008,8,25,4,512,3,1,,,,,,,,,,,
2026-04-29,Image carousel 1,30/01,04/05,95,1 910,2,14,0,0,0,0,,,,,,,,,,,
2026-04-30,SHORT_THEORY_9-16_Maman_Rebranded_WJftBKdQ.mp4,11/07,11/06,100,86 320,133,300,46,10 089,33,13,,,,,,,,,,,
2026-04-30,SV_DRIVING_Micro2_9-16_Hook2_Rebranded_3CmWuhsx.mp4,19/03,29/05,72,73 359,120,185,39,11 371,28,11,,,,,,,,,,,
2026-04-30,SV_DRIVING_Micro1_9-16_Hook1_Rebranded_QxChkwre.mp4,19/03,05/06,79,50 455,88,145,39,9 877,27,12,,,,,,,,,,,
2026-04-30,Copie de Theory_Getpov_pov-theory-0eur-9-16_K0jI3Jxv.mp4,29/04,10/06,43,34 377,63,90,15,2 524,10,5,,,,,,,,,,,
2026-04-30,chasr-rs-video-9-16-conduite-leia-storytime-hook2.mp4,01/01,13/05,133,33 632,58,100,9,4 624,7,2,,,,,,,,,,,
2026-04-30,GETPOV_ugc-idee-fille-sans-encart-9-16_7OUYEXZ9.mp4,29/04,01/06,34,31 982,51,66,26,2 518,18,8,,,,,,,,,,,
2026-04-30,SHORT_THEORY_9-16_tableau_Rebranded_jsFkE7lo.mp4,04/03,21/05,79,42 035,47,65,22,3 461,18,4,,,,,,,,,,,
2026-04-30,GETPOV_ugc-1ere-ae-fille-sans-encart-9-16 (2)_Chg2KqG8.mp4,29/04,13/05,15,14 978,46,46,10,1 128,7,3,,,,,,,,,,,
2026-04-30,Télécharge Ornikar et profite de 3 mois d'abonnement Deezer en prenant un abonnement code #ornikar,23/03,13/05,52,18 133,27,58,6,2 290,4,2,,,,,,,,,,,
2026-04-30,Copie de Theory_Getpov_pov-theory-10minutes-9-16_uyMdn3RF.mp4,29/04,11/06,44,22 671,25,43,9,2 552,7,2,,,,,,,,,,,
2026-04-30,Copie de Theory_Getpov_pov-theory-1000excuses-9-16_P80DlqpT.mp4,29/04,13/05,15,11 001,17,26,5,740,4,1,,,,,,,,,,,
2026-04-30,@Ornikar la base non ?🫣,05/01,13/05,129,8 937,17,27,6,1 623,5,1,,,,,,,,,,,
2026-04-30,GETPOV_ugc-reassurance-fille-9-16 (1)_s2uBdWpS.mp4,29/04,11/06,44,6 569,13,18,11,493,7,4,,,,,,,,,,,
2026-04-30,#bonplan #permis #ornikar #conduite #code,05/01,05/06,152,6 247,13,21,4,1 024,3,1,,,,,,,,,,,
2026-04-30,Image carousel 1,30/01,04/05,95,995,5,38,0,0,0,0,,,,,,,,,,,
2026-04-30,Télécharge Ornikar et profite de 3 mois d'abonnement Deezer en prenant un abonnement code ! #deezer #ornikar,23/03,13/05,52,2 441,3,8,1,260,1,0,,,,,,,,,,,
2026-05-01,SHORT_THEORY_9-16_Maman_Rebranded_WJftBKdQ.mp4,11/07,11/06,100,99 726,147,370,46,12 337,28,18,,,,,,,,,,,
2026-05-01,SV_DRIVING_Micro2_9-16_Hook2_Rebranded_3CmWuhsx.mp4,19/03,29/05,72,81 586,131,223,46,12 452,36,10,,,,,,,,,,,
2026-05-01,Copie de Theory_Getpov_pov-theory-0eur-9-16_K0jI3Jxv.mp4,29/04,10/06,43,41 474,81,126,17,2 895,13,4,,,,,,,,,,,
2026-05-01,chasr-rs-video-9-16-conduite-leia-storytime-hook2.mp4,01/01,13/05,133,40 559,72,130,23,5 808,14,9,,,,,,,,,,,
2026-05-01,SV_DRIVING_Micro1_9-16_Hook1_Rebranded_QxChkwre.mp4,19/03,05/06,79,41 528,64,96,27,8 588,19,8,,,,,,,,,,,
2026-05-01,GETPOV_ugc-1ere-ae-fille-sans-encart-9-16 (2)_Chg2KqG8.mp4,29/04,13/05,15,39 838,57,104,16,2 622,12,4,,,,,,,,,,,
2026-05-01,SHORT_THEORY_9-16_tableau_Rebranded_jsFkE7lo.mp4,04/03,21/05,79,46 030,46,60,11,4 448,8,3,,,,,,,,,,,
2026-05-01,GETPOV_ugc-idee-fille-sans-encart-9-16_7OUYEXZ9.mp4,29/04,01/06,34,22 923,32,46,7,1 680,5,2,,,,,,,,,,,
2026-05-01,Télécharge Ornikar et profite de 3 mois d'abonnement Deezer en prenant un abonnement code #ornikar,23/03,13/05,52,19 413,30,43,11,2 571,8,3,,,,,,,,,,,
2026-05-01,#bonplan #permis #ornikar #conduite #code,05/01,05/06,152,7 097,14,19,10,1 097,6,4,,,,,,,,,,,
2026-05-01,@Ornikar la base non ?🫣,05/01,13/05,129,5 833,11,26,4,1 065,4,0,,,,,,,,,,,
2026-05-01,GETPOV_ugc-reassurance-fille-9-16 (1)_s2uBdWpS.mp4,29/04,11/06,44,6 666,11,18,7,418,4,3,,,,,,,,,,,
2026-05-01,Copie de Theory_Getpov_pov-theory-10minutes-9-16_uyMdn3RF.mp4,29/04,11/06,44,9 487,10,20,5,978,3,2,,,,,,,,,,,
2026-05-01,Copie de Theory_Getpov_pov-theory-1000excuses-9-16_P80DlqpT.mp4,29/04,13/05,15,5 764,9,11,0,432,0,0,,,,,,,,,,,
2026-05-01,Image carousel 1,30/01,04/05,95,2 278,8,47,4,0,3,1,,,,,,,,,,,
2026-05-01,Télécharge Ornikar et profite de 3 mois d'abonnement Deezer en prenant un abonnement code ! #deezer #ornikar,23/03,13/05,52,2 406,3,7,0,269,0,0,,,,,,,,,,,
2026-05-02,SV_DRIVING_Micro2_9-16_Hook2_Rebranded_3CmWuhsx.mp4,19/03,29/05,72,75 775,117,210,47,11 880,33,14,,,,,,,,,,,
2026-05-02,SHORT_THEORY_9-16_Maman_Rebranded_WJftBKdQ.mp4,11/07,11/06,100,75 031,108,263,32,9 585,20,12,,,,,,,,,,,
2026-05-02,GETPOV_ugc-1ere-ae-fille-sans-encart-9-16 (2)_Chg2KqG8.mp4,29/04,13/05,15,50 677,83,138,11,3 980,9,2,,,,,,,,,,,
2026-05-02,Copie de Theory_Getpov_pov-theory-0eur-9-16_K0jI3Jxv.mp4,29/04,10/06,43,34 589,75,101,16,2 585,11,5,,,,,,,,,,,
2026-05-02,SV_DRIVING_Micro1_9-16_Hook1_Rebranded_QxChkwre.mp4,19/03,05/06,79,45 869,74,122,33,9 633,27,6,,,,,,,,,,,
2026-05-02,chasr-rs-video-9-16-conduite-leia-storytime-hook2.mp4,01/01,13/05,133,33 867,58,92,35,4 874,28,7,,,,,,,,,,,
2026-05-02,SHORT_THEORY_9-16_tableau_Rebranded_jsFkE7lo.mp4,04/03,21/05,79,29 486,30,44,6,2 881,4,2,,,,,,,,,,,
2026-05-02,Télécharge Ornikar et profite de 3 mois d'abonnement Deezer en prenant un abonnement code #ornikar,23/03,13/05,52,16 149,24,45,7,2 250,5,2,,,,,,,,,,,
2026-05-02,#bonplan #permis #ornikar #conduite #code,05/01,05/06,152,10 366,19,31,6,1 893,6,0,,,,,,,,,,,
2026-05-02,@Ornikar la base non ?🫣,05/01,13/05,129,10 434,18,28,7,1 944,4,3,,,,,,,,,,,
2026-05-02,Image carousel 1,30/01,04/05,95,1 686,13,47,3,0,3,0,,,,,,,,,,,
2026-05-02,Copie de Theory_Getpov_pov-theory-1000excuses-9-16_P80DlqpT.mp4,29/04,13/05,15,8 483,13,24,1,603,1,0,,,,,,,,,,,
2026-05-02,Copie de Theory_Getpov_pov-theory-10minutes-9-16_uyMdn3RF.mp4,29/04,11/06,44,11 806,12,21,1,1 205,1,0,,,,,,,,,,,
2026-05-02,Télécharge Ornikar et profite de 3 mois d'abonnement Deezer en prenant un abonnement code ! #deezer #ornikar,23/03,13/05,52,8 983,12,17,2,982,1,1,,,,,,,,,,,
2026-05-02,GETPOV_ugc-idee-fille-sans-encart-9-16_7OUYEXZ9.mp4,29/04,01/06,34,8 599,12,18,3,662,2,1,,,,,,,,,,,
2026-05-02,GETPOV_ugc-reassurance-fille-9-16 (1)_s2uBdWpS.mp4,29/04,11/06,44,3 831,5,8,1,225,1,0,,,,,,,,,,,
2026-05-03,SHORT_THEORY_9-16_Maman_Rebranded_WJftBKdQ.mp4,11/07,11/06,100,81 160,112,302,38,9 611,26,12,,,,,,,,,,,
2026-05-03,SV_DRIVING_Micro2_9-16_Hook2_Rebranded_3CmWuhsx.mp4,19/03,29/05,72,68 739,106,184,55,9 822,38,17,,,,,,,,,,,
2026-05-03,SV_DRIVING_Micro1_9-16_Hook1_Rebranded_QxChkwre.mp4,19/03,05/06,79,69 018,94,223,64,15 399,44,20,,,,,,,,,,,
2026-05-03,GETPOV_ugc-1ere-ae-fille-sans-encart-9-16 (2)_Chg2KqG8.mp4,29/04,13/05,15,45 035,79,123,18,3 349,17,1,,,,,,,,,,,
2026-05-03,SHORT_THEORY_9-16_tableau_Rebranded_jsFkE7lo.mp4,04/03,21/05,79,63 693,59,91,22,6 004,16,6,,,,,,,,,,,
2026-05-03,Copie de Theory_Getpov_pov-theory-0eur-9-16_K0jI3Jxv.mp4,29/04,10/06,43,26 328,55,65,4,1 824,3,1,,,,,,,,,,,
2026-05-03,chasr-rs-video-9-16-conduite-leia-storytime-hook2.mp4,01/01,13/05,133,33 677,55,105,29,4 851,18,11,,,,,,,,,,,
2026-05-03,Copie de Theory_Getpov_pov-theory-10minutes-9-16_uyMdn3RF.mp4,29/04,11/06,44,23 961,37,61,17,2 129,10,7,,,,,,,,,,,
2026-05-03,Télécharge Ornikar et profite de 3 mois d'abonnement Deezer en prenant un abonnement code #ornikar,23/03,13/05,52,23 617,32,54,17,3 327,13,4,,,,,,,,,,,
2026-05-03,@Ornikar la base non ?🫣,05/01,13/05,129,11 518,21,37,9,2 343,7,2,,,,,,,,,,,
2026-05-03,GETPOV_ugc-idee-fille-sans-encart-9-16_7OUYEXZ9.mp4,29/04,01/06,34,15 540,18,31,11,933,7,4,,,,,,,,,,,
2026-05-03,Image carousel 1,30/01,04/05,95,3 718,16,82,3,0,2,1,,,,,,,,,,,
2026-05-03,#bonplan #permis #ornikar #conduite #code,05/01,05/06,152,5 419,10,11,11,935,7,4,,,,,,,,,,,
2026-05-03,Copie de Theory_Getpov_pov-theory-1000excuses-9-16_P80DlqpT.mp4,29/04,13/05,15,5 458,8,9,3,376,2,1,,,,,,,,,,,
2026-05-03,GETPOV_ugc-reassurance-fille-9-16 (1)_s2uBdWpS.mp4,29/04,11/06,44,2 296,3,5,1,119,1,0,,,,,,,,,,,
2026-05-03,Télécharge Ornikar et profite de 3 mois d'abonnement Deezer en prenant un abonnement code ! #deezer #ornikar,23/03,13/05,52,1 589,1,3,0,178,0,0,,,,,,,,,,,
2026-05-04,SV_DRIVING_Micro1_9-16_Hook1_Rebranded_QxChkwre.mp4,19/03,05/06,79,241 712,418,680,90,64 154,64,26,,,,,,,,,,,
2026-05-04,Driving_Video_Getpov_ugc-promo-1ere-ae-fille-avec-encart-9-16_hKCvf0RO.mp4,04/05,13/05,10,261 575,411,688,77,32 961,58,19,,,,,,,,,,,
2026-05-04,SV_DRIVING_Micro2_9-16_Hook2_Rebranded_3CmWuhsx.mp4,19/03,29/05,72,232 148,387,740,104,38 235,72,32,,,,,,,,,,,
2026-05-04,chasr-rs-video-9-16-conduite-leia-storytime-hook2.mp4,01/01,13/05,133,126 638,204,353,49,20 885,39,10,,,,,,,,,,,
2026-05-04,SHORT_THEORY_9-16_Maman_Rebranded_WJftBKdQ.mp4,11/07,11/06,100,73 999,113,220,42,9 226,30,12,,,,,,,,,,,
2026-05-04,Copie de Theory_Getpov_pov-theory-0eur-9-16_K0jI3Jxv.mp4,29/04,10/06,43,39 426,79,106,21,3 072,14,7,,,,,,,,,,,
2026-05-04,@Ornikar la base non ?🫣,05/01,13/05,129,36 269,68,136,18,8 103,13,5,,,,,,,,,,,
2026-05-04,GETPOV_ugc-1ere-ae-fille-sans-encart-9-16 (2)_Chg2KqG8.mp4,29/04,13/05,15,42 079,67,114,10,3 450,8,2,,,,,,,,,,,
2026-05-04,Driving_Video_Getpov_ugc-promo-1ere-ae-garcon-avec-encart-9-16_z5JsGAkN.mp4,04/05,13/05,10,41 961,61,114,19,3 787,13,6,,,,,,,,,,,
2026-05-04,#bonplan #permis #ornikar #conduite #code,05/01,05/06,152,30 034,54,79,9,5 847,7,2,,,,,,,,,,,
2026-05-04,Télécharge Ornikar et profite de 3 mois d'abonnement Deezer en prenant un abonnement code #ornikar,23/03,13/05,52,33 166,53,87,16,5 250,11,5,,,,,,,,,,,
2026-05-04,SHORT_THEORY_9-16_tableau_Rebranded_jsFkE7lo.mp4,04/03,21/05,79,40 217,44,62,10,3 753,7,3,,,,,,,,,,,
2026-05-04,GETPOV_ugc-idee-fille-sans-encart-9-16_7OUYEXZ9.mp4,29/04,01/06,34,26 479,29,69,7,1 780,6,1,,,,,,,,,,,
2026-05-04,Copie de Theory_Getpov_pov-theory-1000excuses-9-16_P80DlqpT.mp4,29/04,13/05,15,7 890,11,17,3,534,2,1,,,,,,,,,,,
2026-05-04,Copie de Theory_Getpov_pov-theory-10minutes-9-16_uyMdn3RF.mp4,29/04,11/06,44,5 799,9,13,1,495,1,0,,,,,,,,,,,
2026-05-04,GETPOV_ugc-reassurance-fille-9-16 (1)_s2uBdWpS.mp4,29/04,11/06,44,2 996,4,3,0,170,0,0,,,,,,,,,,,
2026-05-04,Télécharge Ornikar et profite de 3 mois d'abonnement Deezer en prenant un abonnement code ! #deezer #ornikar,23/03,13/05,52,1 769,2,5,0,164,0,0,,,,,,,,,,,
2026-05-04,Image carousel 1,30/01,04/05,95,288,0,14,0,0,0,0,,,,,,,,,,,
2026-05-04,Image carousel 3,30/01,04/05,95,19,0,0,0,0,0,0,,,,,,,,,,,
2026-05-05,SHORT_THEORY_9-16_Maman_Rebranded_WJftBKdQ.mp4,11/07,11/06,100,250 414,367,821,91,31 507,55,36,,,,,,,,,,,
2026-05-05,SV_DRIVING_Micro1_9-16_Hook1_Rebranded_QxChkwre.mp4,19/03,05/06,79,182 815,353,539,78,45 800,54,24,,,,,,,,,,,
2026-05-05,Driving_Video_Getpov_ugc-promo-1ere-ae-fille-avec-encart-9-16_hKCvf0RO.mp4,04/05,13/05,10,199 185,345,514,65,24 941,47,18,,,,,,,,,,,
2026-05-05,SV_DRIVING_Micro2_9-16_Hook2_Rebranded_3CmWuhsx.mp4,19/03,29/05,72,196 723,340,596,76,34 747,54,22,,,,,,,,,,,
2026-05-05,Télécharge Ornikar et profite de 3 mois d'abonnement Deezer en prenant un abonnement code #ornikar,23/03,13/05,52,175 673,290,486,57,24 222,39,18,,,,,,,,,,,
2026-05-05,chasr-rs-video-9-16-conduite-leia-storytime-hook2.mp4,01/01,13/05,133,120 485,209,321,51,22 798,37,14,,,,,,,,,,,
2026-05-05,@Ornikar la base non ?🫣,05/01,13/05,129,81 896,160,275,35,19 123,25,10,,,,,,,,,,,
2026-05-05,Driving_Video_Getpov_ugc-promo-1ere-ae-garcon-avec-encart-9-16_z5JsGAkN.mp4,04/05,13/05,10,75 341,116,171,34,7 570,26,8,,,,,,,,,,,
2026-05-05,#bonplan #permis #ornikar #conduite #code,05/01,05/06,152,42 870,80,124,16,9 274,12,4,,,,,,,,,,,
2026-05-05,Copie de Theory_Getpov_pov-theory-0eur-9-16_K0jI3Jxv.mp4,29/04,10/06,43,26 279,58,70,18,1 880,13,5,,,,,,,,,,,
2026-05-05,GETPOV_ugc-1ere-ae-fille-sans-encart-9-16 (2)_Chg2KqG8.mp4,29/04,13/05,15,32 618,57,99,16,2 606,14,2,,,,,,,,,,,
2026-05-05,Copie de Theory_Getpov_pov-theory-10minutes-9-16_uyMdn3RF.mp4,29/04,11/06,44,22 100,37,56,8,2 091,6,2,,,,,,,,,,,
2026-05-05,GETPOV_ugc-idee-fille-sans-encart-9-16_7OUYEXZ9.mp4,29/04,01/06,34,29 512,35,86,4,1 879,3,1,,,,,,,,,,,
2026-05-05,SHORT_THEORY_9-16_tableau_Rebranded_jsFkE7lo.mp4,04/03,21/05,79,33 234,29,47,5,2 967,3,2,,,,,,,,,,,
2026-05-05,Télécharge Ornikar et profite de 3 mois d'abonnement Deezer en prenant un abonnement code ! #deezer #ornikar,23/03,13/05,52,12 554,20,28,5,1 358,4,1,,,,,,,,,,,
2026-05-05,GETPOV_ugc-reassurance-fille-9-16 (1)_s2uBdWpS.mp4,29/04,11/06,44,5 446,8,15,3,343,3,0,,,,,,,,,,,
2026-05-05,Copie de Theory_Getpov_pov-theory-1000excuses-9-16_P80DlqpT.mp4,29/04,13/05,15,2 713,5,6,0,191,0,0,,,,,,,,,,,
2026-05-06,SV_DRIVING_Micro2_9-16_Hook2_Rebranded_3CmWuhsx.mp4,19/03,29/05,72,343 298,549,1 143,82,61 487,60,22,,,,,,,,,,,
2026-05-06,Driving_Video_Getpov_ugc-promo-1ere-ae-fille-avec-encart-9-16_hKCvf0RO.mp4,04/05,13/05,10,210 908,333,543,44,24 419,31,13,,,,,,,,,,,
2026-05-06,chasr-rs-video-9-16-conduite-leia-storytime-hook2.mp4,01/01,13/05,133,202 521,330,629,52,35 596,35,17,,,,,,,,,,,
2026-05-06,SV_DRIVING_Micro1_9-16_Hook1_Rebranded_QxChkwre.mp4,19/03,05/06,79,162 385,313,620,72,39 120,51,21,,,,,,,,,,,
2026-05-06,SHORT_THEORY_9-16_Maman_Rebranded_WJftBKdQ.mp4,11/07,11/06,100,197 661,265,606,62,25 955,40,22,,,,,,,,,,,
2026-05-06,Driving_Video_Getpov_ugc-promo-1ere-ae-garcon-avec-encart-9-16_z5JsGAkN.mp4,04/05,13/05,10,144 240,219,359,45,15 140,31,14,,,,,,,,,,,
2026-05-06,Télécharge Ornikar et profite de 3 mois d'abonnement Deezer en prenant un abonnement code #ornikar,23/03,13/05,52,89 508,146,227,21,11 579,14,7,,,,,,,,,,,
2026-05-06,@Ornikar la base non ?🫣,05/01,13/05,129,42 350,81,188,19,9 843,16,3,,,,,,,,,,,
2026-05-06,#bonplan #permis #ornikar #conduite #code,05/01,05/06,152,43 351,78,136,23,8 862,16,7,,,,,,,,,,,
2026-05-06,GETPOV_ugc-1ere-ae-fille-sans-encart-9-16 (2)_Chg2KqG8.mp4,29/04,13/05,15,36 811,68,83,20,2 882,14,6,,,,,,,,,,,
2026-05-06,Copie de Theory_Getpov_pov-theory-0eur-9-16_K0jI3Jxv.mp4,29/04,10/06,43,27 610,59,63,15,2 013,9,6,,,,,,,,,,,
2026-05-06,SHORT_THEORY_9-16_tableau_Rebranded_jsFkE7lo.mp4,04/03,21/05,79,44 553,45,74,7,4 028,6,1,,,,,,,,,,,
2026-05-06,Copie de Theory_Getpov_pov-theory-10minutes-9-16_uyMdn3RF.mp4,29/04,11/06,44,23 322,35,55,13,2 077,7,6,,,,,,,,,,,
2026-05-06,GETPOV_ugc-idee-fille-sans-encart-9-16_7OUYEXZ9.mp4,29/04,01/06,34,19 007,25,63,4,1 212,3,1,,,,,,,,,,,
2026-05-06,Télécharge Ornikar et profite de 3 mois d'abonnement Deezer en prenant un abonnement code ! #deezer #ornikar,23/03,13/05,52,5 430,7,12,1,520,1,0,,,,,,,,,,,
2026-05-06,Copie de Theory_Getpov_pov-theory-1000excuses-9-16_P80DlqpT.mp4,29/04,13/05,15,4 426,7,6,2,307,1,1,,,,,,,,,,,
2026-05-06,GETPOV_ugc-reassurance-fille-9-16 (1)_s2uBdWpS.mp4,29/04,11/06,44,4 117,7,8,2,257,2,0,,,,,,,,,,,
2026-05-07,SV_DRIVING_Micro2_9-16_Hook2_Rebranded_3CmWuhsx.mp4,19/03,29/05,72,231 343,427,725,59,42 914,46,13,,,,,,,,,,,
2026-05-07,chasr-rs-video-9-16-conduite-leia-storytime-hook2.mp4,01/01,13/05,133,191 692,364,566,84,34 102,57,27,,,,,,,,,,,
2026-05-07,SV_DRIVING_Micro1_9-16_Hook1_Rebranded_QxChkwre.mp4,19/03,05/06,79,150 178,327,510,50,35 602,37,13,,,,,,,,,,,
2026-05-07,Driving_Video_Getpov_ugc-promo-1ere-ae-fille-avec-encart-9-16_hKCvf0RO.mp4,04/05,13/05,10,179 649,322,557,66,19 755,46,20,,,,,,,,,,,
2026-05-07,Driving_Video_Getpov_ugc-promo-1ere-ae-garcon-avec-encart-9-16_z5JsGAkN.mp4,04/05,13/05,10,118 099,203,301,43,13 248,28,15,,,,,,,,,,,
2026-05-07,#bonplan #permis #ornikar #conduite #code,05/01,05/06,152,68 760,136,199,44,15 336,30,14,,,,,,,,,,,
2026-05-07,SHORT_THEORY_9-16_Maman_Rebranded_WJftBKdQ.mp4,11/07,11/06,100,92 023,126,292,32,11 205,22,10,,,,,,,,,,,
2026-05-07,@Ornikar la base non ?🫣,05/01,13/05,129,57 739,109,210,17,12 663,12,5,,,,,,,,,,,
2026-05-07,Copie de Theory_Getpov_pov-theory-0eur-9-16_K0jI3Jxv.mp4,29/04,10/06,43,34 852,75,100,14,2 753,12,2,,,,,,,,,,,
2026-05-07,Télécharge Ornikar et profite de 3 mois d'abonnement Deezer en prenant un abonnement code #ornikar,23/03,13/05,52,50 508,66,139,10,6 945,8,2,,,,,,,,,,,
2026-05-07,GETPOV_ugc-1ere-ae-fille-sans-encart-9-16 (2)_Chg2KqG8.mp4,29/04,13/05,15,32 974,63,82,11,2 536,9,2,,,,,,,,,,,
2026-05-07,SHORT_THEORY_9-16_tableau_Rebranded_jsFkE7lo.mp4,04/03,21/05,79,39 880,39,64,4,3 603,3,1,,,,,,,,,,,
2026-05-07,GETPOV_ugc-idee-fille-sans-encart-9-16_7OUYEXZ9.mp4,29/04,01/06,34,18 088,27,47,5,1 302,3,2,,,,,,,,,,,
2026-05-07,Driving_Video_Getpov_ugc-promo-idee-fille-avec-encart-9-16_JaVc2tTf.mp4,07/05,13/05,7,7 822,15,17,3,765,3,0,,,,,,,,,,,
2026-05-07,Copie de Theory_Getpov_pov-theory-10minutes-9-16_uyMdn3RF.mp4,29/04,11/06,44,10 061,14,27,4,1 046,3,1,,,,,,,,,,,
2026-05-07,Copie de Theory_Getpov_pov-theory-1000excuses-9-16_P80DlqpT.mp4,29/04,13/05,15,7 401,11,20,1,542,1,0,,,,,,,,,,,
2026-05-07,GETPOV_ugc-reassurance-fille-9-16 (1)_s2uBdWpS.mp4,29/04,11/06,44,6 730,10,22,2,471,1,1,,,,,,,,,,,
2026-05-07,Télécharge Ornikar et profite de 3 mois d'abonnement Deezer en prenant un abonnement code ! #deezer #ornikar,23/03,13/05,52,3 356,5,11,1,352,1,0,,,,,,,,,,,
2026-05-08,Driving_Video_Getpov_ugc-promo-1ere-ae-fille-avec-encart-9-16_hKCvf0RO.mp4,04/05,13/05,10,169 100,284,453,46,20 332,33,13,,,,,,,,,,,
2026-05-08,SV_DRIVING_Micro2_9-16_Hook2_Rebranded_3CmWuhsx.mp4,19/03,29/05,72,155 985,251,466,72,32 363,51,21,,,,,,,,,,,
2026-05-08,chasr-rs-video-9-16-conduite-leia-storytime-hook2.mp4,01/01,13/05,133,140 282,244,383,49,24 578,33,16,,,,,,,,,,,
2026-05-08,SHORT_THEORY_9-16_Maman_Rebranded_WJftBKdQ.mp4,11/07,11/06,100,123 300,179,385,37,15 290,24,13,,,,,,,,,,,
2026-05-08,Driving_Video_Getpov_ugc-promo-1ere-ae-garcon-avec-encart-9-16_z5JsGAkN.mp4,04/05,13/05,10,112 008,176,280,33,12 188,25,8,,,,,,,,,,,
2026-05-08,SV_DRIVING_Micro1_9-16_Hook1_Rebranded_QxChkwre.mp4,19/03,05/06,79,81 823,167,266,27,17 749,16,11,,,,,,,,,,,
2026-05-08,#bonplan #permis #ornikar #conduite #code,05/01,05/06,152,47 418,96,117,21,10 536,16,5,,,,,,,,,,,
2026-05-08,@Ornikar la base non ?🫣,05/01,13/05,129,53 039,95,204,12,11 008,9,3,,,,,,,,,,,
2026-05-08,Télécharge Ornikar et profite de 3 mois d'abonnement Deezer en prenant un abonnement code #ornikar,23/03,13/05,52,61 762,91,169,9,7 936,8,1,,,,,,,,,,,
2026-05-08,GETPOV_ugc-1ere-ae-fille-sans-encart-9-16 (2)_Chg2KqG8.mp4,29/04,13/05,15,30 721,53,64,9,2 190,6,3,,,,,,,,,,,
2026-05-08,GETPOV_ugc-reassurance-fille-9-16 (1)_s2uBdWpS.mp4,27/08,11/06,44,32 310,35,71,6,1 867,6,0,,,,,,,,,,,
2026-05-08,SHORT_THEORY_9-16_tableau_Rebranded_jsFkE7lo.mp4,04/03,21/05,79,28 411,34,58,6,2 635,4,2,,,,,,,,,,,
2026-05-08,Copie de Theory_Getpov_pov-theory-10minutes-9-16_uyMdn3RF.mp4,27/08,11/06,44,21 276,34,61,10,1 673,6,4,,,,,,,,,,,
2026-05-08,Copie de Theory_Getpov_pov-theory-1000excuses-9-16_P80DlqpT.mp4,27/08,13/05,15,19 200,34,38,6,1 262,4,2,,,,,,,,,,,
2026-05-08,Copie de Theory_Getpov_pov-theory-0eur-9-16_K0jI3Jxv.mp4,29/04,10/06,43,12 931,32,27,6,982,4,2,,,,,,,,,,,
2026-05-08,Driving_Video_Getpov_ugc-promo-idee-fille-avec-encart-9-16_JaVc2tTf.mp4,07/05,13/05,7,9 721,18,25,3,941,2,1,,,,,,,,,,,
2026-05-08,GETPOV_ugc-idee-fille-sans-encart-9-16_7OUYEXZ9.mp4,29/04,01/06,34,7 983,12,21,0,542,0,0,,,,,,,,,,,
2026-05-08,Télécharge Ornikar et profite de 3 mois d'abonnement Deezer en prenant un abonnement code ! #deezer #ornikar,23/03,13/05,52,3 031,5,5,2,277,2,0,,,,,,,,,,,
2026-05-09,SHORT_THEORY_9-16_Maman_Rebranded_WJftBKdQ.mp4,11/07,11/06,100,166 657,263,562,61,21 302,40,21,,,,,,,,,,,
2026-05-09,SV_DRIVING_Micro2_9-16_Hook2_Rebranded_3CmWuhsx.mp4,19/03,29/05,72,151 923,250,458,73,26 883,50,23,,,,,,,,,,,
2026-05-09,Driving_Video_Getpov_ugc-promo-1ere-ae-fille-avec-encart-9-16_hKCvf0RO.mp4,04/05,13/05,10,150 031,239,390,25,16 264,19,6,,,,,,,,,,,
2026-05-09,chasr-rs-video-9-16-conduite-leia-storytime-hook2.mp4,01/01,13/05,133,142 620,237,384,39,24 597,29,10,,,,,,,,,,,
2026-05-09,SV_DRIVING_Micro1_9-16_Hook1_Rebranded_QxChkwre.mp4,19/03,05/06,79,96 736,196,326,15,20 844,12,3,,,,,,,,,,,
2026-05-09,Driving_Video_Getpov_ugc-promo-1ere-ae-garcon-avec-encart-9-16_z5JsGAkN.mp4,04/05,13/05,10,117 300,176,291,46,12 009,33,13,,,,,,,,,,,
2026-05-09,Télécharge Ornikar et profite de 3 mois d'abonnement Deezer en prenant un abonnement code #ornikar,23/03,13/05,52,80 402,140,237,31,9 191,21,10,,,,,,,,,,,
2026-05-09,@Ornikar la base non ?🫣,05/01,13/05,129,79 237,132,304,23,15 102,18,5,,,,,,,,,,,
2026-05-09,#bonplan #permis #ornikar #conduite #code,05/01,05/06,152,40 099,75,110,11,8 184,7,4,,,,,,,,,,,
2026-05-09,SHORT_THEORY_9-16_tableau_Rebranded_jsFkE7lo.mp4,04/03,21/05,79,46 850,50,76,9,5 303,7,2,,,,,,,,,,,
2026-05-09,GETPOV_ugc-1ere-ae-fille-sans-encart-9-16 (2)_Chg2KqG8.mp4,29/04,13/05,15,28 573,46,55,8,1 931,6,2,,,,,,,,,,,
2026-05-09,Copie de Theory_Getpov_pov-theory-1000excuses-9-16_P80DlqpT.mp4,29/04,13/05,15,18 511,33,35,9,1 241,6,3,,,,,,,,,,,
2026-05-09,Copie de Theory_Getpov_pov-theory-0eur-9-16_K0jI3Jxv.mp4,29/04,10/06,43,16 736,33,48,11,1 310,8,3,,,,,,,,,,,
2026-05-09,Copie de Theory_Getpov_pov-theory-10minutes-9-16_uyMdn3RF.mp4,29/04,11/06,44,22 045,33,64,15,1 815,12,3,,,,,,,,,,,
2026-05-09,GETPOV_ugc-reassurance-fille-9-16 (1)_s2uBdWpS.mp4,29/04,11/06,44,20 092,33,46,4,1 296,3,1,,,,,,,,,,,
2026-05-09,Driving_Video_Getpov_ugc-promo-idee-fille-avec-encart-9-16_JaVc2tTf.mp4,07/05,13/05,7,13 598,22,35,3,1 396,2,1,,,,,,,,,,,
2026-05-09,GETPOV_ugc-idee-fille-sans-encart-9-16_7OUYEXZ9.mp4,29/04,01/06,34,14 819,21,49,6,985,5,1,,,,,,,,,,,
2026-05-09,Télécharge Ornikar et profite de 3 mois d'abonnement Deezer en prenant un abonnement code ! #deezer #ornikar,23/03,13/05,52,5 305,9,14,0,429,0,0,,,,,,,,,,,
2026-05-10,SHORT_THEORY_9-16_Maman_Rebranded_WJftBKdQ.mp4,11/07,11/06,100,344 590,485,1 103,112,41 820,73,39,,,,,,,,,,,
2026-05-10,Télécharge Ornikar et profite de 3 mois d'abonnement Deezer en prenant un abonnement code #ornikar,23/03,13/05,52,185 432,286,482,61,19 998,43,18,,,,,,,,,,,
2026-05-10,chasr-rs-video-9-16-conduite-leia-storytime-hook2.mp4,01/01,13/05,133,136 670,258,391,57,21 122,44,13,,,,,,,,,,,
2026-05-10,Driving_Video_Getpov_ugc-promo-1ere-ae-fille-avec-encart-9-16_hKCvf0RO.mp4,04/05,13/05,10,156 043,243,398,42,15 910,31,11,,,,,,,,,,,
2026-05-10,Driving_Video_Getpov_ugc-promo-1ere-ae-garcon-avec-encart-9-16_z5JsGAkN.mp4,04/05,13/05,10,142 866,233,369,53,13 456,39,14,,,,,,,,,,,
2026-05-10,SV_DRIVING_Micro2_9-16_Hook2_Rebranded_3CmWuhsx.mp4,19/03,29/05,72,128 049,225,389,56,19 673,41,15,,,,,,,,,,,
2026-05-10,SV_DRIVING_Micro1_9-16_Hook1_Rebranded_QxChkwre.mp4,19/03,05/06,79,84 387,161,318,36,18 764,24,12,,,,,,,,,,,
2026-05-10,@Ornikar la base non ?🫣,05/01,13/05,129,81 093,123,297,27,16 526,20,7,,,,,,,,,,,
2026-05-10,#bonplan #permis #ornikar #conduite #code,05/01,05/06,152,38 939,66,99,19,7 966,13,6,,,,,,,,,,,
2026-05-10,GETPOV_ugc-1ere-ae-fille-sans-encart-9-16 (2)_Chg2KqG8.mp4,29/04,13/05,15,35 413,51,82,4,2 325,3,1,,,,,,,,,,,
2026-05-10,SHORT_THEORY_9-16_tableau_Rebranded_jsFkE7lo.mp4,04/03,21/05,79,47 444,45,70,10,4 818,8,2,,,,,,,,,,,
2026-05-10,GETPOV_ugc-reassurance-fille-9-16 (1)_s2uBdWpS.mp4,29/04,11/06,44,19 566,33,46,3,1 165,3,0,,,,,,,,,,,
2026-05-10,Copie de Theory_Getpov_pov-theory-1000excuses-9-16_P80DlqpT.mp4,29/04,13/05,15,25 516,33,47,7,1 559,5,2,,,,,,,,,,,
2026-05-10,Copie de Theory_Getpov_pov-theory-10minutes-9-16_uyMdn3RF.mp4,29/04,11/06,44,24 664,33,74,5,1 999,4,1,,,,,,,,,,,
2026-05-10,Copie de Theory_Getpov_pov-theory-0eur-9-16_K0jI3Jxv.mp4,29/04,10/06,43,23 374,33,60,8,1 546,5,3,,,,,,,,,,,
2026-05-10,Driving_Video_Getpov_ugc-promo-idee-fille-avec-encart-9-16_JaVc2tTf.mp4,07/05,13/05,7,14 308,23,39,6,1 279,5,1,,,,,,,,,,,
2026-05-10,GETPOV_ugc-idee-fille-sans-encart-9-16_7OUYEXZ9.mp4,29/04,01/06,34,11 928,16,29,6,769,4,2,,,,,,,,,,,
2026-05-10,Télécharge Ornikar et profite de 3 mois d'abonnement Deezer en prenant un abonnement code ! #deezer #ornikar,23/03,13/05,52,8 358,13,18,0,667,0,0,,,,,,,,,,,
2026-05-11,Driving_Video_Getpov_ugc-promo-1ere-ae-garcon-avec-encart-9-16_z5JsGAkN.mp4,04/05,13/05,10,147 306,244,367,50,15 345,38,12,,,,,,,,,,,
2026-05-11,SHORT_THEORY_9-16_Maman_Rebranded_WJftBKdQ.mp4,11/07,11/06,100,160 813,220,542,48,20 191,34,14,,,,,,,,,,,
2026-05-11,SV_DRIVING_Micro2_9-16_Hook2_Rebranded_3CmWuhsx.mp4,19/03,29/05,72,123 758,206,361,39,20 810,29,10,,,,,,,,,,,
2026-05-11,chasr-rs-video-9-16-conduite-leia-storytime-hook2.mp4,01/01,13/05,133,108 048,197,294,45,17 906,31,14,,,,,,,,,,,
2026-05-11,Driving_Video_Getpov_ugc-promo-1ere-ae-fille-avec-encart-9-16_hKCvf0RO.mp4,04/05,13/05,10,122 068,188,317,42,13 437,27,15,,,,,,,,,,,
2026-05-11,SV_DRIVING_Micro1_9-16_Hook1_Rebranded_QxChkwre.mp4,19/03,05/06,79,91 240,183,330,40,21 571,27,13,,,,,,,,,,,
2026-05-11,Télécharge Ornikar et profite de 3 mois d'abonnement Deezer en prenant un abonnement code #ornikar,23/03,13/05,52,89 800,123,236,35,10 885,26,9,,,,,,,,,,,
2026-05-11,@Ornikar la base non ?🫣,05/01,13/05,129,53 608,96,222,31,11 762,21,10,,,,,,,,,,,
2026-05-11,#bonplan #permis #ornikar #conduite #code,05/01,05/06,152,52 857,94,150,27,11 280,20,7,,,,,,,,,,,
2026-05-11,Image carousel 5,30/01,13/05,104,56 186,57,154,9,0,6,3,,,,,,,,,,,
2026-05-11,GETPOV_ugc-1ere-ae-fille-sans-encart-9-16 (2)_Chg2KqG8.mp4,29/04,13/05,15,35 401,56,76,14,2 422,12,2,,,,,,,,,,,
2026-05-11,SHORT_THEORY_9-16_tableau_Rebranded_jsFkE7lo.mp4,07/05,21/05,79,38 879,39,65,7,4 133,5,2,,,,,,,,,,,
2026-05-11,Image carousel 4,30/01,13/05,104,38 784,36,83,10,0,7,3,,,,,,,,,,,
2026-05-11,GETPOV_ugc-reassurance-fille-9-16 (1)_s2uBdWpS.mp4,29/04,11/06,44,21 461,33,69,0,1 277,0,0,,,,,,,,,,,
2026-05-11,Copie de Theory_Getpov_pov-theory-1000excuses-9-16_P80DlqpT.mp4,29/04,13/05,15,20 765,33,34,12,1 502,9,3,,,,,,,,,,,
2026-05-11,Copie de Theory_Getpov_pov-theory-10minutes-9-16_uyMdn3RF.mp4,29/04,11/06,44,21 408,33,71,11,1 876,9,2,,,,,,,,,,,
2026-05-11,Copie de Theory_Getpov_pov-theory-0eur-9-16_K0jI3Jxv.mp4,29/04,10/06,43,17 597,33,35,7,1 336,5,2,,,,,,,,,,,
2026-05-11,Driving_Video_Getpov_ugc-promo-idee-fille-avec-encart-9-16_JaVc2tTf.mp4,07/05,13/05,7,18 315,29,60,4,2 180,4,0,,,,,,,,,,,
2026-05-11,GETPOV_ugc-idee-fille-sans-encart-9-16_7OUYEXZ9.mp4,29/04,01/06,34,7 758,11,17,1,610,1,0,,,,,,,,,,,
2026-05-11,Télécharge Ornikar et profite de 3 mois d'abonnement Deezer en prenant un abonnement code ! #deezer #ornikar,23/03,13/05,52,6 262,9,26,2,581,1,1,,,,,,,,,,,
2026-05-12,Driving_Video_Getpov_ugc-promo-1ere-ae-fille-avec-encart-9-16_hKCvf0RO.mp4,04/05,13/05,10,152 300,246,390,74,15 529,51,23,,,,,,,,,,,
2026-05-12,SV_DRIVING_Micro2_9-16_Hook2_Rebranded_3CmWuhsx.mp4,19/03,29/05,72,134 020,234,423,53,23 224,41,12,,,,,,,,,,,
2026-05-12,chasr-rs-video-9-16-conduite-leia-storytime-hook2.mp4,01/01,13/05,133,100 577,186,338,39,17 800,28,11,,,,,,,,,,,
2026-05-12,SV_DRIVING_Micro1_9-16_Hook1_Rebranded_QxChkwre.mp4,19/03,05/06,79,82 711,174,301,39,20 578,30,9,,,,,,,,,,,
2026-05-12,Driving_Video_Getpov_ugc-promo-1ere-ae-garcon-avec-encart-9-16_z5JsGAkN.mp4,04/05,13/05,10,92 221,151,244,39,9 487,29,10,,,,,,,,,,,
2026-05-12,@Ornikar la base non ?🫣,05/01,13/05,129,53 566,98,194,17,12 065,13,4,,,,,,,,,,,
2026-05-12,Image carousel 5,30/01,13/05,104,70 036,80,273,11,1,8,3,,,,,,,,,,,
2026-05-12,#bonplan #permis #ornikar #conduite #code,05/01,05/06,152,41 684,80,116,26,9 538,21,5,,,,,,,,,,,
2026-05-12,SHORT_THEORY_9-16_Maman_Rebranded_WJftBKdQ.mp4,11/07,11/06,100,45 323,70,174,20,5 603,15,5,,,,,,,,,,,
2026-05-12,Télécharge Ornikar et profite de 3 mois d'abonnement Deezer en prenant un abonnement code #ornikar,23/03,13/05,52,49 899,60,105,9,6 239,8,1,,,,,,,,,,,
2026-05-12,GETPOV_ugc-1ere-ae-fille-sans-encart-9-16 (2)_Chg2KqG8.mp4,29/04,13/05,15,34 322,58,74,26,2 429,18,8,,,,,,,,,,,
2026-05-12,Driving_Video_Getpov_ugc-promo-idee-fille-avec-encart-9-16_JaVc2tTf.mp4,07/05,13/05,7,29 053,48,75,24,3 430,15,9,,,,,,,,,,,
2026-05-12,Image carousel 4,30/01,13/05,104,37 020,37,111,12,0,8,4,,,,,,,,,,,
2026-05-12,GETPOV_ugc-reassurance-fille-9-16 (1)_s2uBdWpS.mp4,29/04,11/06,44,20 777,33,37,2,1 187,1,1,,,,,,,,,,,
2026-05-12,Copie de Theory_Getpov_pov-theory-0eur-9-16_K0jI3Jxv.mp4,29/04,10/06,43,13 041,33,26,7,838,4,3,,,,,,,,,,,
2026-05-12,Copie de Theory_Getpov_pov-theory-10minutes-9-16_uyMdn3RF.mp4,29/04,11/06,44,16 119,33,40,6,1 390,3,3,,,,,,,,,,,
2026-05-12,Copie de Theory_Getpov_pov-theory-1000excuses-9-16_P80DlqpT.mp4,29/04,13/05,15,19 027,33,42,7,1 344,5,2,,,,,,,,,,,
2026-05-12,SHORT_THEORY_9-16_tableau_Rebranded_jsFkE7lo.mp4,07/05,21/05,79,16 468,16,22,1,1 998,1,0,,,,,,,,,,,
2026-05-12,GETPOV_ugc-idee-fille-sans-encart-9-16_7OUYEXZ9.mp4,29/04,01/06,34,5 825,9,13,2,414,1,1,,,,,,,,,,,
2026-05-12,Télécharge Ornikar et profite de 3 mois d'abonnement Deezer en prenant un abonnement code ! #deezer #ornikar,23/03,13/05,52,4 301,5,12,2,396,1,1,,,,,,,,,,,
2026-05-13,SV_DRIVING_Micro2_9-16_Hook2_Rebranded_3CmWuhsx.mp4,19/03,29/05,72,143 254,252,490,53,24 720,40,13,,,,,,,,,,,
2026-05-13,Copie de Theory_Getpov_pov-theory-0eur-9-16_K0jI3Jxv.mp4,27/08,10/06,43,134 000,228,361,48,12 491,33,15,,,,,,,,,,,
2026-05-13,SHORT_THEORY_9-16_Maman_Rebranded_WJftBKdQ.mp4,11/07,11/06,100,125 786,224,456,51,16 897,31,20,,,,,,,,,,,
2026-05-13,SV_DRIVING_Micro1_9-16_Hook1_Rebranded_QxChkwre.mp4,19/03,05/06,79,104 554,206,344,45,22 793,31,14,,,,,,,,,,,
2026-05-13,Driving_Video_Getpov_ugc-promo-1ere-ae-fille-avec-encart-9-16_hKCvf0RO.mp4,04/05,13/05,10,86 481,133,247,12,10 049,9,3,,,,,,,,,,,
2026-05-13,#bonplan #permis #ornikar #conduite #code,05/01,05/06,152,63 689,120,218,21,13 151,14,7,,,,,,,,,,,
2026-05-13,GETPOV_ugc-reassurance-fille-9-16 (1)_s2uBdWpS.mp4,27/08,11/06,44,72 565,112,187,19,7 944,14,5,,,,,,,,,,,
2026-05-13,GETPOV_ugc-idee-fille-sans-encart-9-16_7OUYEXZ9.mp4,27/08,01/06,34,66 085,89,198,23,7 874,16,7,,,,,,,,,,,
2026-05-13,Driving_Video_Getpov_ugc-promo-1ere-ae-garcon-avec-encart-9-16_z5JsGAkN.mp4,04/05,13/05,10,52 783,76,149,19,7 078,13,6,,,,,,,,,,,
2026-05-13,Copie de Theory_Getpov_pov-theory-10minutes-9-16_uyMdn3RF.mp4,27/08,11/06,44,40 601,51,101,12,6 022,10,2,,,,,,,,,,,
2026-05-13,Driving_Getpov_GETPOV_ugc-reassurance-garcon-9-16 (1)_zL5xNOcr.mp4,13/05,21/05,9,31 341,51,62,9,2 564,8,1,,,,,,,,,,,
2026-05-13,Image carousel 5,30/01,13/05,104,33 579,42,151,5,0,3,2,,,,,,,,,,,
2026-05-13,Image carousel 4,30/01,13/05,104,27 136,35,92,9,0,7,2,,,,,,,,,,,
2026-05-13,chasr-rs-video-9-16-conduite-leia-storytime-hook2.mp4,01/01,13/05,133,17 622,32,60,4,3 216,4,0,,,,,,,,,,,
2026-05-13,Driving_Video_Getpov_ugc-promo-idee-fille-avec-encart-9-16_JaVc2tTf.mp4,07/05,13/05,7,19 670,30,49,23,2 503,13,10,,,,,,,,,,,
2026-05-13,Copie de Theory_Getpov_pov-theory-pas-question-de-chance-916_WIv5Z1zM.mp4,13/05,28/05,16,14 639,25,32,8,1 289,5,3,,,,,,,,,,,
2026-05-13,Copie de Theory_Getpov_pov-theory-papa-9-16_9IBlZF4W.mp4,13/05,28/05,16,12 810,25,26,2,1 357,2,0,,,,,,,,,,,
2026-05-13,Copie de Theory_Getpov_pov-theory-methodev1-9-16_1uwtVUOs.mp4,13/05,28/05,16,14 643,25,29,1,883,1,0,,,,,,,,,,,
2026-05-13,SHORT_THEORY_9-16_tableau_Rebranded_jsFkE7lo.mp4,07/05,21/05,79,19 177,16,34,4,2 164,3,1,,,,,,,,,,,
2026-05-13,Télécharge Ornikar et profite de 3 mois d'abonnement Deezer en prenant un abonnement code #ornikar,23/03,13/05,52,10 936,16,27,2,1 617,2,0,,,,,,,,,,,
2026-05-13,GETPOV_ugc-1ere-ae-fille-sans-encart-9-16 (2)_Chg2KqG8.mp4,29/04,13/05,15,9 326,15,22,2,713,2,0,,,,,,,,,,,
2026-05-13,@Ornikar la base non ?🫣,05/01,13/05,129,6 896,13,21,4,1 573,3,1,,,,,,,,,,,
2026-05-13,Copie de Theory_Getpov_pov-theory-1000excuses-9-16_P80DlqpT.mp4,29/04,13/05,15,5 120,8,15,3,386,2,1,,,,,,,,,,,
2026-05-13,Télécharge Ornikar et profite de 3 mois d'abonnement Deezer en prenant un abonnement code ! #deezer #ornikar,23/03,13/05,52,805,1,2,0,101,0,0,,,,,,,,,,,
2026-05-14,SV_DRIVING_Micro1_9-16_Hook1_Rebranded_QxChkwre.mp4,19/03,05/06,79,209 437,437,678,72,42 776,56,16,,,,,,,,,,,
2026-05-14,SHORT_THEORY_9-16_Maman_Rebranded_WJftBKdQ.mp4,11/07,11/06,100,224 295,435,701,92,33 809,59,33,,,,,,,,,,,
2026-05-14,Copie de Theory_Getpov_pov-theory-0eur-9-16_K0jI3Jxv.mp4,29/04,10/06,43,153 109,301,374,52,16 011,43,9,,,,,,,,,,,
2026-05-14,SV_DRIVING_Micro2_9-16_Hook2_Rebranded_3CmWuhsx.mp4,19/03,29/05,72,147 484,296,497,40,27 001,27,13,,,,,,,,,,,
2026-05-14,#bonplan #permis #ornikar #conduite #code,05/01,05/06,152,114 411,229,346,45,27 486,30,15,,,,,,,,,,,
2026-05-14,GETPOV_ugc-idee-fille-sans-encart-9-16_7OUYEXZ9.mp4,29/04,01/06,34,76 463,121,208,26,10 753,18,8,,,,,,,,,,,
2026-05-14,Driving_Getpov_GETPOV_ugc-reassurance-garcon-9-16 (1)_zL5xNOcr.mp4,13/05,21/05,9,35 884,67,79,11,3 110,9,2,,,,,,,,,,,
2026-05-14,SHORT_THEORY_9-16_tableau_Rebranded_jsFkE7lo.mp4,07/05,21/05,79,50 185,56,59,11,6 735,10,1,,,,,,,,,,,
2026-05-14,Copie de Theory_Getpov_pov-theory-10minutes-9-16_uyMdn3RF.mp4,29/04,11/06,44,40 105,53,108,12,6 201,7,5,,,,,,,,,,,
2026-05-14,GETPOV_ugc-reassurance-fille-9-16 (1)_s2uBdWpS.mp4,29/04,11/06,44,38 225,48,91,14,5 621,10,4,,,,,,,,,,,
2026-05-14,Copie de Theory_Getpov_pov-theory-methodev1-9-16_1uwtVUOs.mp4,13/05,28/05,16,19 290,33,49,7,1 145,6,1,,,,,,,,,,,
2026-05-14,Copie de Theory_Getpov_pov-theory-papa-9-16_9IBlZF4W.mp4,13/05,28/05,16,15 899,33,37,6,2 129,4,2,,,,,,,,,,,
2026-05-14,Copie de Theory_Getpov_pov-theory-pas-question-de-chance-916_WIv5Z1zM.mp4,13/05,28/05,16,15 220,33,38,1,1 464,1,0,,,,,,,,,,,
2026-05-15,SHORT_THEORY_9-16_Maman_Rebranded_WJftBKdQ.mp4,11/07,11/06,100,157 426,343,561,74,23 577,49,25,,,,,,,,,,,
2026-05-15,SV_DRIVING_Micro1_9-16_Hook1_Rebranded_QxChkwre.mp4,19/03,05/06,79,157 559,322,521,55,30 068,39,16,,,,,,,,,,,
2026-05-15,SV_DRIVING_Micro2_9-16_Hook2_Rebranded_3CmWuhsx.mp4,19/03,29/05,72,164 689,316,516,53,28 003,40,13,,,,,,,,,,,
2026-05-15,#bonplan #permis #ornikar #conduite #code,05/01,05/06,152,125 390,241,349,43,30 536,31,12,,,,,,,,,,,
2026-05-15,GETPOV_ugc-idee-fille-sans-encart-9-16_7OUYEXZ9.mp4,29/04,01/06,34,108 274,190,267,43,13 128,30,13,,,,,,,,,,,
2026-05-15,Copie de Theory_Getpov_pov-theory-0eur-9-16_K0jI3Jxv.mp4,29/04,10/06,43,89 475,180,243,38,8 943,27,11,,,,,,,,,,,
2026-05-15,Driving_Getpov_GETPOV_ugc-reassurance-garcon-9-16 (1)_zL5xNOcr.mp4,13/05,21/05,9,30 864,67,70,12,2 688,8,4,,,,,,,,,,,
2026-05-15,GETPOV_ugc-reassurance-fille-9-16 (1)_s2uBdWpS.mp4,29/04,11/06,44,39 839,61,92,8,4 083,7,1,,,,,,,,,,,
2026-05-15,Copie de Theory_Getpov_pov-theory-methodev1-9-16_1uwtVUOs.mp4,13/05,28/05,16,18 068,33,37,6,1 124,5,1,,,,,,,,,,,
2026-05-15,Copie de Theory_Getpov_pov-theory-pas-question-de-chance-916_WIv5Z1zM.mp4,13/05,28/05,16,11 609,33,26,3,1 217,2,1,,,,,,,,,,,
2026-05-15,Copie de Theory_Getpov_pov-theory-papa-9-16_9IBlZF4W.mp4,13/05,28/05,16,12 221,33,37,0,1 830,0,0,,,,,,,,,,,
2026-05-15,SHORT_THEORY_9-16_tableau_Rebranded_jsFkE7lo.mp4,07/05,21/05,79,23 436,31,21,4,2 767,3,1,,,,,,,,,,,
2026-05-15,Copie de Theory_Getpov_pov-theory-10minutes-9-16_uyMdn3RF.mp4,29/04,11/06,44,13 499,23,38,4,2 017,3,1,,,,,,,,,,,
2026-05-16,SV_DRIVING_Micro2_9-16_Hook2_Rebranded_3CmWuhsx.mp4,19/03,29/05,72,189 025,379,644,58,32 713,40,18,,,,,,,,,,,
2026-05-16,SV_DRIVING_Micro1_9-16_Hook1_Rebranded_QxChkwre.mp4,19/03,05/06,79,144 295,286,481,59,25 674,43,16,,,,,,,,,,,
2026-05-16,#bonplan #permis #ornikar #conduite #code,05/01,05/06,152,124 920,223,363,40,26 455,28,12,,,,,,,,,,,
2026-05-16,GETPOV_ugc-idee-fille-sans-encart-9-16_7OUYEXZ9.mp4,29/04,01/06,34,97 943,183,294,32,12 510,22,10,,,,,,,,,,,
2026-05-16,SHORT_THEORY_9-16_Maman_Rebranded_WJftBKdQ.mp4,11/07,11/06,100,53 691,124,163,21,7 811,15,6,,,,,,,,,,,
2026-05-16,Copie de Theory_Getpov_pov-theory-0eur-9-16_K0jI3Jxv.mp4,29/04,10/06,43,51 490,80,119,19,4 559,14,5,,,,,,,,,,,
2026-05-16,Driving_Getpov_GETPOV_ugc-reassurance-garcon-9-16 (1)_zL5xNOcr.mp4,13/05,21/05,9,31 513,67,82,4,2 795,4,0,,,,,,,,,,,
2026-05-16,GETPOV_ugc-reassurance-fille-9-16 (1)_s2uBdWpS.mp4,29/04,11/06,44,33 673,56,82,10,2 816,6,4,,,,,,,,,,,
2026-05-16,SHORT_THEORY_9-16_tableau_Rebranded_jsFkE7lo.mp4,07/05,21/05,79,27 476,35,37,5,3 411,5,0,,,,,,,,,,,
2026-05-16,Copie de Theory_Getpov_pov-theory-papa-9-16_9IBlZF4W.mp4,13/05,28/05,16,13 947,33,28,8,1 968,7,1,,,,,,,,,,,
2026-05-16,Copie de Theory_Getpov_pov-theory-pas-question-de-chance-916_WIv5Z1zM.mp4,13/05,28/05,16,11 567,33,36,6,1 157,5,1,,,,,,,,,,,
2026-05-16,Copie de Theory_Getpov_pov-theory-methodev1-9-16_1uwtVUOs.mp4,13/05,28/05,16,18 805,33,40,7,1 148,5,2,,,,,,,,,,,
2026-05-16,Copie de Theory_Getpov_pov-theory-10minutes-9-16_uyMdn3RF.mp4,29/04,11/06,44,4 164,7,12,7,506,4,3,,,,,,,,,,,
2026-05-17,SHORT_THEORY_9-16_Maman_Rebranded_WJftBKdQ.mp4,11/07,11/06,100,253 659,489,875,123,38 019,78,45,,,,,,,,,,,
2026-05-17,SV_DRIVING_Micro2_9-16_Hook2_Rebranded_3CmWuhsx.mp4,19/03,29/05,72,250 634,476,833,89,43 481,58,31,,,,,,,,,,,
2026-05-17,SV_DRIVING_Micro1_9-16_Hook1_Rebranded_QxChkwre.mp4,19/03,05/06,79,210 331,359,793,78,33 623,53,25,,,,,,,,,,,
2026-05-17,Copie de Theory_Getpov_pov-theory-0eur-9-16_K0jI3Jxv.mp4,29/04,10/06,43,151 068,252,356,37,12 313,28,9,,,,,,,,,,,
2026-05-17,#bonplan #permis #ornikar #conduite #code,05/01,05/06,152,80 948,148,247,35,16 577,25,10,,,,,,,,,,,
2026-05-17,GETPOV_ugc-idee-fille-sans-encart-9-16_7OUYEXZ9.mp4,29/04,01/06,34,59 323,111,190,24,7 774,17,7,,,,,,,,,,,
2026-05-17,Driving_Getpov_GETPOV_ugc-reassurance-garcon-9-16 (1)_zL5xNOcr.mp4,13/05,21/05,9,34 056,67,80,8,2 962,6,2,,,,,,,,,,,
2026-05-17,Copie de Theory_Getpov_pov-theory-10minutes-9-16_uyMdn3RF.mp4,29/04,11/06,44,25 283,46,63,13,3 255,8,5,,,,,,,,,,,
2026-05-17,GETPOV_ugc-reassurance-fille-9-16 (1)_s2uBdWpS.mp4,29/04,11/06,44,25 688,38,59,6,1 892,4,2,,,,,,,,,,,
2026-05-17,Copie de Theory_Getpov_pov-theory-papa-9-16_9IBlZF4W.mp4,13/05,28/05,16,15 140,33,35,6,2 074,4,2,,,,,,,,,,,
2026-05-17,Copie de Theory_Getpov_pov-theory-methodev1-9-16_1uwtVUOs.mp4,13/05,28/05,16,20 052,33,52,7,1 181,6,1,,,,,,,,,,,
2026-05-17,Copie de Theory_Getpov_pov-theory-pas-question-de-chance-916_WIv5Z1zM.mp4,13/05,28/05,16,13 034,33,35,6,1 287,5,1,,,,,,,,,,,
2026-05-17,SHORT_THEORY_9-16_tableau_Rebranded_jsFkE7lo.mp4,07/05,21/05,79,29 747,32,42,9,3 283,7,2,,,,,,,,,,,
2026-05-18,SHORT_THEORY_9-16_Maman_Rebranded_WJftBKdQ.mp4,11/07,11/06,100,173 774,367,584,75,26 268,46,29,,,,,,,,,,,
2026-05-18,SV_DRIVING_Micro1_9-16_Hook1_Rebranded_QxChkwre.mp4,19/03,05/06,79,182 615,354,639,72,31 675,50,22,,,,,,,,,,,
2026-05-18,SV_DRIVING_Micro2_9-16_Hook2_Rebranded_3CmWuhsx.mp4,19/03,29/05,72,166 227,349,490,57,28 088,44,13,,,,,,,,,,,
2026-05-18,Copie de Theory_Getpov_pov-theory-0eur-9-16_K0jI3Jxv.mp4,29/04,10/06,43,155 134,294,392,51,13 241,37,14,,,,,,,,,,,
2026-05-18,#bonplan #permis #ornikar #conduite #code,05/01,05/06,152,112 148,205,320,76,23 976,51,25,,,,,,,,,,,
2026-05-18,GETPOV_ugc-idee-fille-sans-encart-9-16_7OUYEXZ9.mp4,29/04,01/06,34,87 972,176,235,24,10 864,21,3,,,,,,,,,,,
2026-05-18,Driving_Getpov_GETPOV_ugc-reassurance-garcon-9-16 (1)_zL5xNOcr.mp4,13/05,21/05,9,34 007,67,97,8,2 964,6,2,,,,,,,,,,,
2026-05-18,Copie de Theory_Getpov_pov-theory-10minutes-9-16_uyMdn3RF.mp4,29/04,11/06,44,30 216,56,54,17,3 782,11,6,,,,,,,,,,,
2026-05-18,SHORT_THEORY_9-16_tableau_Rebranded_jsFkE7lo.mp4,07/05,21/05,79,41 190,49,49,9,5 231,8,1,,,,,,,,,,,
2026-05-18,GETPOV_ugc-reassurance-fille-9-16 (1)_s2uBdWpS.mp4,29/04,11/06,44,28 135,48,62,7,2 154,4,3,,,,,,,,,,,
2026-05-18,Copie de Theory_Getpov_pov-theory-papa-9-16_9IBlZF4W.mp4,13/05,28/05,16,15 813,33,34,5,2 213,3,2,,,,,,,,,,,
2026-05-18,Copie de Theory_Getpov_pov-theory-methodev1-9-16_1uwtVUOs.mp4,13/05,28/05,16,18 578,33,47,8,1 196,5,3,,,,,,,,,,,
2026-05-18,Copie de Theory_Getpov_pov-theory-pas-question-de-chance-916_WIv5Z1zM.mp4,13/05,28/05,16,16 097,33,33,10,1 426,7,3,,,,,,,,,,,
2026-05-19,SHORT_THEORY_9-16_Maman_Rebranded_WJftBKdQ.mp4,07/05,11/06,100,211 059,432,777,93,29 337,66,27,,,,,,,,,,,
2026-05-19,SV_DRIVING_Micro2_9-16_Hook2_Rebranded_3CmWuhsx.mp4,19/03,29/05,72,193 402,387,584,69,30 835,50,19,,,,,,,,,,,
2026-05-19,SV_DRIVING_Micro1_9-16_Hook1_Rebranded_QxChkwre.mp4,19/03,05/06,79,194 981,351,671,81,32 194,58,23,,,,,,,,,,,
2026-05-19,Copie de Theory_Getpov_pov-theory-0eur-9-16_K0jI3Jxv.mp4,29/04,10/06,43,163 805,293,370,43,13 930,34,9,,,,,,,,,,,
2026-05-19,GETPOV_ugc-idee-fille-sans-encart-9-16_7OUYEXZ9.mp4,29/04,01/06,34,87 122,182,244,25,11 230,22,3,,,,,,,,,,,
2026-05-19,#bonplan #permis #ornikar #conduite #code,05/01,05/06,152,88 039,157,235,46,17 303,32,14,,,,,,,,,,,
2026-05-19,Driving_Getpov_GETPOV_ugc-reassurance-garcon-9-16 (1)_zL5xNOcr.mp4,13/05,21/05,9,34 149,67,86,15,2 921,10,5,,,,,,,,,,,
2026-05-19,GETPOV_ugc-reassurance-fille-9-16 (1)_s2uBdWpS.mp4,29/04,11/06,44,31 372,54,92,5,2 575,4,1,,,,,,,,,,,
2026-05-19,Copie de Theory_Getpov_pov-theory-10minutes-9-16_uyMdn3RF.mp4,29/04,11/06,44,23 881,47,60,17,3 215,11,6,,,,,,,,,,,
2026-05-19,Copie de Theory_Getpov_pov-theory-methodev1-9-16_1uwtVUOs.mp4,13/05,28/05,16,17 126,33,34,9,1 157,5,4,,,,,,,,,,,
2026-05-19,Copie de Theory_Getpov_pov-theory-pas-question-de-chance-916_WIv5Z1zM.mp4,13/05,28/05,16,17 646,33,50,12,1 546,10,2,,,,,,,,,,,
2026-05-19,Copie de Theory_Getpov_pov-theory-papa-9-16_9IBlZF4W.mp4,13/05,28/05,16,16 194,33,36,8,2 026,5,3,,,,,,,,,,,
2026-05-19,SHORT_THEORY_9-16_tableau_Rebranded_jsFkE7lo.mp4,07/05,21/05,79,23 315,27,32,6,2 606,5,1,,,,,,,,,,,
2026-05-20,SHORT_THEORY_9-16_Maman_Rebranded_WJftBKdQ.mp4,07/05,11/06,100,238 035,499,857,81,32 580,55,26,,,,,,,,,,,
2026-05-20,SV_DRIVING_Micro2_9-16_Hook2_Rebranded_3CmWuhsx.mp4,19/03,29/05,72,185 793,384,586,71,31 292,49,22,,,,,,,,,,,
2026-05-20,Copie de Theory_Getpov_pov-theory-0eur-9-16_K0jI3Jxv.mp4,29/04,10/06,43,181 525,324,438,78,15 680,55,23,,,,,,,,,,,
2026-05-20,SV_DRIVING_Micro1_9-16_Hook1_Rebranded_QxChkwre.mp4,19/03,05/06,79,161 257,302,489,62,28 517,47,15,,,,,,,,,,,
2026-05-20,#bonplan #permis #ornikar #conduite #code,05/01,05/06,152,123 032,219,320,64,27 689,48,16,,,,,,,,,,,
2026-05-20,GETPOV_ugc-idee-fille-sans-encart-9-16_7OUYEXZ9.mp4,29/04,01/06,34,81 465,173,216,57,10 829,39,18,,,,,,,,,,,
2026-05-20,Copie de Theory_Getpov_pov-theory-10minutes-9-16_uyMdn3RF.mp4,29/04,11/06,44,35 958,73,88,13,5 029,10,3,,,,,,,,,,,
2026-05-20,Driving_Getpov_GETPOV_ugc-reassurance-garcon-9-16 (1)_zL5xNOcr.mp4,13/05,21/05,9,37 564,67,90,16,3 291,13,3,,,,,,,,,,,
2026-05-20,GETPOV_ugc-reassurance-fille-9-16 (1)_s2uBdWpS.mp4,29/04,11/06,44,25 908,46,69,19,2 357,12,7,,,,,,,,,,,
2026-05-20,Driving_Video_getpov-revolut-povv1-9-16_ecv4Ywzr.mp4,20/05,28/05,9,17 734,34,40,1,1 017,1,0,,,,,,,,,,,
2026-05-20,Driving_Video_getpov-revolut-astuce-9-16_Q7dug5Lp.mp4,20/05,28/05,9,18 659,33,32,2,961,1,1,,,,,,,,,,,
2026-05-20,Copie de Theory_Getpov_pov-theory-methodev1-9-16_1uwtVUOs.mp4,13/05,28/05,16,19 351,33,46,3,1 231,2,1,,,,,,,,,,,
2026-05-20,Copie de Theory_Getpov_pov-theory-pas-question-de-chance-916_WIv5Z1zM.mp4,13/05,28/05,16,16 468,33,34,5,1 459,4,1,,,,,,,,,,,
2026-05-20,Copie de Theory_Getpov_pov-theory-papa-9-16_9IBlZF4W.mp4,13/05,28/05,16,15 598,33,29,6,2 065,5,1,,,,,,,,,,,
2026-05-20,"La vie est plus belle avec le permis 🥰 Courage à tout le monde pour l’examen, vous allez tout déchirer 💪 #permis #permisdeconduire #pourtoi #passerlepermis",20/05,11/06,23,19 515,33,117,25,7 768,17,8,,,,,,,,,,,
2026-05-20,SHORT_THEORY_9-16_tableau_Rebranded_jsFkE7lo.mp4,07/05,21/05,79,28 524,32,50,9,3 306,8,1,,,,,,,,,,,
2026-05-21,SV_DRIVING_Micro2_9-16_Hook2_Rebranded_3CmWuhsx.mp4,19/03,29/05,72,125 124,269,346,56,19 156,37,19,,,,,,,,,,,
2026-05-21,SHORT_THEORY_9-16_Maman_Rebranded_WJftBKdQ.mp4,11/07,11/06,100,127 700,255,488,50,18 774,32,18,,,,,,,,,,,
2026-05-21,Copie de Theory_Getpov_pov-theory-0eur-9-16_K0jI3Jxv.mp4,26/12,10/06,43,157 631,237,309,46,14 075,32,14,,,,,,,,,,,
2026-05-21,SV_DRIVING_Micro1_9-16_Hook1_Rebranded_QxChkwre.mp4,19/03,05/06,79,114 582,225,335,41,19 247,32,9,,,,,,,,,,,
2026-05-21,#bonplan #permis #ornikar #conduite #code,05/01,05/06,152,115 305,222,290,51,25 262,38,13,,,,,,,,,,,
2026-05-21,GETPOV_ugc-idee-fille-sans-encart-9-16_7OUYEXZ9.mp4,29/04,01/06,34,66 033,146,185,32,8 125,23,9,,,,,,,,,,,
2026-05-21,Copie de Theory_Getpov_pov-theory-10minutes-9-16_uyMdn3RF.mp4,26/12,11/06,44,32 311,56,67,9,4 057,6,3,,,,,,,,,,,
2026-05-21,GETPOV_ugc-reassurance-fille-9-16 (1)_s2uBdWpS.mp4,29/04,11/06,44,22 973,44,62,12,2 329,9,3,,,,,,,,,,,
2026-05-21,Copie de Theory_Getpov_pov-theory-pas-question-de-chance-916_WIv5Z1zM.mp4,13/05,28/05,16,16 008,33,35,9,1 503,7,2,,,,,,,,,,,
2026-05-21,Copie de Theory_Getpov_pov-theory-methodev1-9-16_1uwtVUOs.mp4,13/05,28/05,16,18 794,33,46,6,1 238,5,1,,,,,,,,,,,
2026-05-21,Copie de Theory_Getpov_pov-theory-papa-9-16_9IBlZF4W.mp4,13/05,28/05,16,16 116,33,28,7,1 979,5,2,,,,,,,,,,,
2026-05-21,Driving_Video_getpov-revolut-povv1-9-16_ecv4Ywzr.mp4,20/05,28/05,9,17 706,33,46,1,1 039,1,0,,,,,,,,,,,
2026-05-21,"La vie est plus belle avec le permis 🥰 Courage à tout le monde pour l’examen, vous allez tout déchirer 💪 #permis #permisdeconduire #pourtoi #passerlepermis",20/05,11/06,23,20 972,33,127,28,7 601,20,8,,,,,,,,,,,
2026-05-21,Driving_Video_getpov-revolut-astuce-9-16_Q7dug5Lp.mp4,20/05,28/05,9,15 752,33,35,1,923,1,0,,,,,,,,,,,
2026-05-21,Driving_Getpov_GETPOV_ugc-reassurance-garcon-9-16 (1)_zL5xNOcr.mp4,13/05,21/05,9,14 295,27,30,2,1 398,2,0,,,,,,,,,,,
2026-05-21,SHORT_THEORY_9-16_tableau_Rebranded_jsFkE7lo.mp4,07/05,21/05,79,3 599,4,2,0,433,0,0,,,,,,,,,,,
2026-05-22,SV_DRIVING_Micro2_9-16_Hook2_Rebranded_3CmWuhsx.mp4,19/03,29/05,72,134 592,300,404,55,20 862,39,16,,,,,,,,,,,
2026-05-22,SV_DRIVING_Micro1_9-16_Hook1_Rebranded_QxChkwre.mp4,19/03,05/06,79,123 036,245,347,42,20 415,30,12,,,,,,,,,,,
2026-05-22,#bonplan #permis #ornikar #conduite #code,05/01,05/06,152,105 164,208,230,37,21 851,29,8,,,,,,,,,,,
2026-05-22,Copie de Theory_Getpov_pov-theory-0eur-9-16_K0jI3Jxv.mp4,26/12,10/06,43,122 721,183,255,39,11 004,31,8,,,,,,,,,,,
2026-05-22,SHORT_THEORY_9-16_Maman_Rebranded_WJftBKdQ.mp4,11/07,11/06,100,73 398,151,321,31,9 910,23,8,,,,,,,,,,,
2026-05-22,GETPOV_ugc-idee-fille-sans-encart-9-16_7OUYEXZ9.mp4,29/04,01/06,34,52 857,110,131,15,6 247,13,2,,,,,,,,,,,
2026-05-22,GETPOV_ugc-reassurance-fille-9-16 (1)_s2uBdWpS.mp4,29/04,11/06,44,21 935,41,38,12,2 166,8,4,,,,,,,,,,,
2026-05-22,"La vie est plus belle avec le permis 🥰 Courage à tout le monde pour l’examen, vous allez tout déchirer 💪 #permis #permisdeconduire #pourtoi #passerlepermis",20/05,11/06,23,21 963,33,141,22,7 681,16,6,,,,,,,,,,,
2026-05-22,Driving_Video_getpov-revolut-astuce-9-16_Q7dug5Lp.mp4,20/05,28/05,9,15 527,33,32,3,900,3,0,,,,,,,,,,,
2026-05-22,Copie de Theory_Getpov_pov-theory-pas-question-de-chance-916_WIv5Z1zM.mp4,13/05,28/05,16,14 057,33,41,6,1 373,4,2,,,,,,,,,,,
2026-05-22,Driving_Video_getpov-revolut-povv1-9-16_ecv4Ywzr.mp4,20/05,28/05,9,15 606,33,41,3,974,3,0,,,,,,,,,,,
2026-05-22,Copie de Theory_Getpov_pov-theory-papa-9-16_9IBlZF4W.mp4,13/05,28/05,16,16 497,33,29,3,1 881,2,1,,,,,,,,,,,
2026-05-22,Copie de Theory_Getpov_pov-theory-methodev1-9-16_1uwtVUOs.mp4,13/05,28/05,16,20 039,33,38,1,1 367,1,0,,,,,,,,,,,
2026-05-22,Copie de Theory_Getpov_pov-theory-10minutes-9-16_uyMdn3RF.mp4,26/12,11/06,44,13 457,24,27,3,1 646,3,0,,,,,,,,,,,
2026-05-23,SV_DRIVING_Micro2_9-16_Hook2_Rebranded_3CmWuhsx.mp4,19/03,29/05,72,179 961,400,537,67,26 278,46,21,,,,,,,,,,,
2026-05-23,SV_DRIVING_Micro1_9-16_Hook1_Rebranded_QxChkwre.mp4,19/03,05/06,79,141 180,285,467,62,20 810,47,15,,,,,,,,,,,
2026-05-23,SHORT_THEORY_9-16_Maman_Rebranded_WJftBKdQ.mp4,11/07,11/06,100,87 515,173,339,44,11 117,33,11,,,,,,,,,,,
2026-05-23,Copie de Theory_Getpov_pov-theory-0eur-9-16_K0jI3Jxv.mp4,26/12,10/06,43,84 123,125,190,20,6 684,16,4,,,,,,,,,,,
2026-05-23,GETPOV_ugc-idee-fille-sans-encart-9-16_7OUYEXZ9.mp4,29/04,01/06,34,54 292,116,158,24,5 852,15,9,,,,,,,,,,,
2026-05-23,#bonplan #permis #ornikar #conduite #code,05/01,05/06,152,36 103,71,113,12,7 134,9,3,,,,,,,,,,,
2026-05-23,"La vie est plus belle avec le permis 🥰 Courage à tout le monde pour l’examen, vous allez tout déchirer 💪 #permis #permisdeconduire #pourtoi #passerlepermis",20/05,11/06,23,22 516,33,130,22,7 641,15,7,,,,,,,,,,,
2026-05-23,Driving_Video_getpov-revolut-astuce-9-16_Q7dug5Lp.mp4,20/05,28/05,9,16 356,33,47,9,941,7,2,,,,,,,,,,,
2026-05-23,Copie de Theory_Getpov_pov-theory-pas-question-de-chance-916_WIv5Z1zM.mp4,13/05,28/05,16,15 394,33,39,2,1 296,2,0,,,,,,,,,,,
2026-05-23,Copie de Theory_Getpov_pov-theory-papa-9-16_9IBlZF4W.mp4,13/05,28/05,16,14 900,33,40,1,1 682,1,0,,,,,,,,,,,
2026-05-23,Driving_Video_getpov-revolut-povv1-9-16_ecv4Ywzr.mp4,20/05,28/05,9,18 699,33,47,4,1 151,3,1,,,,,,,,,,,
2026-05-23,Copie de Theory_Getpov_pov-theory-methodev1-9-16_1uwtVUOs.mp4,13/05,28/05,16,17 930,33,36,6,1 194,4,2,,,,,,,,,,,
2026-05-23,GETPOV_ugc-reassurance-fille-9-16 (1)_s2uBdWpS.mp4,29/04,11/06,44,15 675,30,43,2,1 399,1,1,,,,,,,,,,,
2026-05-23,Copie de Theory_Getpov_pov-theory-10minutes-9-16_uyMdn3RF.mp4,27/08,11/06,44,4 727,10,12,0,507,0,0,,,,,,,,,,,
2026-05-24,SV_DRIVING_Micro2_9-16_Hook2_Rebranded_3CmWuhsx.mp4,19/03,29/05,72,187 849,362,584,48,24 634,37,11,,,,,,,,,,,
2026-05-24,SV_DRIVING_Micro1_9-16_Hook1_Rebranded_QxChkwre.mp4,19/03,05/06,79,163 021,316,539,71,23 658,48,23,,,,,,,,,,,
2026-05-24,SHORT_THEORY_9-16_Maman_Rebranded_WJftBKdQ.mp4,11/07,11/06,100,108 243,223,413,45,13 792,31,14,,,,,,,,,,,
2026-05-24,GETPOV_ugc-idee-fille-sans-encart-9-16_7OUYEXZ9.mp4,29/04,01/06,34,67 169,131,227,23,6 885,16,7,,,,,,,,,,,
2026-05-24,Copie de Theory_Getpov_pov-theory-0eur-9-16_K0jI3Jxv.mp4,26/12,10/06,43,97 245,129,186,30,7 317,21,9,,,,,,,,,,,
2026-05-24,#bonplan #permis #ornikar #conduite #code,05/01,05/06,152,26 703,52,86,19,4 795,13,6,,,,,,,,,,,
2026-05-24,GETPOV_ugc-reassurance-fille-9-16 (1)_s2uBdWpS.mp4,29/04,11/06,44,24 118,44,55,13,2 081,9,4,,,,,,,,,,,
2026-05-24,Driving_Video_getpov-revolut-povv1-9-16_ecv4Ywzr.mp4,20/05,28/05,9,18 394,33,48,11,1 088,8,3,,,,,,,,,,,
2026-05-24,Copie de Theory_Getpov_pov-theory-papa-9-16_9IBlZF4W.mp4,13/05,28/05,16,16 132,33,42,4,1 712,3,1,,,,,,,,,,,
2026-05-24,Copie de Theory_Getpov_pov-theory-methodev1-9-16_1uwtVUOs.mp4,13/05,28/05,16,19 460,33,60,1,1 226,1,0,,,,,,,,,,,
2026-05-24,"La vie est plus belle avec le permis 🥰 Courage à tout le monde pour l’examen, vous allez tout déchirer 💪 #permis #permisdeconduire #pourtoi #passerlepermis",20/05,11/06,23,23 275,33,146,22,8 070,15,7,,,,,,,,,,,
2026-05-24,Driving_Video_getpov-revolut-astuce-9-16_Q7dug5Lp.mp4,20/05,28/05,9,16 525,33,46,4,978,2,2,,,,,,,,,,,
2026-05-24,Copie de Theory_Getpov_pov-theory-pas-question-de-chance-916_WIv5Z1zM.mp4,13/05,28/05,16,16 949,33,41,2,1 504,2,0,,,,,,,,,,,
2026-05-24,Copie de Theory_Getpov_pov-theory-10minutes-9-16_uyMdn3RF.mp4,27/08,11/06,44,5 136,11,20,2,529,2,0,,,,,,,,,,,
2026-05-25,SV_DRIVING_Micro2_9-16_Hook2_Rebranded_3CmWuhsx.mp4,19/03,29/05,72,220 076,431,683,58,31 765,43,15,,,,,,,,,,,
2026-05-25,SHORT_THEORY_9-16_Maman_Rebranded_WJftBKdQ.mp4,11/07,11/06,100,194 692,390,777,79,26 090,51,28,,,,,,,,,,,
2026-05-25,SV_DRIVING_Micro1_9-16_Hook1_Rebranded_QxChkwre.mp4,19/03,05/06,79,155 262,287,589,58,21 722,42,16,,,,,,,,,,,
2026-05-25,Copie de Theory_Getpov_pov-theory-0eur-9-16_K0jI3Jxv.mp4,26/12,10/06,43,146 039,222,311,48,11 810,36,12,,,,,,,,,,,
2026-05-25,GETPOV_ugc-idee-fille-sans-encart-9-16_7OUYEXZ9.mp4,29/04,01/06,34,48 993,91,126,20,5 047,13,7,,,,,,,,,,,
2026-05-25,#bonplan #permis #ornikar #conduite #code,05/01,05/06,152,32 316,62,103,11,6 107,8,3,,,,,,,,,,,
2026-05-25,GETPOV_ugc-reassurance-fille-9-16 (1)_s2uBdWpS.mp4,29/04,11/06,44,19 794,35,60,4,1 659,3,1,,,,,,,,,,,
2026-05-25,"La vie est plus belle avec le permis 🥰 Courage à tout le monde pour l’examen, vous allez tout déchirer 💪 #permis #permisdeconduire #pourtoi #passerlepermis",20/05,11/06,23,22 720,33,126,15,7 889,12,3,,,,,,,,,,,
2026-05-25,Copie de Theory_Getpov_pov-theory-methodev1-9-16_1uwtVUOs.mp4,13/05,28/05,16,18 413,33,52,5,1 219,4,1,,,,,,,,,,,
2026-05-25,Driving_Video_getpov-revolut-povv1-9-16_ecv4Ywzr.mp4,20/05,28/05,9,20 362,33,49,5,1 150,3,2,,,,,,,,,,,
2026-05-25,Driving_Video_getpov-revolut-astuce-9-16_Q7dug5Lp.mp4,20/05,28/05,9,16 555,33,50,1,929,1,0,,,,,,,,,,,
2026-05-25,Copie de Theory_Getpov_pov-theory-pas-question-de-chance-916_WIv5Z1zM.mp4,13/05,28/05,16,16 675,33,36,15,1 459,12,3,,,,,,,,,,,
2026-05-25,Copie de Theory_Getpov_pov-theory-papa-9-16_9IBlZF4W.mp4,13/05,28/05,16,16 364,33,39,6,1 892,5,1,,,,,,,,,,,
2026-05-25,Copie de Theory_Getpov_pov-theory-10minutes-9-16_uyMdn3RF.mp4,29/04,11/06,44,5 333,12,17,1,630,1,0,,,,,,,,,,,
2026-05-26,SV_DRIVING_Micro2_9-16_Hook2_Rebranded_3CmWuhsx.mp4,19/03,29/05,72,83 292,184,263,29,11 276,21,8,,,,,,,,,,,
2026-05-26,#bonplan #permis #ornikar #conduite #code,05/01,05/06,152,91 427,172,239,35,18 298,27,8,,,,,,,,,,,
2026-05-26,SV_DRIVING_Micro1_9-16_Hook1_Rebranded_QxChkwre.mp4,19/03,05/06,79,63 632,138,223,22,9 166,16,6,,,,,,,,,,,
2026-05-26,Image carousel 6,30/01,11/06,133,86 816,125,916,13,0,9,4,,,,,,,,,,,
2026-05-26,Copie de Theory_Getpov_pov-theory-0eur-9-16_K0jI3Jxv.mp4,26/12,10/06,43,75 299,124,178,19,6 836,16,3,,,,,,,,,,,
2026-05-26,SHORT_THEORY_9-16_Maman_Rebranded_WJftBKdQ.mp4,11/07,11/06,100,59 433,121,247,39,7 554,25,14,,,,,,,,,,,
2026-05-26,Copie de Driving_Video_Getpov_ugc-promo-1ere-ae-fille-avec-encart-9-16_uhD2ZlFA.mp4,26/05,11/06,17,56 695,93,163,12,4 591,10,2,,,,,,,,,,,
2026-05-26,GETPOV_ugc-idee-fille-sans-encart-9-16_7OUYEXZ9.mp4,29/04,01/06,34,34 224,66,79,13,3 823,10,3,,,,,,,,,,,
2026-05-26,Copie de Driving_Video_Getpov_ugc-promo-1ere-ae-garcon-avec-encart-9-16_5C7IgSdf.mp4,26/05,05/06,11,36 981,62,103,8,3 179,6,2,,,,,,,,,,,
2026-05-26,"La vie est plus belle avec le permis 🥰 Courage à tout le monde pour l’examen, vous allez tout déchirer 💪 #permis #permisdeconduire #pourtoi #passerlepermis",20/05,11/06,23,17 899,33,84,13,5 599,9,4,,,,,,,,,,,
2026-05-26,Driving_Video_getpov-revolut-povv1-9-16_ecv4Ywzr.mp4,20/05,28/05,9,20 336,33,51,0,1 130,0,0,,,,,,,,,,,
2026-05-26,Copie de Theory_Getpov_pov-theory-papa-9-16_9IBlZF4W.mp4,13/05,28/05,16,17 340,33,47,9,2 028,7,2,,,,,,,,,,,
2026-05-26,Driving_Video_getpov-revolut-astuce-9-16_Q7dug5Lp.mp4,20/05,28/05,9,17 146,33,49,3,1 096,3,0,,,,,,,,,,,
2026-05-26,Copie de Theory_Getpov_pov-theory-pas-question-de-chance-916_WIv5Z1zM.mp4,13/05,28/05,16,16 270,33,34,6,1 424,4,2,,,,,,,,,,,
2026-05-26,Copie de Theory_Getpov_pov-theory-methodev1-9-16_1uwtVUOs.mp4,13/05,28/05,16,17 386,33,42,4,1 214,3,1,,,,,,,,,,,
2026-05-26,Image carousel 7,30/01,11/06,133,17 194,28,200,5,0,4,1,,,,,,,,,,,
2026-05-26,GETPOV_ugc-reassurance-fille-9-16 (1)_s2uBdWpS.mp4,29/04,11/06,44,13 814,26,27,5,1 284,3,2,,,,,,,,,,,
2026-05-26,Copie de Driving_Video_Getpov_ugc-promo-idee-fille-avec-encart-9-16_oDCadR4V.mp4,26/05,11/06,17,5 680,11,15,4,462,2,2,,,,,,,,,,,
2026-05-26,Copie de Theory_Getpov_pov-theory-10minutes-9-16_uyMdn3RF.mp4,29/04,11/06,44,2 501,7,6,0,230,0,0,,,,,,,,,,,
2026-05-27,"La vie est plus belle avec le permis 🥰 Courage à tout le monde pour l’examen, vous allez tout déchirer 💪 #permis #permisdeconduire #pourtoi #passerlepermis",08/10,11/06,23,264 833,403,1 558,181,98 065,123,58,,,,,,,,,,,
2026-05-27,SHORT_THEORY_9-16_Maman_Rebranded_WJftBKdQ.mp4,11/07,11/06,100,125 915,282,524,64,15 766,40,24,,,,,,,,,,,
2026-05-27,Copie de Theory_Getpov_pov-theory-0eur-9-16_K0jI3Jxv.mp4,26/12,10/06,43,126 515,209,295,44,10 041,34,10,,,,,,,,,,,
2026-05-27,Copie de Driving_Video_Getpov_ugc-promo-1ere-ae-fille-avec-encart-9-16_uhD2ZlFA.mp4,26/05,11/06,17,38 289,85,107,14,3 553,10,4,,,,,,,,,,,
2026-05-27,Copie de Driving_Video_Getpov_ugc-promo-1ere-ae-garcon-avec-encart-9-16_5C7IgSdf.mp4,26/05,05/06,11,38 927,79,119,12,4 016,8,4,,,,,,,,,,,
2026-05-27,Image carousel 6,30/01,11/06,133,54 425,79,567,19,0,16,3,,,,,,,,,,,
2026-05-27,SV_DRIVING_Micro1_9-16_Hook1_Rebranded_QxChkwre.mp4,19/03,05/06,79,36 090,75,138,20,5 059,12,8,,,,,,,,,,,
2026-05-27,#bonplan #permis #ornikar #conduite #code,05/01,05/06,152,29 565,53,88,15,5 411,12,3,,,,,,,,,,,
2026-05-27,SV_DRIVING_Micro2_9-16_Hook2_Rebranded_3CmWuhsx.mp4,19/03,29/05,72,21 681,48,81,7,2 685,5,2,,,,,,,,,,,
2026-05-27,Image carousel 7,30/01,11/06,133,15 562,47,250,7,1,5,2,,,,,,,,,,,
2026-05-27,Copie de Theory_Getpov_pov-theory-10minutes-9-16_uyMdn3RF.mp4,29/04,11/06,44,19 361,42,57,5,2 213,3,2,,,,,,,,,,,
2026-05-27,Copie de Driving_Video_Getpov_ugc-promo-idee-fille-avec-encart-9-16_oDCadR4V.mp4,26/05,11/06,17,20 876,40,63,4,2 273,3,1,,,,,,,,,,,
2026-05-27,Copie de Theory_Getpov_pov-theory-pas-question-de-chance-916_WIv5Z1zM.mp4,13/05,28/05,16,17 939,33,36,4,1 391,4,0,,,,,,,,,,,
2026-05-27,Copie de Theory_Getpov_pov-theory-papa-9-16_9IBlZF4W.mp4,13/05,28/05,16,15 869,32,49,4,1 731,3,1,,,,,,,,,,,
2026-05-27,Driving_Video_getpov-revolut-povv1-9-16_ecv4Ywzr.mp4,20/05,28/05,9,18 780,31,49,12,1 067,8,4,,,,,,,,,,,
2026-05-27,Copie de Theory_Getpov_pov-theory-methodev1-9-16_1uwtVUOs.mp4,13/05,28/05,16,13 055,30,23,7,884,4,3,,,,,,,,,,,
2026-05-27,Driving_Video_getpov-revolut-astuce-9-16_Q7dug5Lp.mp4,20/05,28/05,9,15 674,30,37,5,878,5,0,,,,,,,,,,,
2026-05-27,GETPOV_ugc-idee-fille-sans-encart-9-16_7OUYEXZ9.mp4,29/04,01/06,34,9 375,19,19,2,1 024,2,0,,,,,,,,,,,
2026-05-27,GETPOV_ugc-reassurance-fille-9-16 (1)_s2uBdWpS.mp4,29/04,11/06,44,4 708,10,10,0,460,0,0,,,,,,,,,,,
2026-05-27,Driving_Video_getpov-revolut-scamv2-9-16_ZMq0m8Vi.mp4,27/05,01/06,6,2 157,4,8,0,127,0,0,,,,,,,,,,,
2026-05-27,Fais pause pour voir ce que tu dois faire maintenant 😉 #Meme #MemeCut,27/05,03/06,8,2 017,3,2,0,165,0,0,,,,,,,,,,,
2026-05-27,Driving_Video_getpov-revolut-povv2-9-16_ply9xhJj.mp4,27/05,01/06,6,1 069,2,0,1,91,1,0,,,,,,,,,,,
2026-05-27,Envoie ça à un(e) ami(e) qui révise le code ! 💜 #permisdeconduire #codedelaroute #humour #passerlepermis,27/05,11/06,16,963,1,4,1,239,1,0,,,,,,,,,,,
2026-05-27,Theory_Getpov_pov-theory-methodev2-9-16_klFcGRiy.mp4,27/05,03/06,8,321,0,1,0,11,0,0,,,,,,,,,,,
2026-05-27,Driving_Video_getpov-revolut-scamv1-9-16_j9a0lVs2.mp4,27/05,01/06,6,147,0,0,0,9,0,0,,,,,,,,,,,
2026-05-28,"La vie est plus belle avec le permis 🥰 Courage à tout le monde pour l’examen, vous allez tout déchirer 💪 #permis #permisdeconduire #pourtoi #passerlepermis",08/10,11/06,23,480 754,763,2 448,245,175 226,173,72,,,,,,,,,,,
2026-05-28,SHORT_THEORY_9-16_Maman_Rebranded_WJftBKdQ.mp4,11/07,11/06,100,81 677,266,389,84,10 201,53,31,,,,,,,,,,,
2026-05-28,Copie de Theory_Getpov_pov-theory-0eur-9-16_K0jI3Jxv.mp4,26/12,10/06,43,117 298,206,283,29,9 802,24,5,,,,,,,,,,,
2026-05-28,Copie de Theory_Getpov_pov-theory-10minutes-9-16_uyMdn3RF.mp4,29/04,11/06,44,21 168,45,70,10,2 709,6,4,,,,,,,,,,,
2026-05-28,#bonplan #permis #ornikar #conduite #code,05/01,05/06,152,14 255,26,43,4,2 470,3,1,,,,,,,,,,,
2026-05-28,Image carousel 7,30/01,11/06,133,6 271,24,116,2,0,2,0,,,,,,,,,,,
2026-05-28,Copie de Driving_Video_Getpov_ugc-promo-1ere-ae-garcon-avec-encart-9-16_5C7IgSdf.mp4,26/05,05/06,11,10 032,24,30,12,1 104,8,4,,,,,,,,,,,
2026-05-28,Envoie ça à un(e) ami(e) qui révise le code ! 💜 #permisdeconduire #codedelaroute #humour #passerlepermis,27/05,11/06,16,10 999,23,51,10,2 754,7,3,,,,,,,,,,,
2026-05-28,Theory_Getpov_pov-theory-methodev2-9-16_klFcGRiy.mp4,27/05,03/06,8,11 287,23,29,2,722,2,0,,,,,,,,,,,
2026-05-28,Driving_Video_getpov-revolut-povv2-9-16_ply9xhJj.mp4,27/05,01/06,6,16 622,23,50,8,1 697,6,2,,,,,,,,,,,
2026-05-28,Fais pause pour voir ce que tu dois faire maintenant 😉 #Meme #MemeCut,27/05,03/06,8,7 134,22,18,0,465,0,0,,,,,,,,,,,
2026-05-28,Driving_Video_getpov-revolut-scamv1-9-16_j9a0lVs2.mp4,27/05,01/06,6,17 698,22,50,5,1 091,3,2,,,,,,,,,,,
2026-05-28,Image carousel 6,30/01,11/06,133,15 175,22,192,7,0,4,3,,,,,,,,,,,
2026-05-28,Driving_Video_getpov-revolut-scamv2-9-16_ZMq0m8Vi.mp4,27/05,01/06,6,12 485,22,41,2,748,1,1,,,,,,,,,,,
2026-05-28,Copie de Driving_Video_Getpov_ugc-promo-1ere-ae-fille-avec-encart-9-16_uhD2ZlFA.mp4,26/05,11/06,17,8 386,19,20,9,755,7,2,,,,,,,,,,,
2026-05-28,SV_DRIVING_Micro1_9-16_Hook1_Rebranded_QxChkwre.mp4,19/03,05/06,79,5 540,13,15,4,760,2,2,,,,,,,,,,,
2026-05-28,Driving_Video_getpov-revolut-astuce-9-16_Q7dug5Lp.mp4,20/05,28/05,9,6 521,12,12,2,498,1,1,,,,,,,,,,,
2026-05-28,Copie de Theory_Getpov_pov-theory-methodev1-9-16_1uwtVUOs.mp4,13/05,28/05,16,4 519,11,11,1,345,1,0,,,,,,,,,,,
2026-05-28,Driving_Video_getpov-revolut-povv1-9-16_ecv4Ywzr.mp4,20/05,28/05,9,5 344,11,24,1,366,1,0,,,,,,,,,,,
2026-05-28,Copie de Theory_Getpov_pov-theory-pas-question-de-chance-916_WIv5Z1zM.mp4,13/05,28/05,16,4 643,11,9,2,430,1,1,,,,,,,,,,,
2026-05-28,Copie de Theory_Getpov_pov-theory-papa-9-16_9IBlZF4W.mp4,13/05,28/05,16,4 074,10,10,1,477,1,0,,,,,,,,,,,
2026-05-28,SV_DRIVING_Micro2_9-16_Hook2_Rebranded_3CmWuhsx.mp4,19/03,29/05,72,4 054,10,10,1,515,1,0,,,,,,,,,,,
2026-05-28,GETPOV_ugc-idee-fille-sans-encart-9-16_7OUYEXZ9.mp4,29/04,01/06,34,3 865,9,10,5,424,3,2,,,,,,,,,,,
2026-05-28,Copie de Driving_Video_Getpov_ugc-promo-idee-fille-avec-encart-9-16_oDCadR4V.mp4,26/05,11/06,17,2 191,5,4,0,190,0,0,,,,,,,,,,,
2026-05-28,GETPOV_ugc-reassurance-fille-9-16 (1)_s2uBdWpS.mp4,29/04,11/06,44,1 077,2,3,2,111,1,1,,,,,,,,,,,
2026-05-29,Envoie ça à un(e) ami(e) qui révise le code ! 💜 #permisdeconduire #codedelaroute #humour #passerlepermis,22/10,11/06,16,535 695,714,3 075,269,204 871,157,112,,,,,,,,,,,
2026-05-29,"La vie est plus belle avec le permis 🥰 Courage à tout le monde pour l’examen, vous allez tout déchirer 💪 #permis #permisdeconduire #pourtoi #passerlepermis",20/05,11/06,23,306 097,488,1 511,113,103 144,83,30,,,,,,,,,,,
2026-05-29,#bonplan #permis #ornikar #conduite #code,05/01,05/06,152,67 583,129,209,30,13 912,22,8,,,,,,,,,,,
2026-05-29,Copie de Driving_Video_Getpov_ugc-promo-1ere-ae-fille-avec-encart-9-16_uhD2ZlFA.mp4,26/05,11/06,17,48 336,86,151,17,4 426,13,4,,,,,,,,,,,
2026-05-29,SHORT_THEORY_9-16_Maman_Rebranded_WJftBKdQ.mp4,11/07,11/06,100,12 378,83,63,23,1 593,14,9,,,,,,,,,,,
2026-05-29,Image carousel 6,30/01,11/06,133,53 178,77,607,13,0,11,2,,,,,,,,,,,
2026-05-29,Copie de Theory_Getpov_pov-theory-0eur-9-16_K0jI3Jxv.mp4,26/12,10/06,43,35 472,64,73,18,4 037,15,3,,,,,,,,,,,
2026-05-29,Copie de Driving_Video_Getpov_ugc-promo-1ere-ae-garcon-avec-encart-9-16_5C7IgSdf.mp4,26/05,05/06,11,26 515,50,77,13,2 910,9,4,,,,,,,,,,,
2026-05-29,Image carousel 7,30/01,11/06,133,19 618,35,293,13,0,9,4,,,,,,,,,,,
2026-05-29,Theory_Getpov_pov-theory-methodev2-9-16_klFcGRiy.mp4,27/05,03/06,8,12 409,33,25,2,964,1,1,,,,,,,,,,,
2026-05-29,Driving_Video_getpov-revolut-povv2-9-16_ply9xhJj.mp4,27/05,01/06,6,15 619,33,43,1,1 804,1,0,,,,,,,,,,,
2026-05-29,Driving_Video_getpov-revolut-scamv2-9-16_ZMq0m8Vi.mp4,27/05,01/06,6,16 115,33,44,9,975,5,4,,,,,,,,,,,
2026-05-29,Driving_Video_getpov-revolut-scamv1-9-16_j9a0lVs2.mp4,27/05,01/06,6,19 161,33,56,5,1 249,4,1,,,,,,,,,,,
2026-05-29,Fais pause pour voir ce que tu dois faire maintenant 😉 #Meme #MemeCut,27/05,03/06,8,17 574,33,43,13,1 324,10,3,,,,,,,,,,,
2026-05-29,Theory_Video_Getpov_Jonathan_code_avril_remontage_0euros_2026_hook2_QgLGO98A.mp4,29/05,03/06,6,20 846,30,61,9,1 401,5,4,,,,,,,,,,,
2026-05-29,Theory_Video_Getpov_Jonathan_code_avril_remontage_0euros_2026_hook1_AP2JFYNt.mp4,29/05,03/06,6,8 123,14,19,1,514,1,0,,,,,,,,,,,
2026-05-29,SV_DRIVING_Micro1_9-16_Hook1_Rebranded_QxChkwre.mp4,19/03,05/06,79,5 757,13,20,4,829,2,2,,,,,,,,,,,
2026-05-29,Copie de Driving_Video_Getpov_ugc-promo-idee-fille-avec-encart-9-16_oDCadR4V.mp4,26/05,11/06,17,4 604,9,14,0,468,0,0,,,,,,,,,,,
2026-05-29,GETPOV_ugc-idee-fille-sans-encart-9-16_7OUYEXZ9.mp4,29/04,01/06,34,3 927,9,11,1,369,1,0,,,,,,,,,,,
2026-05-29,Copie de Theory_Getpov_pov-theory-10minutes-9-16_uyMdn3RF.mp4,29/04,11/06,44,1 316,4,5,1,179,1,0,,,,,,,,,,,
2026-05-29,SV_DRIVING_Micro2_9-16_Hook2_Rebranded_3CmWuhsx.mp4,19/03,29/05,72,1 469,3,5,2,184,1,1,,,,,,,,,,,
2026-05-29,GETPOV_ugc-reassurance-fille-9-16 (1)_s2uBdWpS.mp4,29/04,11/06,44,1 467,3,6,0,122,0,0,,,,,,,,,,,
2026-05-30,Envoie ça à un(e) ami(e) qui révise le code ! 💜 #permisdeconduire #codedelaroute #humour #passerlepermis,27/05,11/06,16,561 379,758,2 877,280,187 574,170,110,,,,,,,,,,,
2026-05-30,"La vie est plus belle avec le permis 🥰 Courage à tout le monde pour l’examen, vous allez tout déchirer 💪 #permis #permisdeconduire #pourtoi #passerlepermis",20/05,11/06,23,323 264,519,1 706,162,98 048,112,50,,,,,,,,,,,
2026-05-30,Image carousel 6,30/01,11/06,133,57 447,81,609,6,0,4,2,,,,,,,,,,,
2026-05-30,#bonplan #permis #ornikar #conduite #code,05/01,05/06,152,42 548,78,133,14,7 625,11,3,,,,,,,,,,,
2026-05-30,Image carousel 7,30/01,11/06,133,49 584,73,565,11,0,8,3,,,,,,,,,,,
2026-05-30,Copie de Driving_Video_Getpov_ugc-promo-1ere-ae-fille-avec-encart-9-16_uhD2ZlFA.mp4,26/05,11/06,17,40 193,73,116,13,3 604,11,2,,,,,,,,,,,
2026-05-30,Copie de Driving_Video_Getpov_ugc-promo-1ere-ae-garcon-avec-encart-9-16_5C7IgSdf.mp4,26/05,05/06,11,24 498,44,64,17,2 434,12,5,,,,,,,,,,,
2026-05-30,Theory_Video_Getpov_Jonathan_code_avril_remontage_0euros_2026_hook2_QgLGO98A.mp4,29/05,03/06,6,20 752,36,72,2,1 517,1,1,,,,,,,,,,,
2026-05-30,Copie de Theory_Getpov_pov-theory-0eur-9-16_K0jI3Jxv.mp4,27/08,10/06,43,21 920,35,32,8,2 473,6,2,,,,,,,,,,,
2026-05-30,Theory_Video_Getpov_Jonathan_code_avril_remontage_0euros_2026_hook1_AP2JFYNt.mp4,29/05,03/06,6,16 371,33,57,2,1 082,1,1,,,,,,,,,,,
2026-05-30,Driving_Video_getpov-revolut-scamv2-9-16_ZMq0m8Vi.mp4,27/05,01/06,6,16 032,33,56,1,882,1,0,,,,,,,,,,,
2026-05-30,Driving_Video_getpov-revolut-scamv1-9-16_j9a0lVs2.mp4,27/05,01/06,6,16 741,33,52,3,1 010,2,1,,,,,,,,,,,
2026-05-30,Driving_Video_getpov-revolut-povv2-9-16_ply9xhJj.mp4,27/05,01/06,6,15 185,33,34,1,1 565,1,0,,,,,,,,,,,
2026-05-30,Fais pause pour voir ce que tu dois faire maintenant 😉 #Meme #MemeCut,27/05,03/06,8,23 323,33,72,9,1 761,5,4,,,,,,,,,,,
2026-05-30,Theory_Getpov_pov-theory-methodev2-9-16_klFcGRiy.mp4,27/05,03/06,8,13 779,33,32,2,981,2,0,,,,,,,,,,,
2026-05-30,SHORT_THEORY_9-16_Maman_Rebranded_WJftBKdQ.mp4,11/07,11/06,100,7 696,28,41,8,942,5,3,,,,,,,,,,,
2026-05-30,SV_DRIVING_Micro1_9-16_Hook1_Rebranded_QxChkwre.mp4,19/03,05/06,79,6 441,15,17,0,883,0,0,,,,,,,,,,,
2026-05-30,Copie de Driving_Video_Getpov_ugc-promo-idee-fille-avec-encart-9-16_oDCadR4V.mp4,26/05,11/06,17,4 248,9,11,6,351,4,2,,,,,,,,,,,
2026-05-30,GETPOV_ugc-idee-fille-sans-encart-9-16_7OUYEXZ9.mp4,29/04,01/06,34,2 608,6,5,2,227,1,1,,,,,,,,,,,
2026-05-30,GETPOV_ugc-reassurance-fille-9-16 (1)_s2uBdWpS.mp4,29/04,11/06,44,1 164,3,2,0,86,0,0,,,,,,,,,,,
2026-05-30,Copie de Theory_Getpov_pov-theory-10minutes-9-16_uyMdn3RF.mp4,29/04,11/06,44,304,1,1,0,32,0,0,,,,,,,,,,,
2026-05-31,Envoie ça à un(e) ami(e) qui révise le code ! 💜 #permisdeconduire #codedelaroute #humour #passerlepermis,27/05,11/06,16,479 248,633,2 301,268,130 222,162,106,,,,,,,,,,,
2026-05-31,"La vie est plus belle avec le permis 🥰 Courage à tout le monde pour l’examen, vous allez tout déchirer 💪 #permis #permisdeconduire #pourtoi #passerlepermis",20/05,11/06,23,304 088,467,1 546,139,91 378,96,43,,,,,,,,,,,
2026-05-31,Image carousel 7,30/01,11/06,133,66 188,121,666,31,0,20,11,,,,,,,,,,,
2026-05-31,Copie de Driving_Video_Getpov_ugc-promo-1ere-ae-fille-avec-encart-9-16_uhD2ZlFA.mp4,26/05,11/06,17,55 533,104,170,17,4 638,12,5,,,,,,,,,,,
2026-05-31,SHORT_THEORY_9-16_Maman_Rebranded_WJftBKdQ.mp4,11/07,11/06,100,16 787,68,80,38,2 206,23,15,,,,,,,,,,,
2026-05-31,Image carousel 6,30/01,11/06,133,50 678,67,481,10,0,8,2,,,,,,,,,,,
2026-05-31,Copie de Theory_Getpov_pov-theory-0eur-9-16_K0jI3Jxv.mp4,27/08,10/06,43,46 558,64,74,17,5 082,14,3,,,,,,,,,,,
2026-05-31,Copie de Driving_Video_Getpov_ugc-promo-1ere-ae-garcon-avec-encart-9-16_5C7IgSdf.mp4,26/05,05/06,11,31 528,63,103,16,2 937,12,4,,,,,,,,,,,
2026-05-31,#bonplan #permis #ornikar #conduite #code,05/01,05/06,152,30 211,52,85,12,4 590,8,4,,,,,,,,,,,
2026-05-31,Theory_Video_Getpov_Jonathan_code_avril_remontage_0euros_2026_hook1_AP2JFYNt.mp4,29/05,03/06,6,8 828,34,21,6,548,4,2,,,,,,,,,,,
2026-05-31,Theory_Video_Getpov_Jonathan_code_avril_remontage_0euros_2026_hook2_QgLGO98A.mp4,29/05,03/06,6,17 392,33,46,7,1 100,6,1,,,,,,,,,,,
2026-05-31,Driving_Video_getpov-revolut-scamv2-9-16_ZMq0m8Vi.mp4,27/05,01/06,6,20 977,33,73,5,1 065,4,1,,,,,,,,,,,
2026-05-31,Driving_Video_getpov-revolut-scamv1-9-16_j9a0lVs2.mp4,27/05,01/06,6,15 151,33,43,0,800,0,0,,,,,,,,,,,
2026-05-31,Driving_Video_getpov-revolut-povv2-9-16_ply9xhJj.mp4,27/05,01/06,6,22 332,33,68,2,2 264,1,1,,,,,,,,,,,
2026-05-31,Fais pause pour voir ce que tu dois faire maintenant 😉 #Meme #MemeCut,27/05,03/06,8,23 799,33,81,1,1 713,1,0,,,,,,,,,,,
2026-05-31,Theory_Getpov_pov-theory-methodev2-9-16_klFcGRiy.mp4,27/05,03/06,8,14 663,33,46,4,919,3,1,,,,,,,,,,,
2026-05-31,SV_DRIVING_Micro1_9-16_Hook1_Rebranded_QxChkwre.mp4,19/03,05/06,79,4 382,11,22,5,515,3,2,,,,,,,,,,,
2026-05-31,Copie de Driving_Video_Getpov_ugc-promo-idee-fille-avec-encart-9-16_oDCadR4V.mp4,26/05,11/06,17,3 895,9,12,1,293,1,0,,,,,,,,,,,
2026-05-31,GETPOV_ugc-idee-fille-sans-encart-9-16_7OUYEXZ9.mp4,29/04,01/06,34,3 048,7,6,1,244,1,0,,,,,,,,,,,
2026-05-31,GETPOV_ugc-reassurance-fille-9-16 (1)_s2uBdWpS.mp4,29/04,11/06,44,1 385,3,2,1,72,1,0,,,,,,,,,,,
2026-05-31,Copie de Theory_Getpov_pov-theory-10minutes-9-16_uyMdn3RF.mp4,29/04,11/06,44,625,2,3,2,49,1,1,,,,,,,,,,,
2026-06-01,Envoie ça à un(e) ami(e) qui révise le code ! 💜 #permisdeconduire #codedelaroute #humour #passerlepermis,27/05,11/06,16,548 936,711,2 469,281,144 730,175,106,,,,,,,,,,,
2026-06-01,"La vie est plus belle avec le permis 🥰 Courage à tout le monde pour l’examen, vous allez tout déchirer 💪 #permis #permisdeconduire #pourtoi #passerlepermis",20/05,11/06,23,444 589,674,2 039,267,149 160,181,86,,,,,,,,,,,
2026-06-01,#bonplan #permis #ornikar #conduite #code,05/01,05/06,152,95 763,160,291,46,18 663,36,10,,,,,,,,,,,
2026-06-01,Copie de Driving_Video_Getpov_ugc-promo-1ere-ae-fille-avec-encart-9-16_uhD2ZlFA.mp4,26/05,11/06,17,76 947,128,231,32,6 980,20,12,,,,,,,,,,,
2026-06-01,SHORT_THEORY_9-16_Maman_Rebranded_WJftBKdQ.mp4,11/07,11/06,100,22 104,95,81,35,3 042,20,15,,,,,,,,,,,
2026-06-01,Copie de Driving_Video_Getpov_ugc-promo-1ere-ae-garcon-avec-encart-9-16_5C7IgSdf.mp4,26/05,05/06,11,51 803,93,134,20,5 056,18,2,,,,,,,,,,,
2026-06-01,Image carousel 7,30/01,11/06,133,24 962,68,316,13,1,8,5,,,,,,,,,,,
2026-06-01,Copie de Theory_Getpov_pov-theory-0eur-9-16_K0jI3Jxv.mp4,27/08,10/06,43,37 850,52,66,15,3 865,12,3,,,,,,,,,,,
2026-06-01,SV_DRIVING_Micro1_9-16_Hook1_Rebranded_QxChkwre.mp4,19/03,05/06,79,18 839,38,61,7,2 590,5,2,,,,,,,,,,,
2026-06-01,Driving_Video_Getpov_NathalieB_driving_mai_telephone_9-16_BPcbjNaO.mp4,01/06,08/06,8,25 080,33,61,10,1 965,8,2,,,,,,,,,,,
2026-06-01,Driving_Video_Getpov_Jonathan_driving_mai_telephone_9-16_t4DBSi39.mp4,01/06,08/06,8,22 237,33,67,5,1 458,3,2,,,,,,,,,,,
2026-06-01,Fais pause pour voir ce que tu dois faire maintenant 😉 #Meme #MemeCut,27/05,03/06,8,17 523,33,52,8,1 421,5,3,,,,,,,,,,,
2026-06-01,Theory_Video_Getpov_Jonathan_code_avril_remontage_0euros_2026_hook2_QgLGO98A.mp4,29/05,03/06,6,22 948,33,58,4,1 696,3,1,,,,,,,,,,,
2026-06-01,Theory_Getpov_pov-theory-methodev2-9-16_klFcGRiy.mp4,27/05,03/06,8,13 799,33,31,6,969,5,1,,,,,,,,,,,
2026-06-01,Theory_Video_Getpov_Jonathan_code_avril_remontage_0euros_2026_hook1_AP2JFYNt.mp4,29/05,03/06,6,12 348,33,25,6,882,4,2,,,,,,,,,,,
2026-06-01,Copie de Driving_Video_Getpov_ugc-promo-idee-fille-avec-encart-9-16_oDCadR4V.mp4,26/05,11/06,17,14 621,27,33,5,1 332,4,1,,,,,,,,,,,
2026-06-01,Driving_Video_Inhouse_Louise_driving_mai_telephone_9-16_L9F4DluY.mp4,01/06,08/06,8,16 178,22,45,11,829,7,4,,,,,,,,,,,
2026-06-01,Driving_Video_Inhouse_Dimitri_driving_ecran_metro_soleil_9-16_StIgRAUL.mp4,01/06,11/06,11,17 186,21,119,22,7 005,14,8,,,,,,,,,,,
2026-06-01,Image carousel 6,30/01,11/06,133,11 020,18,133,6,0,4,2,,,,,,,,,,,
2026-06-01,Copie de Theory_Getpov_pov-theory-10minutes-9-16_uyMdn3RF.mp4,27/08,11/06,44,13 127,14,23,6,1 132,4,2,,,,,,,,,,,
2026-06-01,Driving_Video_getpov-revolut-scamv2-9-16_ZMq0m8Vi.mp4,27/05,01/06,6,8 911,14,36,6,629,5,1,,,,,,,,,,,
2026-06-01,GETPOV_ugc-reassurance-fille-9-16 (1)_s2uBdWpS.mp4,29/04,11/06,44,6 958,13,15,2,516,1,1,,,,,,,,,,,
2026-06-01,Driving_Video_getpov-revolut-scamv1-9-16_j9a0lVs2.mp4,27/05,01/06,6,7 038,13,24,2,530,1,1,,,,,,,,,,,
2026-06-01,Driving_Video_getpov-revolut-povv2-9-16_ply9xhJj.mp4,27/05,01/06,6,7 325,11,18,1,991,1,0,,,,,,,,,,,
2026-06-01,GETPOV_ugc-idee-fille-sans-encart-9-16_7OUYEXZ9.mp4,29/04,01/06,34,2 542,5,5,1,239,1,0,,,,,,,,,,,
2026-06-02,Envoie ça à un(e) ami(e) qui révise le code ! 💜 #permisdeconduire #codedelaroute #humour #passerlepermis,27/05,11/06,16,564 776,705,2 384,162,135 794,99,63,,,,,,,,,,,
2026-06-02,"La vie est plus belle avec le permis 🥰 Courage à tout le monde pour l’examen, vous allez tout déchirer 💪 #permis #permisdeconduire #pourtoi #passerlepermis",20/05,11/06,23,290 559,538,1 135,147,96 483,102,45,,,,,,,,,,,
2026-06-02,#bonplan #permis #ornikar #conduite #code,05/01,05/06,152,156 901,266,473,52,31 514,42,10,,,,,,,,,,,
2026-06-02,Copie de Driving_Video_Getpov_ugc-promo-1ere-ae-fille-avec-encart-9-16_uhD2ZlFA.mp4,26/05,11/06,17,81 708,134,231,31,7 537,19,12,,,,,,,,,,,
2026-06-02,SHORT_THEORY_9-16_Maman_Rebranded_WJftBKdQ.mp4,11/07,11/06,100,54 208,112,225,17,7 001,12,5,,,,,,,,,,,
2026-06-02,Copie de Driving_Video_Getpov_ugc-promo-1ere-ae-garcon-avec-encart-9-16_5C7IgSdf.mp4,26/05,05/06,11,62 932,108,138,22,6 115,19,3,,,,,,,,,,,
2026-06-02,SV_DRIVING_Micro1_9-16_Hook1_Rebranded_QxChkwre.mp4,19/03,05/06,79,30 306,60,108,12,4 323,10,2,,,,,,,,,,,
2026-06-02,Copie de Theory_Getpov_pov-theory-0eur-9-16_K0jI3Jxv.mp4,27/08,10/06,43,41 521,58,62,19,4 163,13,6,,,,,,,,,,,
2026-06-02,Image carousel 7,30/01,11/06,133,33 511,51,387,5,0,4,1,,,,,,,,,,,
2026-06-02,Driving_Video_Getpov_NathalieB_driving_mai_telephone_9-16_BPcbjNaO.mp4,01/06,08/06,8,24 219,33,69,7,2 007,5,2,,,,,,,,,,,
2026-06-02,Theory_Video_Getpov_Jonathan_code_avril_remontage_0euros_2026_hook2_QgLGO98A.mp4,29/05,03/06,6,22 571,33,61,9,1 656,6,3,,,,,,,,,,,
2026-06-02,Driving_Video_Inhouse_Louise_driving_mai_telephone_9-16_L9F4DluY.mp4,01/06,08/06,8,21 534,33,52,4,1 166,4,0,,,,,,,,,,,
2026-06-02,Theory_Getpov_pov-theory-methodev2-9-16_klFcGRiy.mp4,27/05,03/06,8,16 349,33,38,0,847,0,0,,,,,,,,,,,
2026-06-02,Driving_Video_Getpov_Jonathan_driving_mai_telephone_9-16_t4DBSi39.mp4,01/06,08/06,8,23 699,33,39,7,1 837,6,1,,,,,,,,,,,
2026-06-02,Driving_Video_Inhouse_Dimitri_driving_ecran_metro_soleil_9-16_StIgRAUL.mp4,01/06,11/06,11,27 013,33,179,23,11 253,16,7,,,,,,,,,,,
2026-06-02,Fais pause pour voir ce que tu dois faire maintenant 😉 #Meme #MemeCut,27/05,03/06,8,18 128,33,51,1,1 366,1,0,,,,,,,,,,,
2026-06-02,Theory_Video_Getpov_Jonathan_code_avril_remontage_0euros_2026_hook1_AP2JFYNt.mp4,29/05,03/06,6,13 397,33,41,3,947,3,0,,,,,,,,,,,
2026-06-02,Image carousel 6,30/01,11/06,133,21 547,29,236,4,0,3,1,,,,,,,,,,,
2026-06-02,GETPOV_ugc-reassurance-fille-9-16 (1)_s2uBdWpS.mp4,29/04,11/06,44,11 817,21,27,1,993,1,0,,,,,,,,,,,
2026-06-02,Copie de Driving_Video_Getpov_ugc-promo-idee-fille-avec-encart-9-16_oDCadR4V.mp4,26/05,11/06,17,9 074,16,31,5,920,3,2,,,,,,,,,,,
2026-06-02,Copie de Theory_Getpov_pov-theory-10minutes-9-16_uyMdn3RF.mp4,27/08,11/06,44,10 808,10,19,2,999,1,1,,,,,,,,,,,
2026-06-03,Driving_Video_Inhouse_Dimitri_driving_ecran_metro_soleil_9-16_StIgRAUL.mp4,01/11,11/06,11,449 757,587,2 627,274,182 880,190,84,,,,,,,,,,,
2026-06-03,Envoie ça à un(e) ami(e) qui révise le code ! 💜 #permisdeconduire #codedelaroute #humour #passerlepermis,27/05,11/06,16,390 466,584,1 604,145,83 086,91,54,,,,,,,,,,,
2026-06-03,"La vie est plus belle avec le permis 🥰 Courage à tout le monde pour l’examen, vous allez tout déchirer 💪 #permis #permisdeconduire #pourtoi #passerlepermis",20/05,11/06,23,150 252,288,567,67,45 316,49,18,,,,,,,,,,,
2026-06-03,SHORT_THEORY_9-16_Maman_Rebranded_WJftBKdQ.mp4,11/07,11/06,100,60 963,211,302,60,8 689,37,23,,,,,,,,,,,
2026-06-03,#bonplan #permis #ornikar #conduite #code,05/01,05/06,152,69 302,121,223,25,13 803,18,7,,,,,,,,,,,
2026-06-03,Copie de Driving_Video_Getpov_ugc-promo-1ere-ae-fille-avec-encart-9-16_uhD2ZlFA.mp4,26/05,11/06,17,32 207,59,83,6,2 823,5,1,,,,,,,,,,,
2026-06-03,Copie de Driving_Video_Getpov_ugc-promo-1ere-ae-garcon-avec-encart-9-16_5C7IgSdf.mp4,26/05,05/06,11,28 279,54,80,6,2 972,4,2,,,,,,,,,,,
2026-06-03,SV_DRIVING_Micro1_9-16_Hook1_Rebranded_QxChkwre.mp4,19/03,05/06,79,23 432,49,83,9,3 436,6,3,,,,,,,,,,,
2026-06-03,"Si toi aussi t’oses pas poser certaines questions, on y répond 🫣 Écris en commentaire les questions auxquelles tu voudrais que notre monitrice Marjorie réponde 😎 #ornikar #permis #permisdeconduire #codedelaroute",03/06,08/06,6,31 705,42,123,20,4 862,15,5,,,,,,,,,,,
2026-06-03,Driving_Video_Getpov_NathalieB_driving_mai_telephone_9-16_BPcbjNaO.mp4,01/06,08/06,8,21 173,33,70,4,1 843,3,1,,,,,,,,,,,
2026-06-03,Driving_Video_Inhouse_Louise_driving_mai_telephone_9-16_L9F4DluY.mp4,01/06,08/06,8,16 815,33,40,8,920,5,3,,,,,,,,,,,
2026-06-03,Image carousel 7,30/01,11/06,133,15 984,33,199,15,0,9,6,,,,,,,,,,,
2026-06-03,Copie de Theory_Getpov_pov-theory-10minutes-9-16_uyMdn3RF.mp4,27/08,11/06,44,21 122,30,38,3,1 949,3,0,,,,,,,,,,,
2026-06-03,Copie de Theory_Getpov_pov-theory-0eur-9-16_K0jI3Jxv.mp4,27/08,10/06,43,20 815,27,32,7,1 831,5,2,,,,,,,,,,,
2026-06-03,Image carousel 6,30/01,11/06,133,19 620,26,213,3,0,2,1,,,,,,,,,,,
2026-06-03,Driving_Video_Getpov_Jonathan_driving_mai_telephone_9-16_t4DBSi39.mp4,01/06,08/06,8,13 718,21,34,5,1 210,5,0,,,,,,,,,,,
2026-06-03,Theory_Video_Getpov_Jonathan_code_avril_remontage_0euros_2026_hook1_AP2JFYNt.mp4,29/05,03/06,6,6 551,18,13,5,470,3,2,,,,,,,,,,,
2026-06-03,Fais pause pour voir ce que tu dois faire maintenant 😉 #Meme #MemeCut,27/05,03/06,8,11 805,17,40,6,1 005,4,2,,,,,,,,,,,
2026-06-03,Theory_Video_Getpov_Pov_pas_une_question_de_chance_remontage_prix_abonnement_2026.mp4,03/06,08/06,6,8 761,16,20,5,772,4,1,,,,,,,,,,,
2026-06-03,Encore un signe pour passer mon permis avec Ornikar 👀 Lien en bio 👉 #permis #ornikar #permisdeconduire #autoecole,03/06,11/06,9,13 486,16,43,9,2 747,6,3,,,,,,,,,,,
2026-06-03,Theory_Video_Getpov_Pov_pas_une_question_de_chance_remontage_priceless_2026.mp4,03/06,08/06,6,8 055,15,19,0,674,0,0,,,,,,,,,,,
2026-06-03,Theory_Video_Getpov_Jonathan_code_avril_remontage_0euros_2026_hook2_QgLGO98A.mp4,29/05,03/06,6,8 853,14,22,2,673,1,1,,,,,,,,,,,
2026-06-03,Theory_Getpov_pov-theory-methodev2-9-16_klFcGRiy.mp4,27/05,03/06,8,3 083,14,6,0,142,0,0,,,,,,,,,,,
2026-06-03,"Le démarrage en côte sans caler, ça s’apprend 💪 Marjorie te montre les étapes une par une. Enregistre la vidéo avant ton prochain cours 😉 #permisdeconduire #demarrageencote #permis",03/06,11/06,9,10 836,13,71,6,1 940,5,1,,,,,,,,,,,
2026-06-03,GETPOV_ugc-reassurance-fille-9-16 (1)_s2uBdWpS.mp4,29/04,11/06,44,6 281,12,16,7,565,4,3,,,,,,,,,,,
2026-06-03,Copie de Driving_Video_Getpov_ugc-promo-idee-fille-avec-encart-9-16_oDCadR4V.mp4,26/05,11/06,17,4 087,8,15,4,409,3,1,,,,,,,,,,,
2026-06-04,Driving_Video_Inhouse_Dimitri_driving_ecran_metro_soleil_9-16_StIgRAUL.mp4,01/06,11/06,11,401 188,669,1 963,197,154 505,137,60,,,,,,,,,,,
2026-06-04,Envoie ça à un(e) ami(e) qui révise le code ! 💜 #permisdeconduire #codedelaroute #humour #passerlepermis,27/05,11/06,16,236 818,433,921,67,48 618,44,23,,,,,,,,,,,
2026-06-04,"La vie est plus belle avec le permis 🥰 Courage à tout le monde pour l’examen, vous allez tout déchirer 💪 #permis #permisdeconduire #pourtoi #passerlepermis",20/05,11/06,23,129 201,287,403,43,36 421,26,17,,,,,,,,,,,
2026-06-04,SHORT_THEORY_9-16_Maman_Rebranded_WJftBKdQ.mp4,11/07,11/06,100,78 783,273,366,73,12 557,45,28,,,,,,,,,,,
2026-06-04,#bonplan #permis #ornikar #conduite #code,05/01,05/06,152,61 086,114,149,18,13 132,12,6,,,,,,,,,,,
2026-06-04,Copie de Theory_Getpov_pov-theory-10minutes-9-16_uyMdn3RF.mp4,27/08,11/06,44,27 242,60,62,14,2 929,9,5,,,,,,,,,,,
2026-06-04,Copie de Driving_Video_Getpov_ugc-promo-1ere-ae-garcon-avec-encart-9-16_5C7IgSdf.mp4,26/05,05/06,11,20 632,46,57,9,1 775,6,3,,,,,,,,,,,
2026-06-04,"Si toi aussi t’oses pas poser certaines questions, on y répond 🫣 Écris en commentaire les questions auxquelles tu voudrais que notre monitrice Marjorie réponde 😎 #ornikar #permis #permisdeconduire #codedelaroute",03/06,08/06,6,23 201,41,93,12,4 323,8,4,,,,,,,,,,,
2026-06-04,Copie de Driving_Video_Getpov_ugc-promo-1ere-ae-fille-avec-encart-9-16_uhD2ZlFA.mp4,26/05,11/06,17,16 789,38,55,6,1 440,5,1,,,,,,,,,,,
2026-06-04,Encore un signe pour passer mon permis avec Ornikar 👀 Lien en bio 👉 #permis #ornikar #permisdeconduire #autoecole,03/06,11/06,9,20 329,33,60,6,4 401,5,1,,,,,,,,,,,
2026-06-04,Driving_Video_Getpov_NathalieB_driving_mai_telephone_9-16_BPcbjNaO.mp4,01/06,08/06,8,13 198,33,38,1,1 152,1,0,,,,,,,,,,,
2026-06-04,Theory_Video_Getpov_Pov_pas_une_question_de_chance_remontage_prix_abonnement_2026.mp4,03/06,08/06,6,13 394,33,41,4,1 472,4,0,,,,,,,,,,,
2026-06-04,Theory_Video_Getpov_Pov_pas_une_question_de_chance_remontage_priceless_2026.mp4,03/06,08/06,6,18 941,33,61,11,1 626,7,4,,,,,,,,,,,
2026-06-04,Driving_Video_Inhouse_Louise_driving_mai_telephone_9-16_L9F4DluY.mp4,01/06,08/06,8,18 418,33,42,7,1 118,4,3,,,,,,,,,,,
2026-06-04,Copie de Theory_Getpov_pov-theory-0eur-9-16_K0jI3Jxv.mp4,27/08,10/06,43,20 445,32,36,4,1 835,3,1,,,,,,,,,,,
2026-06-04,"Le démarrage en côte sans caler, ça s’apprend 💪 Marjorie te montre les étapes une par une. Enregistre la vidéo avant ton prochain cours 😉 #permisdeconduire #demarrageencote #permis",03/06,11/06,9,25 762,32,148,11,4 977,7,4,,,,,,,,,,,
2026-06-04,Image carousel 7,30/01,11/06,133,2 279,32,75,4,0,4,0,,,,,,,,,,,
2026-06-04,SV_DRIVING_Micro1_9-16_Hook1_Rebranded_QxChkwre.mp4,19/03,05/06,79,6 851,15,21,1,894,1,0,,,,,,,,,,,
2026-06-04,Image carousel 6,30/01,11/06,133,3 795,10,64,3,0,2,1,,,,,,,,,,,
2026-06-04,GETPOV_ugc-reassurance-fille-9-16 (1)_s2uBdWpS.mp4,29/04,11/06,44,3 025,6,4,0,249,0,0,,,,,,,,,,,
2026-06-04,Copie de Driving_Video_Getpov_ugc-promo-idee-fille-avec-encart-9-16_oDCadR4V.mp4,26/05,11/06,17,1 238,3,3,0,109,0,0,,,,,,,,,,,
2026-06-04,Driving_Video_Getpov_Jonathan_driving_mai_telephone_9-16_t4DBSi39.mp4,01/06,08/06,8,633,1,2,0,46,0,0,,,,,,,,,,,
2026-06-05,Driving_Video_Inhouse_Dimitri_driving_ecran_metro_soleil_9-16_StIgRAUL.mp4,01/06,11/06,11,246 122,460,1 045,147,86 577,98,49,,,,,,,,,,,
2026-06-05,Envoie ça à un(e) ami(e) qui révise le code ! 💜 #permisdeconduire #codedelaroute #humour #passerlepermis,27/05,11/06,16,224 893,378,1 059,99,55 627,58,41,,,,,,,,,,,
2026-06-05,SHORT_THEORY_9-16_Maman_Rebranded_WJftBKdQ.mp4,11/07,11/06,100,78 155,260,316,31,14 109,22,9,,,,,,,,,,,
2026-06-05,"La vie est plus belle avec le permis 🥰 Courage à tout le monde pour l’examen, vous allez tout déchirer 💪 #permis #permisdeconduire #pourtoi #passerlepermis",20/05,11/06,23,101 457,243,333,35,29 637,25,10,,,,,,,,,,,
2026-06-05,Encore un signe pour passer mon permis avec Ornikar 👀 Lien en bio 👉 #permis #ornikar #permisdeconduire #autoecole,05/11,11/06,9,81 222,165,239,37,26 037,26,11,,,,,,,,,,,
2026-06-05,"Le démarrage en côte sans caler, ça s’apprend 💪 Marjorie te montre les étapes une par une. Enregistre la vidéo avant ton prochain cours 😉 #permisdeconduire #demarrageencote #permis",05/11,11/06,9,68 354,109,276,29,13 724,20,9,,,,,,,,,,,
2026-06-05,Driving_Video_Inhouse_Promo_IDF.mp4,05/06,11/06,7,52 339,91,156,14,9 538,11,3,,,,,,,,,,,
2026-06-05,Copie de Theory_Getpov_pov-theory-0eur-9-16_K0jI3Jxv.mp4,27/08,10/06,43,45 729,72,71,15,4 883,14,1,,,,,,,,,,,
2026-06-05,Copie de Driving_Video_Getpov_ugc-promo-1ere-ae-fille-avec-encart-9-16_uhD2ZlFA.mp4,26/05,11/06,17,20 075,45,57,3,1 789,3,0,,,,,,,,,,,
2026-06-05,"Si toi aussi t’oses pas poser certaines questions, on y répond 🫣 Écris en commentaire les questions auxquelles tu voudrais que notre monitrice Marjorie réponde 😎 #ornikar #permis #permisdeconduire #codedelaroute",03/06,08/06,6,17 732,36,106,10,3 167,7,3,,,,,,,,,,,
2026-06-05,#bonplan #permis #ornikar #conduite #code,05/01,05/06,152,18 223,34,55,13,3 681,11,2,,,,,,,,,,,
2026-06-05,Driving_Video_Inhouse_Louise_driving_mai_telephone_9-16_L9F4DluY.mp4,01/06,08/06,8,16 911,33,42,5,1 059,3,2,,,,,,,,,,,
2026-06-05,Theory_Video_Getpov_Pov_pas_une_question_de_chance_remontage_prix_abonnement_2026.mp4,03/06,08/06,6,11 484,33,30,2,1 271,2,0,,,,,,,,,,,
2026-06-05,Driving_Video_Getpov_NathalieB_driving_mai_telephone_9-16_BPcbjNaO.mp4,01/06,08/06,8,15 235,33,41,3,1 521,3,0,,,,,,,,,,,
2026-06-05,Theory_Video_Getpov_Pov_pas_une_question_de_chance_remontage_priceless_2026.mp4,03/06,08/06,6,21 210,33,53,4,1 703,3,1,,,,,,,,,,,
2026-06-05,Image carousel 7,30/01,11/06,133,4 470,33,92,9,0,5,4,,,,,,,,,,,
2026-06-05,Copie de Driving_Video_Getpov_ugc-promo-1ere-ae-garcon-avec-encart-9-16_5C7IgSdf.mp4,26/05,05/06,11,11 140,26,30,0,1 146,0,0,,,,,,,,,,,
2026-06-05,SV_DRIVING_Micro1_9-16_Hook1_Rebranded_QxChkwre.mp4,19/03,05/06,79,8 826,21,23,6,1 203,5,1,,,,,,,,,,,
2026-06-05,Driving_Video_Getpov_Jonathan_driving_mai_telephone_9-16_t4DBSi39.mp4,01/06,08/06,8,9 099,18,16,2,735,2,0,,,,,,,,,,,
2026-06-05,Copie de Theory_Getpov_pov-theory-10minutes-9-16_uyMdn3RF.mp4,27/08,11/06,44,8 293,17,19,4,850,3,1,,,,,,,,,,,
2026-06-05,Image carousel 6,30/01,11/06,133,7 224,15,113,3,0,2,1,,,,,,,,,,,
2026-06-05,GETPOV_ugc-reassurance-fille-9-16 (1)_s2uBdWpS.mp4,29/04,11/06,44,2 958,7,7,0,227,0,0,,,,,,,,,,,
2026-06-05,Copie de Driving_Video_Getpov_ugc-promo-idee-fille-avec-encart-9-16_oDCadR4V.mp4,26/05,11/06,17,2 299,5,5,0,213,0,0,,,,,,,,,,,
2026-06-06,Driving_Video_Inhouse_Dimitri_driving_ecran_metro_soleil_9-16_StIgRAUL.mp4,01/06,11/06,11,348 775,568,1 735,156,118 775,104,52,,,,,,,,,,,
2026-06-06,Envoie ça à un(e) ami(e) qui révise le code ! 💜 #permisdeconduire #codedelaroute #humour #passerlepermis,27/05,11/06,16,237 630,359,1 134,87,57 471,49,38,,,,,,,,,,,
2026-06-06,Encore un signe pour passer mon permis avec Ornikar 👀 Lien en bio 👉 #permis #ornikar #permisdeconduire #autoecole,03/06,11/06,9,120 594,232,338,40,33 560,29,11,,,,,,,,,,,
2026-06-06,SHORT_THEORY_9-16_Maman_Rebranded_WJftBKdQ.mp4,11/07,11/06,100,63 911,166,274,31,9 717,23,8,,,,,,,,,,,
2026-06-06,"La vie est plus belle avec le permis 🥰 Courage à tout le monde pour l’examen, vous allez tout déchirer 💪 #permis #permisdeconduire #pourtoi #passerlepermis",20/05,11/06,23,71 495,161,279,20,19 326,16,4,,,,,,,,,,,
2026-06-06,Driving_Video_Inhouse_Promo_IDF.mp4,05/06,11/06,7,51 916,91,188,20,8 999,14,6,,,,,,,,,,,
2026-06-06,Copie de Theory_Getpov_pov-theory-0eur-9-16_K0jI3Jxv.mp4,27/08,10/06,43,39 177,66,69,9,4 493,8,1,,,,,,,,,,,
2026-06-06,"Le démarrage en côte sans caler, ça s’apprend 💪 Marjorie te montre les étapes une par une. Enregistre la vidéo avant ton prochain cours 😉 #permisdeconduire #demarrageencote #permis",03/06,11/06,9,26 648,52,106,9,5 530,6,3,,,,,,,,,,,
2026-06-06,Copie de Driving_Video_Getpov_ugc-promo-1ere-ae-fille-avec-encart-9-16_uhD2ZlFA.mp4,26/05,11/06,17,20 638,46,64,21,1 793,13,8,,,,,,,,,,,
2026-06-06,Image carousel 7,30/01,11/06,133,12 184,43,212,4,1,3,1,,,,,,,,,,,
2026-06-06,"Si toi aussi t’oses pas poser certaines questions, on y répond 🫣 Écris en commentaire les questions auxquelles tu voudrais que notre monitrice Marjorie réponde 😎 #ornikar #permis #permisdeconduire #codedelaroute",03/06,08/06,6,20 011,34,112,6,3 391,4,2,,,,,,,,,,,
2026-06-06,Driving_Video_Inhouse_Louise_driving_mai_telephone_9-16_L9F4DluY.mp4,01/06,08/06,8,16 662,33,35,1,947,1,0,,,,,,,,,,,
2026-06-06,Driving_Video_Getpov_Jonathan_driving_mai_telephone_9-16_t4DBSi39.mp4,01/06,08/06,8,16 160,33,32,9,1 258,7,2,,,,,,,,,,,
2026-06-06,Theory_Video_Getpov_Pov_pas_une_question_de_chance_remontage_prix_abonnement_2026.mp4,03/06,08/06,6,12 601,33,34,6,1 279,4,2,,,,,,,,,,,
2026-06-06,Theory_Video_Getpov_Pov_pas_une_question_de_chance_remontage_priceless_2026.mp4,03/06,08/06,6,19 625,33,60,4,1 586,3,1,,,,,,,,,,,
2026-06-06,Driving_Video_Getpov_NathalieB_driving_mai_telephone_9-16_BPcbjNaO.mp4,01/06,08/06,8,13 697,33,46,3,1 205,2,1,,,,,,,,,,,
2026-06-06,Image carousel 6,30/01,11/06,133,3 779,10,77,2,0,1,1,,,,,,,,,,,
2026-06-06,Copie de Driving_Video_Getpov_ugc-promo-idee-fille-avec-encart-9-16_oDCadR4V.mp4,26/05,11/06,17,4 050,8,12,1,434,1,0,,,,,,,,,,,
2026-06-06,Copie de Theory_Getpov_pov-theory-10minutes-9-16_uyMdn3RF.mp4,27/08,11/06,44,4 356,6,3,4,457,2,2,,,,,,,,,,,
2026-06-06,GETPOV_ugc-reassurance-fille-9-16 (1)_s2uBdWpS.mp4,29/04,11/06,44,1 956,4,4,0,164,0,0,,,,,,,,,,,
2026-06-07,Envoie ça à un(e) ami(e) qui révise le code ! 💜 #permisdeconduire #codedelaroute #humour #passerlepermis,27/05,11/06,16,314 786,496,1 364,89,70 279,56,33,,,,,,,,,,,
2026-06-07,Driving_Video_Inhouse_Dimitri_driving_ecran_metro_soleil_9-16_StIgRAUL.mp4,01/06,11/06,11,285 324,436,1 422,128,88 255,82,46,,,,,,,,,,,
2026-06-07,SHORT_THEORY_9-16_Maman_Rebranded_WJftBKdQ.mp4,11/07,11/06,100,115 143,327,495,77,16 060,51,26,,,,,,,,,,,
2026-06-07,Encore un signe pour passer mon permis avec Ornikar 👀 Lien en bio 👉 #permis #ornikar #permisdeconduire #autoecole,03/06,11/06,9,103 217,202,305,19,25 949,14,5,,,,,,,,,,,
2026-06-07,"Le démarrage en côte sans caler, ça s’apprend 💪 Marjorie te montre les étapes une par une. Enregistre la vidéo avant ton prochain cours 😉 #permisdeconduire #demarrageencote #permis",03/06,11/06,9,106 381,191,483,36,18 784,25,11,,,,,,,,,,,
2026-06-07,"La vie est plus belle avec le permis 🥰 Courage à tout le monde pour l’examen, vous allez tout déchirer 💪 #permis #permisdeconduire #pourtoi #passerlepermis",20/05,11/06,23,78 572,153,308,42,19 467,28,14,,,,,,,,,,,
2026-06-07,Driving_Video_Inhouse_Promo_IDF.mp4,05/06,11/06,7,53 092,87,174,10,8 322,8,2,,,,,,,,,,,
2026-06-07,Copie de Driving_Video_Getpov_ugc-promo-1ere-ae-fille-avec-encart-9-16_uhD2ZlFA.mp4,26/05,11/06,17,37 001,73,89,16,3 305,10,6,,,,,,,,,,,
2026-06-07,Copie de Theory_Getpov_pov-theory-0eur-9-16_K0jI3Jxv.mp4,27/08,10/06,43,40 980,57,80,22,4 208,17,5,,,,,,,,,,,
2026-06-07,Image carousel 7,30/01,11/06,133,24 974,49,343,4,1,3,1,,,,,,,,,,,
2026-06-07,Driving_Video_Getpov_NathalieB_driving_mai_telephone_9-16_BPcbjNaO.mp4,01/06,08/06,8,11 528,33,27,1,946,1,0,,,,,,,,,,,
2026-06-07,Driving_Video_Getpov_Jonathan_driving_mai_telephone_9-16_t4DBSi39.mp4,01/06,08/06,8,19 502,33,44,5,1 388,4,1,,,,,,,,,,,
2026-06-07,"Si toi aussi t’oses pas poser certaines questions, on y répond 🫣 Écris en commentaire les questions auxquelles tu voudrais que notre monitrice Marjorie réponde 😎 #ornikar #permis #permisdeconduire #codedelaroute",03/06,08/06,6,21 558,33,139,12,3 548,7,5,,,,,,,,,,,
2026-06-07,Theory_Video_Getpov_Pov_pas_une_question_de_chance_remontage_priceless_2026.mp4,03/06,08/06,6,18 234,33,40,3,1 326,3,0,,,,,,,,,,,
2026-06-07,Driving_Video_Inhouse_Louise_driving_mai_telephone_9-16_L9F4DluY.mp4,01/06,08/06,8,18 888,33,47,6,1 095,4,2,,,,,,,,,,,
2026-06-07,Theory_Video_Getpov_Pov_pas_une_question_de_chance_remontage_prix_abonnement_2026.mp4,03/06,08/06,6,15 180,33,37,7,1 427,6,1,,,,,,,,,,,
2026-06-07,Image carousel 6,30/01,11/06,133,6 501,17,116,5,0,4,1,,,,,,,,,,,
2026-06-07,Copie de Driving_Video_Getpov_ugc-promo-idee-fille-avec-encart-9-16_oDCadR4V.mp4,26/05,11/06,17,5 451,11,25,4,558,3,1,,,,,,,,,,,
2026-06-07,Copie de Theory_Getpov_pov-theory-10minutes-9-16_uyMdn3RF.mp4,27/08,11/06,44,5 121,7,7,3,485,2,1,,,,,,,,,,,
2026-06-07,GETPOV_ugc-reassurance-fille-9-16 (1)_s2uBdWpS.mp4,29/04,11/06,44,2 191,5,6,0,178,0,0,,,,,,,,,,,
2026-06-08,Driving_Video_Inhouse_Dimitri_driving_ecran_metro_soleil_9-16_StIgRAUL.mp4,01/06,11/06,11,337 045,507,1 586,152,113 269,104,48,,,,,,,,,,,
2026-06-08,Envoie ça à un(e) ami(e) qui révise le code ! 💜 #permisdeconduire #codedelaroute #humour #passerlepermis,27/05,11/06,16,309 046,505,1 322,121,71 060,74,47,,,,,,,,,,,
2026-06-08,SHORT_THEORY_9-16_Maman_Rebranded_WJftBKdQ.mp4,11/07,11/06,100,101 366,325,464,89,16 793,54,35,,,,,,,,,,,
2026-06-08,"Si toi aussi t’oses pas poser certaines questions, on y répond 🫣 Écris en commentaire les questions auxquelles tu voudrais que notre monitrice Marjorie réponde 😎 #ornikar #permis #permisdeconduire #codedelaroute _Ad name - Driving",08/06,11/06,4,181 236,278,1 053,82,38 326,53,29,,,,,,,,,,,
2026-06-08,"Le démarrage en côte sans caler, ça s’apprend 💪 Marjorie te montre les étapes une par une. Enregistre la vidéo avant ton prochain cours 😉 #permisdeconduire #demarrageencote #permis",03/06,11/06,9,70 935,135,318,22,13 478,17,5,,,,,,,,,,,
2026-06-08,"La vie est plus belle avec le permis 🥰 Courage à tout le monde pour l’examen, vous allez tout déchirer 💪 #permis #permisdeconduire #pourtoi #passerlepermis",20/05,11/06,23,56 503,131,180,32,15 526,21,11,,,,,,,,,,,
2026-06-08,Encore un signe pour passer mon permis avec Ornikar 👀 Lien en bio 👉 #permis #ornikar #permisdeconduire #autoecole,03/06,11/06,9,40 291,76,94,16,9 478,14,2,,,,,,,,,,,
2026-06-08,Copie de Theory_Getpov_pov-theory-0eur-9-16_K0jI3Jxv.mp4,27/08,10/06,43,35 360,60,60,13,4 202,12,1,,,,,,,,,,,
2026-06-08,Copie de Driving_Video_Getpov_ugc-promo-1ere-ae-fille-avec-encart-9-16_uhD2ZlFA.mp4,26/05,11/06,17,21 317,41,65,9,2 115,6,3,,,,,,,,,,,
2026-06-08,"T’as payé combien toi pour réviser ton code ? 👇  (commentez, on juge pas 🫣) #ornikar #MemeCut #codelaroute _Ad name Test Code 3",08/06,11/06,4,16 371,33,51,8,885,6,2,,,,,,,,,,,
2026-06-08,Image carousel 7,30/01,11/06,133,7 641,21,150,4,0,2,2,,,,,,,,,,,
2026-06-08,Theory_Video_Getpov_Pov_pas_une_question_de_chance_remontage_prix_abonnement_2026.mp4,03/06,08/06,6,8 913,19,24,13,979,8,5,,,,,,,,,,,
2026-06-08,"Si toi aussi t’oses pas poser certaines questions, on y répond 🫣 Écris en commentaire les questions auxquelles tu voudrais que notre monitrice Marjorie réponde 😎 #ornikar #permis #permisdeconduire #codedelaroute",03/06,08/06,6,12 170,19,67,5,2 247,3,2,,,,,,,,,,,
2026-06-08,Theory_Video_Getpov_Pov_pas_une_question_de_chance_remontage_priceless_2026.mp4,03/06,08/06,6,12 173,19,33,7,990,4,3,,,,,,,,,,,
2026-06-08,Driving_Video_Getpov_NathalieB_driving_mai_telephone_9-16_BPcbjNaO.mp4,01/06,08/06,8,7 541,18,20,6,731,4,2,,,,,,,,,,,
2026-06-08,Driving_Video_Getpov_Jonathan_driving_mai_telephone_9-16_t4DBSi39.mp4,01/06,08/06,8,9 843,17,18,2,805,2,0,,,,,,,,,,,
2026-06-08,Driving_Video_Inhouse_Promo_IDF.mp4,05/06,11/06,7,8 996,17,27,3,1 452,3,0,,,,,,,,,,,
2026-06-08,La réalité quand t’as pas le permis 🥲 #pov #relatable #humour #permis #amitié    _Ad name Test Cond - 2,08/06,11/06,4,10 589,17,32,0,1 391,0,0,,,,,,,,,,,
2026-06-08,Driving_Video_Inhouse_Louise_driving_mai_telephone_9-16_L9F4DluY.mp4,01/06,08/06,8,9 949,16,20,2,634,2,0,,,,,,,,,,,
2026-06-08,Driving_Video_Inhouse_Caption_RER_Soleil_Variation 4.mp4_Ad name Test Cond - 4,08/06,11/06,4,8 662,16,31,0,2 078,0,0,,,,,,,,,,,
2026-06-08,Driving_Video_Getpov_Kelly_Driving_mai_9-16.mp4_Ad name Test Cond - 5,08/06,11/06,4,7 561,16,26,1,563,1,0,,,,,,,,,,,
2026-06-08,Driving_Video_Inhouse_Caption_Metro_Soleil_Variation 3.mp4_Ad name Test Cond - 3,08/06,11/06,4,8 856,14,29,3,2 341,2,1,,,,,,,,,,,
2026-06-08,Copie de Theory_Getpov_pov-theory-10minutes-9-16_uyMdn3RF.mp4,27/08,11/06,44,4 155,8,10,2,393,1,1,,,,,,,,,,,
2026-06-08,Image carousel 6,30/01,11/06,133,2 573,7,45,4,0,3,1,,,,,,,,,,,
2026-06-08,Copie de Driving_Video_Getpov_ugc-promo-idee-fille-avec-encart-9-16_oDCadR4V.mp4,26/05,11/06,17,2 778,6,10,0,297,0,0,,,,,,,,,,,
2026-06-08,GETPOV_ugc-reassurance-fille-9-16 (1)_s2uBdWpS.mp4,29/04,11/06,44,1 246,3,4,2,129,1,1,,,,,,,,,,,
2026-06-09,"Si toi aussi t’oses pas poser certaines questions, on y répond 🫣 Écris en commentaire les questions auxquelles tu voudrais que notre monitrice Marjorie réponde 😎 #ornikar #permis #permisdeconduire #codedelaroute _Ad name - Driving",08/06,11/06,4,274 078,432,1 576,101,61 671,68,33,,,,,,,,,,,
2026-06-09,Envoie ça à un(e) ami(e) qui révise le code ! 💜 #permisdeconduire #codedelaroute #humour #passerlepermis,27/05,11/06,16,235 572,424,987,73,52 247,47,26,,,,,,,,,,,
2026-06-09,Driving_Video_Inhouse_Dimitri_driving_ecran_metro_soleil_9-16_StIgRAUL.mp4,01/06,11/06,11,288 429,423,1 240,100,92 545,70,30,,,,,,,,,,,
2026-06-09,SHORT_THEORY_9-16_Maman_Rebranded_WJftBKdQ.mp4,11/07,11/06,100,124 716,380,613,82,19 795,52,30,,,,,,,,,,,
2026-06-09,"La vie est plus belle avec le permis 🥰 Courage à tout le monde pour l’examen, vous allez tout déchirer 💪 #permis #permisdeconduire #pourtoi #passerlepermis",20/05,11/06,23,70 218,148,220,26,20 093,18,8,,,,,,,,,,,
2026-06-09,"Le démarrage en côte sans caler, ça s’apprend 💪 Marjorie te montre les étapes une par une. Enregistre la vidéo avant ton prochain cours 😉 #permisdeconduire #demarrageencote #permis",03/06,11/06,9,42 497,83,194,10,8 497,7,3,,,,,,,,,,,
2026-06-09,Copie de Theory_Getpov_pov-theory-0eur-9-16_K0jI3Jxv.mp4,27/08,10/06,43,38 861,60,72,16,4 582,14,2,,,,,,,,,,,
2026-06-09,Encore un signe pour passer mon permis avec Ornikar 👀 Lien en bio 👉 #permis #ornikar #permisdeconduire #autoecole,03/06,11/06,9,25 471,48,64,11,6 105,8,3,,,,,,,,,,,
2026-06-09,Driving_Video_Getpov_Kelly_Driving_mai_9-16.mp4_Ad name Test Cond - 5,08/06,11/06,4,15 959,33,37,4,1 454,3,1,,,,,,,,,,,
2026-06-09,On est dans la même team?😭 #permis2026 #ornikar #permisdeconduire _Ad name Test Cond - 1,09/06,11/06,3,17 477,33,65,8,2 914,6,2,,,,,,,,,,,
2026-06-09,La réalité quand t’as pas le permis 🥲 #pov #relatable #humour #permis #amitié    _Ad name Test Cond - 2,08/06,11/06,4,26 491,33,64,10,3 660,7,3,,,,,,,,,,,
2026-06-09,Driving_Video_Inhouse_Caption_Metro_Soleil_Variation 3.mp4_Ad name Test Cond - 3,08/06,11/06,4,27 445,33,128,12,7 862,10,2,,,,,,,,,,,
2026-06-09,"T’as payé combien toi pour réviser ton code ? 👇  (commentez, on juge pas 🫣) #ornikar #MemeCut #codelaroute _Ad name Test Code 3",08/06,11/06,4,15 897,33,48,12,989,6,6,,,,,,,,,,,
2026-06-09,Driving_Video_Inhouse_Caption_RER_Soleil_Variation 4.mp4_Ad name Test Cond - 4,08/06,11/06,4,18 055,33,51,8,4 754,5,3,,,,,,,,,,,
2026-06-09,Copie de Driving_Video_Getpov_ugc-promo-1ere-ae-fille-avec-encart-9-16_uhD2ZlFA.mp4,26/05,11/06,17,17 577,31,44,3,1 700,2,1,,,,,,,,,,,
2026-06-09,Driving_Video_Inhouse_Promo_IDF.mp4,05/06,11/06,7,13 710,23,44,6,2 368,5,1,,,,,,,,,,,
2026-06-09,Image carousel 7,30/01,11/06,133,11 013,19,177,4,0,3,1,,,,,,,,,,,
2026-06-09,Copie de Theory_Getpov_pov-theory-10minutes-9-16_uyMdn3RF.mp4,27/08,11/06,44,5 403,15,8,2,701,1,1,,,,,,,,,,,
2026-06-09,Copie de Driving_Video_Getpov_ugc-promo-idee-fille-avec-encart-9-16_oDCadR4V.mp4,26/05,11/06,17,2 791,6,15,1,324,1,0,,,,,,,,,,,
2026-06-09,Image carousel 6,30/01,11/06,133,2 856,5,53,1,0,1,0,,,,,,,,,,,
2026-06-09,GETPOV_ugc-reassurance-fille-9-16 (1)_s2uBdWpS.mp4,29/04,11/06,44,910,2,2,0,86,0,0,,,,,,,,,,,
2026-06-10,Driving_Video_Inhouse_Dimitri_driving_ecran_metro_soleil_9-16_StIgRAUL.mp4,01/06,11/06,11,392 394,572,1 725,119,135 181,90,29,,,,,,,,,,,
2026-06-10,"Si toi aussi t’oses pas poser certaines questions, on y répond 🫣 Écris en commentaire les questions auxquelles tu voudrais que notre monitrice Marjorie réponde 😎 #ornikar #permis #permisdeconduire #codedelaroute _Ad name - Driving",08/06,11/06,4,325 509,542,1 681,73,70 260,48,25,,,,,,,,,,,
2026-06-10,Envoie ça à un(e) ami(e) qui révise le code ! 💜 #permisdeconduire #codedelaroute #humour #passerlepermis,27/05,11/06,16,261 628,452,994,61,63 591,43,18,,,,,,,,,,,
2026-06-10,SHORT_THEORY_9-16_Maman_Rebranded_WJftBKdQ.mp4,11/07,11/06,100,93 447,316,514,82,14 569,50,32,,,,,,,,,,,
2026-06-10,"La vie est plus belle avec le permis 🥰 Courage à tout le monde pour l’examen, vous allez tout déchirer 💪 #permis #permisdeconduire #pourtoi #passerlepermis",20/05,11/06,23,101 557,211,371,32,29 403,24,8,,,,,,,,,,,
2026-06-10,"Le démarrage en côte sans caler, ça s’apprend 💪 Marjorie te montre les étapes une par une. Enregistre la vidéo avant ton prochain cours 😉 #permisdeconduire #demarrageencote #permis",03/06,11/06,9,81 462,144,330,22,17 639,16,6,,,,,,,,,,,
2026-06-10,Encore un signe pour passer mon permis avec Ornikar 👀 Lien en bio 👉 #permis #ornikar #permisdeconduire #autoecole,03/06,11/06,9,65 204,118,163,20,17 161,14,6,,,,,,,,,,,
2026-06-10,Image carousel 7,30/01,11/06,133,48 761,63,587,7,0,5,2,,,,,,,,,,,
2026-06-10,Copie de Driving_Video_Getpov_ugc-promo-1ere-ae-fille-avec-encart-9-16_uhD2ZlFA.mp4,26/05,11/06,17,31 459,57,67,10,3 503,7,3,,,,,,,,,,,
2026-06-10,Envoie ça à un(e) ami(e) qui révise le code ! 💜 #permisdeconduire #codedelaroute #humour #passerlepermis _Ad Name,10/06,11/06,2,49 466,52,155,13,20 180,10,3,,,,,,,,,,,
2026-06-10,Driving_Video_Inhouse_Promo_IDF.mp4,05/06,11/06,7,25 403,44,72,7,4 457,6,1,,,,,,,,,,,
2026-06-10,Driving_Video_Inhouse_Caption_Metro_Soleil_Variation 3.mp4_Ad name Test Cond - 3,08/06,11/06,4,29 173,33,109,7,8 045,4,3,,,,,,,,,,,
2026-06-10,Driving_Video_Getpov_Kelly_Driving_mai_9-16.mp4_Ad name Test Cond - 5,08/06,11/06,4,16 519,33,50,6,1 649,4,2,,,,,,,,,,,
2026-06-10,"T’as payé combien toi pour réviser ton code ? 👇  (commentez, on juge pas 🫣) #ornikar #MemeCut #codelaroute _Ad name Test Code 3",08/06,11/06,4,17 545,33,50,3,1 074,3,0,,,,,,,,,,,
2026-06-10,On est dans la même team?😭 #permis2026 #ornikar #permisdeconduire _Ad name Test Cond - 1,09/06,11/06,3,14 402,33,34,8,2 423,7,1,,,,,,,,,,,
2026-06-10,La réalité quand t’as pas le permis 🥲 #pov #relatable #humour #permis #amitié    _Ad name Test Cond - 2,08/06,11/06,4,17 198,33,46,2,2 482,1,1,,,,,,,,,,,
2026-06-10,Driving_Video_Inhouse_Caption_RER_Soleil_Variation 4.mp4_Ad name Test Cond - 4,08/06,11/06,4,14 523,33,57,7,3 766,6,1,,,,,,,,,,,
2026-06-10,Image carousel 6,30/01,11/06,133,20 311,28,248,4,0,3,1,,,,,,,,,,,
2026-06-10,Copie de Driving_Video_Getpov_ugc-promo-idee-fille-avec-encart-9-16_oDCadR4V.mp4,26/05,11/06,17,6 303,12,21,3,731,2,1,,,,,,,,,,,
2026-06-10,Copie de Theory_Getpov_pov-theory-10minutes-9-16_uyMdn3RF.mp4,27/08,11/06,44,3 395,12,14,5,393,3,2,,,,,,,,,,,
2026-06-10,Copie de Theory_Getpov_pov-theory-0eur-9-16_K0jI3Jxv.mp4,27/08,10/06,43,4 831,9,9,3,736,2,1,,,,,,,,,,,
2026-06-10,GETPOV_ugc-reassurance-fille-9-16 (1)_s2uBdWpS.mp4,29/04,11/06,44,1 194,3,3,0,139,0,0,,,,,,,,,,,
2026-06-10,Envoie ça à un(e) ami(e) qui révise le code ! 💜 #permisdeconduire #codedelaroute #humour #passerlepermis _LAL Ad Name,10/06,11/06,2,853,1,1,2,255,1,1,,,,,,,,,,,
2026-06-11,Driving_Video_Inhouse_Dimitri_driving_ecran_metro_soleil_9-16_StIgRAUL.mp4,01/06,11/06,11,44 192,70,207,10,15 631,5,5,,,,,,,,,,,
2026-06-11,"Si toi aussi t’oses pas poser certaines questions, on y répond 🫣 Écris en commentaire les questions auxquelles tu voudrais que notre monitrice Marjorie réponde 😎 #ornikar #permis #permisdeconduire #codedelaroute _Ad name - Driving",08/06,11/06,4,26 271,54,118,2,6 499,1,1,,,,,,,,,,,
2026-06-11,SHORT_THEORY_9-16_Maman_Rebranded_WJftBKdQ.mp4,11/07,11/06,100,12 625,39,56,6,2 472,5,1,,,,,,,,,,,
2026-06-11,Envoie ça à un(e) ami(e) qui révise le code ! 💜 #permisdeconduire #codedelaroute #humour #passerlepermis,27/05,11/06,16,15 149,30,61,1,3 452,1,0,,,,,,,,,,,
2026-06-11,"La vie est plus belle avec le permis 🥰 Courage à tout le monde pour l’examen, vous allez tout déchirer 💪 #permis #permisdeconduire #pourtoi #passerlepermis",20/05,11/06,23,10 256,24,29,0,3 192,0,0,,,,,,,,,,,
2026-06-11,Encore un signe pour passer mon permis avec Ornikar 👀 Lien en bio 👉 #permis #ornikar #permisdeconduire #autoecole,03/06,11/06,9,10 088,19,29,1,2 761,1,0,,,,,,,,,,,
2026-06-11,"Le démarrage en côte sans caler, ça s’apprend 💪 Marjorie te montre les étapes une par une. Enregistre la vidéo avant ton prochain cours 😉 #permisdeconduire #demarrageencote #permis",03/06,11/06,9,5 112,12,18,4,1 047,2,2,,,,,,,,,,,
2026-06-11,Copie de Driving_Video_Getpov_ugc-promo-1ere-ae-fille-avec-encart-9-16_uhD2ZlFA.mp4,26/05,11/06,17,4 942,10,12,0,630,0,0,,,,,,,,,,,
2026-06-11,Driving_Video_Inhouse_Promo_IDF.mp4,05/06,11/06,7,3 520,6,11,3,770,2,1,,,,,,,,,,,
2026-06-11,Image carousel 7,30/01,11/06,133,3 159,4,23,0,1,0,0,,,,,,,,,,,
2026-06-11,La réalité quand t’as pas le permis 🥲 #pov #relatable #humour #permis #amitié    _Ad name Test Cond - 2,08/06,11/06,4,2 100,4,5,0,358,0,0,,,,,,,,,,,
2026-06-11,"T’as payé combien toi pour réviser ton code ? 👇  (commentez, on juge pas 🫣) #ornikar #MemeCut #codelaroute _Ad name Test Code 3",08/06,11/06,4,2 413,4,3,0,179,0,0,,,,,,,,,,,
2026-06-11,On est dans la même team?😭 #permis2026 #ornikar #permisdeconduire _Ad name Test Cond - 1,09/06,11/06,3,1 797,4,4,0,336,0,0,,,,,,,,,,,
2026-06-11,Driving_Video_Inhouse_Caption_Metro_Soleil_Variation 3.mp4_Ad name Test Cond - 3,08/06,11/06,4,3 172,4,16,2,929,1,1,,,,,,,,,,,
2026-06-11,Driving_Video_Inhouse_Caption_RER_Soleil_Variation 4.mp4_Ad name Test Cond - 4,08/06,11/06,4,1 727,4,8,0,470,0,0,,,,,,,,,,,
2026-06-11,Driving_Video_Getpov_Kelly_Driving_mai_9-16.mp4_Ad name Test Cond - 5,08/06,11/06,4,1 492,4,4,0,146,0,0,,,,,,,,,,,
2026-06-11,Envoie ça à un(e) ami(e) qui révise le code ! 💜 #permisdeconduire #codedelaroute #humour #passerlepermis _Ad Name,10/06,11/06,2,2 672,3,4,0,833,0,0,,,,,,,,,,,
2026-06-11,Image carousel 6,30/01,11/06,133,1 397,2,14,0,0,0,0,,,,,,,,,,,
2026-06-11,Copie de Driving_Video_Getpov_ugc-promo-idee-fille-avec-encart-9-16_oDCadR4V.mp4,26/05,11/06,17,726,1,1,0,114,0,0,,,,,,,,,,,
2026-06-11,Copie de Theory_Getpov_pov-theory-10minutes-9-16_uyMdn3RF.mp4,27/08,11/06,44,374,1,0,0,48,0,0,,,,,,,,,,,
2026-06-11,GETPOV_ugc-reassurance-fille-9-16 (1)_s2uBdWpS.mp4,29/04,11/06,44,76,0,0,0,8,0,0,,,,,,,,,,,
2026-06-11,Envoie ça à un(e) ami(e) qui révise le code ! 💜 #permisdeconduire #codedelaroute #humour #passerlepermis _LAL Ad Name,10/06,11/06,2,58,0,0,0,14,0,0,,,,,,,,,,,